application_id,user_id,application_date,loan_amount,tenure_months,status
1,943,2026-05-31,150000,48,Rejected
2,1826,2026-08-19,300000,12,Approved
3,4364,2026-06-26,50000,60,Rejected
4,2374,2026-03-27,100000,60,Approved
5,1942,2026-06-04,150000,48,Disbursed
6,4038,2026-06-14,200000,60,Disbursed
7,4492,2026-05-17,100000,48,Disbursed
8,4712,2026-07-25,500000,60,Disbursed
9,2487,2026-03-05,50000,48,Rejected
10,1496,2026-07-10,750000,60,Approved
11,4182,2026-08-27,100000,60,Disbursed
12,1307,2026-05-22,1000000,24,Rejected
13,3840,2026-08-08,750000,60,Disbursed
14,3190,2026-06-02,200000,12,Rejected
15,2144,2026-03-07,500000,36,Rejected
16,4858,2026-02-15,250000,36,Incomplete
17,373,2026-07-20,500000,48,KYC Pending
18,503,2026-05-13,100000,48,Disbursed
19,3439,2026-04-07,200000,48,Approved
20,616,2026-04-11,200000,48,Disbursed
21,752,2026-07-20,100000,36,Rejected
22,1026,2026-03-02,500000,12,Approved
23,1560,2026-08-05,1000000,12,Disbursed
24,4922,2026-08-31,1000000,48,Incomplete
25,3963,2026-02-21,300000,48,Rejected
26,4744,2026-04-05,1000000,48,KYC Pending
27,4624,2026-01-17,100000,48,Disbursed
28,4273,2026-04-28,400000,12,Disbursed
29,917,2026-02-25,300000,48,Disbursed
30,1938,2026-03-20,200000,60,Disbursed
31,836,2026-03-27,400000,48,Rejected
32,3396,2026-05-01,200000,48,Disbursed
33,1352,2026-03-17,50000,24,Disbursed
34,2536,2026-07-08,1000000,60,Rejected
35,2920,2026-07-30,1000000,24,Disbursed
36,2571,2026-06-29,250000,48,KYC Pending
37,98,2026-04-24,200000,48,Approved
38,412,2026-08-23,250000,36,Disbursed
39,2642,2026-06-22,50000,60,KYC Pending
40,1194,2026-03-10,750000,48,Rejected
41,2680,2026-07-13,500000,24,Incomplete
42,4430,2026-06-18,400000,48,Disbursed
43,552,2026-08-15,200000,36,Incomplete
44,3894,2026-06-27,150000,24,Rejected
45,3219,2026-07-10,50000,48,Rejected
46,2676,2026-01-31,750000,12,Rejected
47,1266,2026-03-20,150000,12,Disbursed
48,4764,2026-05-06,100000,36,Disbursed
49,4974,2026-03-01,50000,36,Disbursed
50,941,2026-04-01,100000,12,Rejected
51,4355,2026-04-22,150000,12,Disbursed
52,1973,2026-07-16,200000,60,KYC Pending
53,3995,2026-04-12,750000,24,Disbursed
54,1693,2026-03-11,150000,60,Disbursed
55,4722,2026-08-21,100000,60,Disbursed
56,4477,2026-08-16,150000,48,Disbursed
57,4911,2026-08-31,750000,60,Disbursed
58,886,2026-05-05,300000,24,Approved
59,2649,2026-06-09,200000,12,Approved
60,4678,2026-03-09,400000,48,Disbursed
61,976,2026-06-24,400000,60,Incomplete
62,4171,2026-06-18,500000,12,Incomplete
63,4772,2026-01-25,750000,36,Incomplete
64,1030,2026-04-04,100000,36,Incomplete
65,4768,2026-05-29,400000,36,Rejected
66,1263,2026-06-08,100000,48,Rejected
67,261,2026-02-26,1000000,48,Rejected
68,3875,2026-06-05,400000,60,Rejected
69,230,2026-08-26,400000,12,Disbursed
70,4891,2026-07-30,750000,36,KYC Pending
71,425,2026-06-24,750000,12,Rejected
72,53,2026-04-08,750000,12,Rejected
73,307,2026-07-14,50000,12,Rejected
74,1987,2026-04-28,200000,12,KYC Pending
75,119,2026-03-13,500000,48,Disbursed
76,1679,2026-01-17,250000,36,Rejected
77,3959,2026-06-19,200000,24,Disbursed
78,664,2026-02-09,200000,12,Approved
79,4333,2026-05-14,200000,48,Rejected
80,3941,2026-03-21,500000,48,Rejected
81,3184,2026-03-15,750000,36,Rejected
82,3916,2026-07-13,200000,48,Rejected
83,1872,2026-07-08,500000,48,Disbursed
84,351,2026-03-24,1000000,60,Rejected
85,2848,2026-08-07,300000,48,Approved
86,462,2026-05-25,400000,36,Incomplete
87,1840,2026-03-14,150000,48,KYC Pending
88,1417,2026-05-06,250000,48,Incomplete
89,3143,2026-06-12,100000,12,KYC Pending
90,3952,2026-02-13,100000,60,KYC Pending
91,2908,2026-05-21,100000,60,Rejected
92,2050,2026-07-05,400000,48,Disbursed
93,2110,2026-07-26,1000000,48,Rejected
94,2976,2026-07-18,300000,24,Disbursed
95,1616,2026-02-14,1000000,24,Incomplete
96,3388,2026-07-16,300000,36,Disbursed
97,4967,2026-03-06,400000,12,Approved
98,396,2026-05-09,150000,36,Disbursed
99,4619,2026-03-15,200000,60,KYC Pending
100,985,2026-02-24,400000,48,Approved
101,485,2026-05-16,750000,24,Rejected
102,4164,2026-08-14,100000,36,Disbursed
103,4112,2026-06-25,50000,60,KYC Pending
104,188,2026-02-20,400000,36,Rejected
105,1403,2026-04-03,200000,60,Disbursed
106,1569,2026-07-06,100000,36,Approved
107,1151,2026-04-17,500000,24,Approved
108,4554,2026-04-08,100000,12,Rejected
109,287,2026-03-08,300000,24,Disbursed
110,1784,2026-01-20,1000000,48,Rejected
111,3796,2026-02-16,400000,24,Rejected
112,1211,2026-02-14,1000000,60,Approved
113,2280,2026-02-24,50000,48,KYC Pending
114,2809,2026-03-10,1000000,12,Rejected
115,3285,2026-06-13,100000,48,KYC Pending
116,4649,2026-06-07,100000,48,Rejected
117,167,2026-06-11,400000,24,Rejected
118,2849,2026-03-05,300000,60,Disbursed
119,4171,2026-05-12,500000,36,Rejected
120,1398,2026-01-24,150000,60,KYC Pending
121,2417,2026-05-11,300000,60,KYC Pending
122,460,2026-08-28,400000,12,Approved
123,694,2026-05-08,500000,36,Disbursed
124,2836,2026-02-15,400000,36,Disbursed
125,1538,2026-04-28,500000,48,Disbursed
126,650,2026-08-09,50000,12,Rejected
127,110,2026-01-31,1000000,36,Disbursed
128,4115,2026-03-10,750000,60,Approved
129,1538,2026-04-03,250000,48,Disbursed
130,1032,2026-07-02,200000,12,Disbursed
131,2460,2026-04-04,750000,48,Approved
132,3485,2026-03-18,150000,24,KYC Pending
133,1342,2026-04-17,750000,24,Rejected
134,1704,2026-04-25,750000,36,Disbursed
135,2914,2026-05-27,250000,60,Disbursed
136,1017,2026-08-31,300000,60,Incomplete
137,732,2026-07-08,1000000,48,Rejected
138,4572,2026-05-13,750000,48,Incomplete
139,3567,2026-05-01,400000,48,Disbursed
140,1527,2026-06-26,300000,48,Disbursed
141,3288,2026-08-02,750000,24,Rejected
142,3095,2026-03-15,1000000,48,Approved
143,3205,2026-02-23,250000,60,Rejected
144,3448,2026-07-26,50000,12,Disbursed
145,2497,2026-03-23,500000,24,Disbursed
146,2962,2026-08-02,200000,60,Rejected
147,3956,2026-02-09,150000,48,Disbursed
148,1426,2026-03-24,400000,48,Approved
149,1868,2026-06-23,300000,24,Approved
150,4850,2026-05-14,150000,48,Incomplete
151,2504,2026-07-10,400000,48,Rejected
152,4847,2026-03-30,500000,36,Disbursed
153,4593,2026-05-06,250000,12,Disbursed
154,1974,2026-01-31,750000,36,Disbursed
155,3601,2026-05-21,250000,60,Disbursed
156,1454,2026-05-07,1000000,24,Disbursed
157,2746,2026-03-03,1000000,48,Incomplete
158,2169,2026-07-20,50000,12,Rejected
159,1746,2026-07-28,250000,24,Approved
160,3669,2026-05-03,750000,36,Disbursed
161,2029,2026-05-30,1000000,36,Approved
162,1398,2026-03-01,1000000,36,Disbursed
163,4592,2026-05-24,100000,24,Disbursed
164,3838,2026-05-26,100000,36,Rejected
165,2748,2026-01-18,750000,36,Disbursed
166,3479,2026-03-26,50000,24,Disbursed
167,4841,2026-05-31,400000,48,Rejected
168,3412,2026-06-12,750000,36,Rejected
169,2236,2026-04-04,750000,60,Rejected
170,1581,2026-07-14,200000,36,Disbursed
171,62,2026-03-27,200000,24,Disbursed
172,3782,2026-03-04,250000,60,Approved
173,3209,2026-08-04,750000,12,Rejected
174,2355,2026-06-23,300000,48,KYC Pending
175,821,2026-05-03,150000,36,Disbursed
176,4977,2026-03-11,400000,60,KYC Pending
177,3974,2026-07-09,100000,36,Rejected
178,3509,2026-05-15,500000,60,Incomplete
179,3090,2026-07-05,1000000,36,KYC Pending
180,3003,2026-06-17,250000,48,Disbursed
181,3519,2026-05-29,300000,12,Incomplete
182,1333,2026-03-23,750000,12,Approved
183,3748,2026-05-03,750000,36,KYC Pending
184,2579,2026-06-26,250000,48,Disbursed
185,2546,2026-02-22,500000,24,Incomplete
186,2679,2026-04-11,200000,12,Incomplete
187,778,2026-07-13,250000,48,KYC Pending
188,2547,2026-05-09,500000,48,Disbursed
189,1451,2026-08-20,150000,12,Disbursed
190,3716,2026-03-08,50000,24,Disbursed
191,8,2026-03-22,50000,36,Approved
192,4486,2026-02-27,50000,60,Approved
193,4901,2026-03-03,1000000,48,Rejected
194,3903,2026-03-09,200000,48,KYC Pending
195,641,2026-07-26,250000,24,Incomplete
196,1418,2026-05-22,1000000,24,Rejected
197,1015,2026-06-08,50000,24,Approved
198,2465,2026-04-20,200000,24,Disbursed
199,1504,2026-02-17,300000,12,Rejected
200,4548,2026-08-05,300000,12,Disbursed
201,4028,2026-08-20,1000000,48,Disbursed
202,1953,2026-01-17,300000,48,Incomplete
203,3157,2026-08-10,250000,12,Incomplete
204,4702,2026-08-16,400000,12,Incomplete
205,3022,2026-02-16,750000,24,Disbursed
206,4564,2026-03-21,500000,48,Rejected
207,2675,2026-02-22,200000,12,Approved
208,3892,2026-03-17,300000,48,Rejected
209,4275,2026-07-07,1000000,36,Incomplete
210,2481,2026-02-10,100000,60,KYC Pending
211,3589,2026-03-28,500000,12,KYC Pending
212,4310,2026-04-06,250000,48,Disbursed
213,2608,2026-04-21,500000,24,Disbursed
214,1848,2026-07-28,50000,60,Incomplete
215,64,2026-02-14,750000,36,Rejected
216,779,2026-06-26,400000,12,KYC Pending
217,2583,2026-08-19,50000,60,KYC Pending
218,1474,2026-04-20,1000000,36,Disbursed
219,3777,2026-05-12,100000,12,Disbursed
220,2818,2026-08-01,150000,36,Approved
221,3007,2026-08-12,250000,48,Disbursed
222,1726,2026-07-01,300000,24,Rejected
223,3415,2026-01-16,150000,60,Rejected
224,388,2026-03-18,250000,60,KYC Pending
225,2959,2026-03-30,200000,12,KYC Pending
226,3465,2026-02-27,150000,36,Approved
227,3445,2026-07-23,300000,12,Incomplete
228,1677,2026-08-27,750000,60,Approved
229,4460,2026-07-15,100000,24,Approved
230,4677,2026-07-20,1000000,24,Rejected
231,1523,2026-08-27,500000,24,Rejected
232,1178,2026-04-05,1000000,12,Disbursed
233,1082,2026-02-05,500000,12,Disbursed
234,4581,2026-07-02,50000,12,Disbursed
235,2316,2026-07-17,50000,36,Rejected
236,3928,2026-03-01,150000,48,Disbursed
237,1088,2026-05-29,750000,24,Approved
238,2310,2026-07-13,400000,60,Disbursed
239,2800,2026-08-07,750000,36,Disbursed
240,231,2026-03-16,150000,12,Disbursed
241,1013,2026-06-02,1000000,48,Approved
242,1353,2026-05-07,750000,36,KYC Pending
243,1983,2026-07-04,500000,12,KYC Pending
244,818,2026-08-22,300000,48,KYC Pending
245,82,2026-07-02,750000,48,Disbursed
246,4777,2026-02-19,500000,48,Incomplete
247,4627,2026-03-01,500000,48,Approved
248,1216,2026-06-25,500000,60,Approved
249,1562,2026-03-15,200000,60,Rejected
250,2636,2026-08-06,250000,60,Rejected
251,4699,2026-06-18,50000,12,Disbursed
252,4274,2026-03-10,150000,24,Approved
253,4812,2026-04-09,50000,12,Rejected
254,1499,2026-05-12,150000,48,KYC Pending
255,3129,2026-04-04,400000,60,Rejected
256,4084,2026-03-08,200000,36,Incomplete
257,3932,2026-06-16,500000,36,Disbursed
258,4335,2026-03-28,300000,24,Rejected
259,4445,2026-07-07,200000,48,Approved
260,1273,2026-06-17,400000,36,Approved
261,4361,2026-06-10,300000,36,Incomplete
262,3595,2026-06-28,250000,24,Rejected
263,1287,2026-03-10,300000,36,KYC Pending
264,587,2026-04-10,1000000,48,Rejected
265,3354,2026-08-23,300000,24,Disbursed
266,885,2026-07-24,250000,36,Incomplete
267,1016,2026-02-26,200000,12,KYC Pending
268,1846,2026-04-10,250000,48,Disbursed
269,329,2026-03-21,50000,24,KYC Pending
270,3734,2026-06-29,100000,36,Rejected
271,1244,2026-04-08,50000,36,KYC Pending
272,3216,2026-08-17,250000,12,KYC Pending
273,797,2026-02-01,150000,36,KYC Pending
274,1340,2026-05-04,100000,60,KYC Pending
275,2683,2026-07-18,200000,36,Incomplete
276,1441,2026-05-28,1000000,48,Rejected
277,3062,2026-06-21,400000,24,KYC Pending
278,2507,2026-05-14,200000,12,Rejected
279,2145,2026-07-22,300000,48,Disbursed
280,4839,2026-05-05,750000,36,Disbursed
281,3627,2026-04-01,1000000,12,Rejected
282,1791,2026-07-28,200000,60,Approved
283,1647,2026-05-22,100000,48,KYC Pending
284,4871,2026-06-24,750000,36,KYC Pending
285,3988,2026-08-31,50000,36,Rejected
286,1781,2026-06-20,150000,48,Rejected
287,633,2026-04-18,50000,60,Disbursed
288,4660,2026-05-12,50000,60,KYC Pending
289,1726,2026-06-25,1000000,60,Rejected
290,2222,2026-03-01,400000,48,Disbursed
291,2137,2026-08-20,500000,12,Rejected
292,1529,2026-07-18,250000,24,Disbursed
293,4383,2026-03-12,300000,24,Disbursed
294,2650,2026-02-25,1000000,24,Disbursed
295,4944,2026-03-07,300000,36,Approved
296,422,2026-08-31,1000000,60,Disbursed
297,1984,2026-02-13,50000,24,Disbursed
298,1442,2026-06-09,1000000,24,Disbursed
299,3377,2026-08-24,200000,36,Disbursed
300,2218,2026-05-02,50000,24,Incomplete
301,3041,2026-06-03,300000,48,Rejected
302,4279,2026-07-22,1000000,12,Rejected
303,2002,2026-05-17,300000,12,KYC Pending
304,608,2026-01-14,200000,60,KYC Pending
305,1058,2026-08-21,1000000,12,Disbursed
306,1007,2026-04-17,250000,24,Disbursed
307,349,2026-05-30,200000,48,KYC Pending
308,4509,2026-03-07,750000,12,Rejected
309,20,2026-08-02,1000000,24,Approved
310,663,2026-08-03,100000,12,Rejected
311,3812,2026-06-23,1000000,24,Disbursed
312,394,2026-05-25,750000,12,Incomplete
313,3611,2026-05-03,100000,36,Incomplete
314,4246,2026-08-23,200000,24,Disbursed
315,2902,2026-04-09,500000,12,Disbursed
316,2754,2026-02-07,300000,48,Disbursed
317,2597,2026-04-29,250000,36,Approved
318,557,2026-05-24,1000000,36,KYC Pending
319,945,2026-03-11,50000,48,Rejected
320,3820,2026-05-21,50000,36,Incomplete
321,3909,2026-06-30,100000,12,Incomplete
322,3114,2026-03-31,400000,36,Disbursed
323,1305,2026-05-17,500000,60,Disbursed
324,470,2026-02-16,50000,12,Rejected
325,4692,2026-04-06,1000000,36,Disbursed
326,1516,2026-07-15,50000,36,Disbursed
327,4193,2026-02-17,200000,24,KYC Pending
328,2660,2026-04-23,300000,24,Incomplete
329,229,2026-06-01,50000,24,Disbursed
330,68,2026-07-28,300000,24,Disbursed
331,4099,2026-07-05,150000,36,KYC Pending
332,4368,2026-06-26,750000,36,Incomplete
333,2915,2026-07-16,200000,60,Approved
334,2027,2026-04-23,250000,60,KYC Pending
335,4902,2026-07-25,500000,12,Rejected
336,993,2026-02-19,500000,60,Incomplete
337,1537,2026-01-26,400000,24,Rejected
338,235,2026-04-03,250000,48,Disbursed
339,3006,2026-06-10,200000,36,Disbursed
340,4088,2026-05-09,50000,36,Incomplete
341,3072,2026-07-14,50000,12,Disbursed
342,2653,2026-08-02,200000,60,Rejected
343,746,2026-01-18,50000,60,Rejected
344,2134,2026-08-09,1000000,60,Approved
345,1490,2026-07-11,50000,36,Rejected
346,2693,2026-03-24,400000,36,Rejected
347,955,2026-06-23,750000,24,Rejected
348,1767,2026-02-02,500000,48,KYC Pending
349,3195,2026-02-14,200000,48,Approved
350,568,2026-02-24,1000000,12,Disbursed
351,2971,2026-05-06,150000,36,Incomplete
352,448,2026-01-24,400000,48,Disbursed
353,4533,2026-02-13,150000,60,Rejected
354,4966,2026-03-24,400000,60,Disbursed
355,4861,2026-06-07,750000,48,Rejected
356,4860,2026-05-05,150000,48,Incomplete
357,3525,2026-05-26,150000,36,Rejected
358,2327,2026-06-25,500000,24,Disbursed
359,2657,2026-01-20,1000000,36,Rejected
360,221,2026-07-09,200000,60,Approved
361,2823,2026-06-24,500000,36,Rejected
362,388,2026-03-31,50000,24,Rejected
363,2950,2026-01-29,100000,24,Rejected
364,884,2026-06-09,50000,36,Disbursed
365,2274,2026-04-05,50000,48,Approved
366,2483,2026-05-21,750000,36,Rejected
367,1479,2026-02-12,250000,24,Disbursed
368,4013,2026-04-01,100000,24,Approved
369,1957,2026-05-22,750000,12,Disbursed
370,1560,2026-07-27,500000,24,Approved
371,1137,2026-05-25,250000,24,Approved
372,3463,2026-01-23,750000,12,Rejected
373,4309,2026-06-11,1000000,48,Rejected
374,2783,2026-03-05,300000,36,Incomplete
375,4730,2026-05-03,100000,48,Disbursed
376,1694,2026-08-05,100000,48,Disbursed
377,4470,2026-08-16,50000,60,Disbursed
378,4190,2026-07-22,150000,24,Incomplete
379,2020,2026-05-26,300000,60,Incomplete
380,2817,2026-04-01,500000,36,Incomplete
381,2498,2026-02-11,250000,48,Incomplete
382,605,2026-06-10,200000,60,Rejected
383,2162,2026-07-15,300000,60,Disbursed
384,3770,2026-08-14,750000,60,KYC Pending
385,1039,2026-05-03,750000,12,Disbursed
386,161,2026-03-27,300000,36,Disbursed
387,1348,2026-02-27,200000,48,Disbursed
388,1263,2026-05-02,100000,48,KYC Pending
389,447,2026-08-24,500000,12,Disbursed
390,2269,2026-07-17,50000,60,Rejected
391,838,2026-04-25,1000000,60,Rejected
392,2600,2026-06-17,1000000,60,Rejected
393,3647,2026-01-09,200000,24,KYC Pending
394,4843,2026-06-22,300000,24,KYC Pending
395,4370,2026-05-05,400000,60,Disbursed
396,647,2026-02-23,500000,24,Disbursed
397,1300,2026-03-25,50000,48,Disbursed
398,3406,2026-04-17,1000000,12,Disbursed
399,181,2026-04-01,500000,60,Approved
400,339,2026-06-15,300000,48,Rejected
401,1272,2026-05-18,250000,12,Incomplete
402,2727,2026-01-16,50000,48,Disbursed
403,1899,2026-08-21,50000,48,Rejected
404,4461,2026-08-27,300000,36,Incomplete
405,4199,2026-07-30,1000000,60,Rejected
406,3109,2026-02-26,100000,24,Disbursed
407,2487,2026-03-27,150000,36,KYC Pending
408,608,2026-01-18,250000,48,KYC Pending
409,2781,2026-06-16,200000,36,KYC Pending
410,4363,2026-05-19,150000,12,Rejected
411,3885,2026-03-23,300000,60,Disbursed
412,1922,2026-03-07,500000,12,Approved
413,3082,2026-03-31,200000,12,Approved
414,3549,2026-07-05,300000,36,Disbursed
415,4787,2026-06-06,250000,24,KYC Pending
416,4790,2026-02-16,1000000,60,Approved
417,1844,2026-04-01,1000000,48,Incomplete
418,3841,2026-04-12,400000,60,Incomplete
419,4263,2026-06-29,150000,12,Approved
420,4824,2026-08-24,50000,12,Disbursed
421,4265,2026-04-11,400000,24,Approved
422,2771,2026-03-15,1000000,24,Disbursed
423,3756,2026-07-13,750000,24,Disbursed
424,3197,2026-06-04,750000,48,Incomplete
425,4135,2026-07-22,50000,48,KYC Pending
426,2180,2026-02-05,100000,24,Approved
427,1808,2026-08-21,400000,12,Approved
428,3922,2026-06-24,300000,48,Rejected
429,4145,2026-06-21,50000,48,Approved
430,2335,2026-06-01,150000,60,Disbursed
431,3706,2026-05-31,100000,48,Approved
432,1728,2026-07-10,300000,48,Approved
433,4701,2026-02-09,300000,12,KYC Pending
434,1758,2026-04-11,250000,24,Approved
435,3609,2026-01-22,1000000,60,Disbursed
436,2915,2026-07-17,400000,48,Rejected
437,1808,2026-07-24,500000,36,KYC Pending
438,2231,2026-03-21,300000,48,Disbursed
439,1396,2026-03-18,50000,48,Disbursed
440,1807,2026-07-11,500000,24,Incomplete
441,4045,2026-02-08,1000000,24,Approved
442,4609,2026-03-04,250000,48,Approved
443,2798,2026-07-06,250000,24,Disbursed
444,964,2026-02-07,500000,36,Disbursed
445,583,2026-06-11,1000000,60,Rejected
446,4597,2026-05-10,300000,48,Rejected
447,2847,2026-07-03,250000,60,Approved
448,157,2026-05-19,750000,48,Disbursed
449,1903,2026-06-23,300000,24,Incomplete
450,4340,2026-06-19,100000,12,KYC Pending
451,329,2026-03-29,300000,12,KYC Pending
452,2951,2026-03-10,750000,36,Disbursed
453,1081,2026-03-30,200000,36,Rejected
454,2873,2026-07-17,400000,36,Disbursed
455,1218,2026-05-19,500000,60,KYC Pending
456,453,2026-06-25,500000,36,Approved
457,4535,2026-08-05,750000,36,Incomplete
458,3363,2026-03-01,100000,36,Rejected
459,1069,2026-06-29,150000,60,Disbursed
460,1128,2026-04-12,250000,36,Approved
461,4189,2026-02-17,1000000,24,Incomplete
462,2562,2026-04-17,300000,60,Rejected
463,3654,2026-04-26,200000,36,Rejected
464,1493,2026-06-06,250000,36,Rejected
465,3914,2026-02-02,750000,48,KYC Pending
466,4058,2026-03-15,500000,12,Rejected
467,2385,2026-04-25,400000,12,Approved
468,1270,2026-06-29,500000,12,Rejected
469,4202,2026-04-11,400000,24,Disbursed
470,2483,2026-06-06,50000,48,Disbursed
471,4994,2026-07-15,100000,60,Approved
472,4915,2026-07-28,750000,60,KYC Pending
473,2609,2026-07-24,250000,48,Approved
474,1860,2026-06-10,250000,48,Rejected
475,2594,2026-02-28,1000000,60,Approved
476,2932,2026-06-14,400000,48,Incomplete
477,4816,2026-04-09,500000,48,Disbursed
478,4385,2026-07-10,150000,12,Approved
479,4923,2026-01-04,400000,24,Rejected
480,3214,2026-07-08,300000,48,Incomplete
481,730,2026-03-29,200000,24,Disbursed
482,3272,2026-04-19,200000,12,Rejected
483,3720,2026-03-16,50000,36,KYC Pending
484,3156,2026-04-15,300000,36,Rejected
485,410,2026-04-18,500000,12,KYC Pending
486,859,2026-06-23,100000,36,Approved
487,2213,2026-08-03,400000,60,Incomplete
488,4378,2026-03-27,750000,36,Rejected
489,1937,2026-07-24,150000,36,Approved
490,2161,2026-06-07,200000,60,KYC Pending
491,231,2026-02-28,250000,12,Approved
492,2812,2026-06-08,200000,24,Disbursed
493,1934,2026-08-20,1000000,12,Rejected
494,1564,2026-03-01,200000,24,Incomplete
495,1444,2026-04-02,300000,48,Rejected
496,3498,2026-03-24,300000,48,Disbursed
497,3862,2026-06-22,50000,36,Approved
498,4356,2026-04-15,100000,60,Rejected
499,4784,2026-06-30,300000,24,KYC Pending
500,2009,2026-04-09,750000,24,Rejected
501,1916,2026-06-30,150000,12,Disbursed
502,2743,2026-06-06,500000,48,Incomplete
503,4429,2026-07-25,200000,12,Disbursed
504,2518,2026-08-02,150000,36,Approved
505,2949,2026-02-01,1000000,36,KYC Pending
506,4469,2026-05-25,300000,24,Rejected
507,972,2026-05-08,1000000,36,KYC Pending
508,1805,2026-02-27,250000,48,KYC Pending
509,3393,2026-06-29,200000,36,Incomplete
510,665,2026-07-01,750000,36,Disbursed
511,1399,2026-07-04,100000,24,KYC Pending
512,4211,2026-08-31,200000,60,Disbursed
513,4463,2026-07-08,750000,12,KYC Pending
514,4540,2026-04-06,200000,12,Disbursed
515,2922,2026-07-28,100000,48,Rejected
516,1489,2026-04-03,100000,48,Disbursed
517,1093,2026-03-10,100000,24,Disbursed
518,4579,2026-07-03,250000,60,Disbursed
519,1438,2026-03-24,200000,12,Rejected
520,2534,2026-02-13,750000,12,Incomplete
521,3380,2026-08-23,50000,36,KYC Pending
522,4341,2026-01-02,200000,60,Rejected
523,2171,2026-01-13,50000,36,Rejected
524,2308,2026-07-04,200000,24,Disbursed
525,3811,2026-02-21,50000,60,Rejected
526,1768,2026-08-21,300000,60,Disbursed
527,3096,2026-01-09,1000000,48,KYC Pending
528,786,2026-08-21,150000,36,Approved
529,775,2026-06-15,50000,24,Disbursed
530,704,2026-08-30,200000,24,Disbursed
531,4809,2026-05-28,400000,48,Disbursed
532,4495,2026-04-10,500000,48,Approved
533,4797,2026-06-19,250000,12,Disbursed
534,982,2026-02-08,400000,12,Disbursed
535,1612,2026-02-11,250000,48,Approved
536,1681,2026-03-29,500000,48,Rejected
537,3645,2026-03-09,250000,36,Rejected
538,1120,2026-02-08,100000,60,Incomplete
539,3409,2026-05-01,500000,24,KYC Pending
540,4484,2026-07-30,150000,12,Disbursed
541,1294,2026-04-25,300000,48,Disbursed
542,4625,2026-08-31,250000,12,Rejected
543,4426,2026-04-13,500000,12,KYC Pending
544,1580,2026-08-12,1000000,36,Approved
545,439,2026-06-07,1000000,36,Rejected
546,4746,2026-08-06,500000,36,Rejected
547,654,2026-07-16,200000,36,Disbursed
548,4418,2026-05-03,750000,24,Rejected
549,1605,2026-06-12,50000,12,KYC Pending
550,2975,2026-03-16,150000,60,Rejected
551,2981,2026-08-03,50000,36,Approved
552,2802,2026-06-30,300000,36,Disbursed
553,3254,2026-06-05,500000,60,KYC Pending
554,4201,2026-08-01,300000,48,Disbursed
555,190,2026-06-24,500000,12,Disbursed
556,2918,2026-04-23,250000,36,KYC Pending
557,4228,2026-02-21,200000,12,Rejected
558,4658,2026-08-20,200000,60,KYC Pending
559,4076,2026-06-15,200000,48,Disbursed
560,495,2026-07-05,300000,24,Incomplete
561,1051,2026-01-20,100000,60,Incomplete
562,338,2026-02-07,400000,48,Rejected
563,3294,2026-01-27,750000,48,Rejected
564,3296,2026-04-10,300000,48,Rejected
565,3685,2026-03-25,50000,24,Disbursed
566,2164,2026-07-19,400000,60,Disbursed
567,4982,2026-05-26,500000,36,Disbursed
568,1723,2026-03-25,300000,48,Rejected
569,3152,2026-06-18,150000,60,Incomplete
570,2856,2026-03-21,500000,48,Rejected
571,1365,2026-03-14,50000,24,Rejected
572,4897,2026-06-11,250000,36,Approved
573,1978,2026-06-04,250000,12,Disbursed
574,4813,2026-02-12,150000,36,Rejected
575,1896,2026-07-13,400000,48,Approved
576,624,2026-04-30,400000,24,Disbursed
577,3355,2026-06-09,200000,24,Disbursed
578,390,2026-06-16,250000,24,Incomplete
579,1404,2026-06-21,100000,60,Disbursed
580,4464,2026-05-12,500000,24,Disbursed
581,2434,2026-04-22,400000,36,Disbursed
582,469,2026-03-21,150000,48,Disbursed
583,477,2026-04-29,150000,60,Rejected
584,492,2026-03-23,500000,60,Disbursed
585,1191,2026-05-24,300000,12,Disbursed
586,350,2026-06-26,500000,24,KYC Pending
587,332,2026-04-05,1000000,60,Rejected
588,810,2026-06-14,200000,60,Disbursed
589,3120,2026-05-27,250000,24,Incomplete
590,2430,2026-01-28,1000000,60,Rejected
591,4566,2026-07-31,250000,48,Disbursed
592,2860,2026-02-24,150000,48,Disbursed
593,2087,2026-06-15,150000,24,Disbursed
594,1862,2026-08-11,50000,36,KYC Pending
595,475,2026-02-10,150000,48,Rejected
596,3824,2026-04-08,200000,48,Rejected
597,3573,2026-02-18,50000,60,Rejected
598,3688,2026-07-11,100000,12,Approved
599,1976,2026-04-30,500000,24,KYC Pending
600,2376,2026-08-22,300000,24,Rejected
601,3253,2026-01-08,750000,24,Approved
602,3290,2026-07-04,750000,24,Disbursed
603,88,2026-05-27,150000,24,Disbursed
604,2226,2026-05-23,400000,60,Incomplete
605,3391,2026-03-23,100000,36,Disbursed
606,3044,2026-01-19,400000,48,Disbursed
607,1122,2026-08-31,100000,48,Rejected
608,3650,2026-03-25,400000,36,Rejected
609,185,2026-03-12,50000,12,Disbursed
610,1608,2026-06-25,400000,12,Rejected
611,3784,2026-07-12,150000,60,Disbursed
612,2327,2026-07-09,100000,60,Disbursed
613,667,2026-03-22,300000,12,Rejected
614,4552,2026-03-13,400000,60,Disbursed
615,3796,2026-02-16,150000,60,Disbursed
616,3134,2026-01-08,200000,36,Approved
617,3370,2026-03-13,500000,12,Rejected
618,177,2026-02-18,750000,12,KYC Pending
619,2524,2026-05-05,50000,24,KYC Pending
620,3088,2026-04-13,300000,48,Rejected
621,3930,2026-03-31,750000,12,KYC Pending
622,4109,2026-07-30,1000000,24,Rejected
623,4238,2026-08-25,150000,12,KYC Pending
624,3737,2026-05-19,300000,60,Rejected
625,3196,2026-05-01,400000,12,Disbursed
626,1362,2026-01-17,400000,12,Rejected
627,558,2026-03-16,250000,48,Rejected
628,735,2026-02-11,50000,60,Disbursed
629,4823,2026-05-12,50000,48,Incomplete
630,4358,2026-05-09,300000,48,KYC Pending
631,992,2026-08-07,1000000,12,Rejected
632,2067,2026-08-31,50000,36,KYC Pending
633,4654,2026-04-15,300000,24,Rejected
634,129,2026-06-26,300000,24,Rejected
635,4523,2026-01-30,100000,48,Disbursed
636,285,2026-06-07,100000,48,Rejected
637,4176,2026-03-21,1000000,60,KYC Pending
638,4783,2026-05-26,400000,48,Disbursed
639,3629,2026-02-17,150000,24,Incomplete
640,1091,2026-06-14,150000,36,Rejected
641,2643,2026-01-08,750000,36,Rejected
642,1282,2026-02-25,300000,12,KYC Pending
643,2687,2026-02-03,300000,24,Rejected
644,4969,2026-01-16,300000,60,Rejected
645,30,2026-06-06,100000,12,Incomplete
646,365,2026-07-24,250000,36,KYC Pending
647,519,2026-03-30,100000,36,Incomplete
648,3111,2026-08-21,750000,24,Incomplete
649,4002,2026-07-19,500000,48,Disbursed
650,2836,2026-02-01,500000,60,Disbursed
651,433,2026-07-10,400000,36,Disbursed
652,718,2026-02-18,400000,24,KYC Pending
653,3016,2026-05-13,200000,48,KYC Pending
654,3308,2026-01-27,300000,24,KYC Pending
655,4368,2026-07-27,750000,24,Approved
656,2811,2026-07-21,50000,36,KYC Pending
657,4633,2026-05-26,50000,60,Disbursed
658,814,2026-03-11,100000,24,Disbursed
659,794,2026-04-04,500000,36,Incomplete
660,4150,2026-06-03,250000,24,KYC Pending
661,3643,2026-06-16,250000,36,KYC Pending
662,2399,2026-05-20,500000,36,Approved
663,3334,2026-01-28,200000,24,Rejected
664,1315,2026-03-21,50000,12,Disbursed
665,1899,2026-08-14,300000,60,Rejected
666,3536,2026-03-21,750000,48,Incomplete
667,2019,2026-01-13,100000,36,Rejected
668,94,2026-05-12,750000,24,KYC Pending
669,251,2026-05-10,200000,12,Rejected
670,3345,2026-08-12,50000,36,Disbursed
671,562,2026-07-23,250000,12,Disbursed
672,1553,2026-04-06,150000,60,Approved
673,3948,2026-05-24,750000,48,Disbursed
674,4788,2026-05-09,300000,60,KYC Pending
675,3836,2026-04-18,400000,12,Disbursed
676,4837,2026-06-18,1000000,60,Incomplete
677,356,2026-06-20,250000,48,Rejected
678,828,2026-04-19,500000,60,Rejected
679,4589,2026-02-09,750000,12,Rejected
680,263,2026-06-08,300000,60,Rejected
681,900,2026-04-28,400000,24,Disbursed
682,4167,2026-02-14,750000,48,Incomplete
683,2077,2026-08-11,100000,48,Disbursed
684,863,2026-07-21,150000,24,Disbursed
685,4247,2026-07-22,300000,36,Rejected
686,3418,2026-03-19,1000000,24,Rejected
687,1184,2026-07-10,400000,36,Approved
688,1874,2026-08-03,500000,60,Rejected
689,3562,2026-06-27,400000,12,Disbursed
690,144,2026-08-16,1000000,48,Disbursed
691,1601,2026-05-07,500000,48,Rejected
692,2803,2026-07-04,500000,24,Disbursed
693,4457,2026-05-07,750000,48,Disbursed
694,705,2026-07-05,200000,24,Disbursed
695,3250,2026-02-26,400000,36,Rejected
696,3971,2026-06-15,250000,48,Rejected
697,2589,2026-02-19,50000,24,Rejected
698,1412,2026-03-20,750000,36,Rejected
699,1033,2026-06-12,300000,12,Rejected
700,4640,2026-08-18,750000,12,Rejected
701,4110,2026-07-16,200000,24,Rejected
702,4524,2026-06-27,50000,36,Rejected
703,4926,2026-04-28,100000,36,Rejected
704,4656,2026-03-18,100000,12,Rejected
705,2904,2026-08-06,1000000,48,Incomplete
706,3702,2026-07-07,500000,36,KYC Pending
707,890,2026-07-21,200000,24,Disbursed
708,3534,2026-06-17,100000,12,Disbursed
709,4914,2026-03-15,1000000,48,Rejected
710,1225,2026-07-04,400000,12,Disbursed
711,2017,2026-04-14,150000,48,Approved
712,1155,2026-05-21,500000,12,Rejected
713,3357,2026-06-06,150000,24,Incomplete
714,4683,2026-05-25,1000000,12,Rejected
715,4331,2026-04-20,100000,24,Rejected
716,720,2026-04-20,50000,48,KYC Pending
717,3493,2026-07-22,100000,12,KYC Pending
718,2928,2026-02-14,200000,60,Rejected
719,716,2026-06-24,200000,36,Rejected
720,344,2026-04-20,50000,36,Disbursed
721,1893,2026-06-23,250000,24,Rejected
722,3541,2026-04-09,250000,12,KYC Pending
723,1783,2026-08-17,200000,12,Incomplete
724,3752,2026-04-23,500000,36,Disbursed
725,4824,2026-08-03,1000000,60,Rejected
726,4578,2026-06-11,400000,36,Incomplete
727,4493,2026-01-12,500000,60,Rejected
728,2701,2026-06-08,500000,24,Rejected
729,4043,2026-04-26,50000,12,Rejected
730,534,2026-06-22,400000,60,Rejected
731,4196,2026-06-13,1000000,24,Incomplete
732,3961,2026-06-25,750000,36,Rejected
733,2561,2026-07-07,1000000,60,Disbursed
734,3272,2026-03-29,200000,60,Approved
735,3098,2026-04-16,500000,48,Disbursed
736,2685,2026-08-04,300000,36,Disbursed
737,4444,2026-04-15,300000,12,Disbursed
738,2839,2026-06-01,300000,60,Approved
739,1855,2026-04-10,150000,24,Rejected
740,2780,2026-03-25,250000,36,KYC Pending
741,3627,2026-04-06,150000,24,Disbursed
742,4690,2026-06-05,300000,36,Approved
743,1451,2026-07-31,400000,48,KYC Pending
744,4579,2026-08-10,500000,12,Rejected
745,1235,2026-02-01,400000,48,Rejected
746,914,2026-01-19,500000,24,Rejected
747,1401,2026-02-04,200000,36,Rejected
748,4270,2026-08-08,750000,24,KYC Pending
749,1041,2026-04-16,400000,24,Incomplete
750,2270,2026-08-23,200000,24,Incomplete
751,4014,2026-08-18,500000,48,KYC Pending
752,406,2026-07-14,1000000,12,Approved
753,1848,2026-08-03,500000,60,Approved
754,2752,2026-06-17,200000,12,Rejected
755,3642,2026-03-11,300000,12,Disbursed
756,2475,2026-03-22,50000,12,Disbursed
757,4639,2026-08-07,750000,48,Incomplete
758,2233,2026-07-27,750000,60,KYC Pending
759,4972,2026-07-23,750000,12,Rejected
760,3696,2026-06-07,150000,12,Rejected
761,3592,2026-08-18,400000,36,Disbursed
762,4386,2026-06-10,1000000,48,Rejected
763,2678,2026-08-06,250000,60,Disbursed
764,1392,2026-02-17,300000,24,Disbursed
765,508,2026-06-17,750000,60,Disbursed
766,1891,2026-06-17,150000,24,Approved
767,2035,2026-06-17,500000,24,Disbursed
768,1689,2026-04-25,750000,36,Rejected
769,347,2026-08-26,300000,48,Disbursed
770,3760,2026-05-25,150000,48,Rejected
771,4190,2026-06-24,200000,48,Rejected
772,2945,2026-02-02,200000,36,Rejected
773,780,2026-02-17,400000,48,Approved
774,4871,2026-06-16,50000,36,Approved
775,933,2026-03-04,150000,60,Disbursed
776,1777,2026-04-25,200000,24,KYC Pending
777,765,2026-05-11,1000000,12,Disbursed
778,683,2026-02-23,1000000,48,Disbursed
779,1457,2026-03-03,200000,36,KYC Pending
780,2040,2026-07-28,500000,48,Approved
781,2597,2026-04-09,100000,48,KYC Pending
782,2361,2026-04-03,500000,12,Disbursed
783,2205,2026-06-21,400000,48,Approved
784,3613,2026-02-05,750000,12,Approved
785,99,2026-03-11,200000,48,Approved
786,3298,2026-01-28,400000,60,Rejected
787,4676,2026-07-14,100000,60,Disbursed
788,1677,2026-08-01,300000,36,KYC Pending
789,4632,2026-02-22,300000,48,Rejected
790,2113,2026-02-22,50000,24,Rejected
791,4034,2026-06-26,300000,12,Disbursed
792,41,2026-06-24,1000000,24,Rejected
793,4353,2026-08-05,200000,12,Disbursed
794,1072,2026-02-27,400000,36,Incomplete
795,1023,2026-01-16,150000,12,Rejected
796,4590,2026-02-12,1000000,24,KYC Pending
797,511,2026-06-25,1000000,48,Disbursed
798,3230,2026-05-19,500000,24,Rejected
799,2091,2026-08-02,300000,36,Approved
800,3333,2026-07-23,250000,48,Disbursed
801,831,2026-05-01,300000,60,Rejected
802,4116,2026-08-02,300000,12,Approved
803,4068,2026-07-17,500000,12,Rejected
804,3124,2026-07-15,400000,12,Rejected
805,2626,2026-06-03,400000,12,KYC Pending
806,146,2026-02-21,750000,12,KYC Pending
807,1672,2026-06-02,400000,24,Rejected
808,2132,2026-05-23,100000,36,Disbursed
809,1419,2026-05-11,250000,48,KYC Pending
810,2463,2026-06-29,400000,60,Incomplete
811,2321,2026-03-26,150000,12,KYC Pending
812,81,2026-02-04,400000,24,Rejected
813,4773,2026-03-13,150000,36,Rejected
814,4312,2026-03-18,400000,48,Approved
815,4826,2026-05-02,500000,48,Disbursed
816,4210,2026-02-08,150000,36,Disbursed
817,2081,2026-03-05,100000,60,Rejected
818,2656,2026-04-14,100000,24,Approved
819,3746,2026-07-03,300000,24,Disbursed
820,160,2026-03-20,500000,60,Disbursed
821,790,2026-05-26,150000,60,Rejected
822,3573,2026-01-10,200000,60,Disbursed
823,837,2026-02-11,500000,36,Incomplete
824,4257,2026-08-01,250000,24,Disbursed
825,3529,2026-05-04,150000,12,Approved
826,4783,2026-04-29,1000000,36,Rejected
827,2508,2026-02-03,750000,36,Disbursed
828,4096,2026-03-21,500000,60,Disbursed
829,2967,2026-07-25,1000000,48,Incomplete
830,4454,2026-03-08,100000,24,Disbursed
831,3689,2026-07-18,300000,48,Rejected
832,3158,2026-07-31,250000,24,KYC Pending
833,1558,2026-03-09,400000,24,KYC Pending
834,484,2026-06-03,250000,48,Disbursed
835,1897,2026-05-14,400000,48,Incomplete
836,2607,2026-03-10,300000,36,Rejected
837,4357,2026-05-29,100000,12,Incomplete
838,2630,2026-03-26,100000,48,Rejected
839,3998,2026-04-06,150000,24,Disbursed
840,3327,2026-04-25,300000,36,Rejected
841,92,2026-06-29,150000,60,Disbursed
842,1447,2026-06-01,300000,48,Disbursed
843,4532,2026-03-10,100000,36,Approved
844,3904,2026-05-10,750000,36,Rejected
845,1750,2026-05-03,300000,24,KYC Pending
846,513,2026-07-18,100000,48,Approved
847,3934,2026-03-13,750000,48,Approved
848,1867,2026-02-14,100000,24,KYC Pending
849,1086,2026-05-25,400000,36,KYC Pending
850,1804,2026-05-22,200000,24,Disbursed
851,3414,2026-07-26,750000,24,KYC Pending
852,3356,2026-02-17,150000,24,Disbursed
853,2225,2026-06-21,200000,36,KYC Pending
854,1802,2026-06-28,500000,48,Rejected
855,3940,2026-04-21,400000,48,Disbursed
856,1567,2026-04-07,50000,12,KYC Pending
857,3972,2026-06-30,100000,12,KYC Pending
858,686,2026-06-02,250000,48,Rejected
859,4342,2026-07-15,750000,60,KYC Pending
860,1704,2026-04-25,200000,60,Rejected
861,1188,2026-06-21,750000,60,KYC Pending
862,3843,2026-04-25,150000,48,Approved
863,1081,2026-03-08,500000,24,Rejected
864,4886,2026-03-23,1000000,60,Rejected
865,1100,2026-03-02,300000,12,Incomplete
866,3985,2026-06-14,500000,48,KYC Pending
867,3181,2026-05-06,1000000,36,Disbursed
868,3669,2026-04-19,750000,12,Incomplete
869,4805,2026-08-11,100000,60,Rejected
870,2196,2026-05-22,300000,60,Rejected
871,1449,2026-08-20,250000,12,Disbursed
872,2983,2026-02-20,200000,48,KYC Pending
873,1020,2026-02-17,50000,36,Disbursed
874,59,2026-07-22,200000,24,Incomplete
875,2105,2026-06-30,150000,60,Disbursed
876,4219,2026-02-02,100000,12,Rejected
877,849,2026-05-04,100000,12,Rejected
878,3332,2026-02-20,750000,48,Rejected
879,1241,2026-03-10,250000,12,Disbursed
880,39,2026-06-07,50000,24,Disbursed
881,4773,2026-02-06,400000,60,Approved
882,1007,2026-03-29,200000,24,Disbursed
883,2837,2026-05-10,100000,12,Disbursed
884,3608,2026-02-26,1000000,36,Rejected
885,2684,2026-03-28,300000,48,Incomplete
886,230,2026-08-20,150000,12,Rejected
887,1154,2026-05-03,500000,60,KYC Pending
888,2691,2026-05-18,200000,60,Disbursed
889,117,2026-05-04,250000,60,Disbursed
890,1674,2026-07-24,500000,24,Rejected
891,1997,2026-08-03,50000,24,KYC Pending
892,2450,2026-05-02,750000,36,Rejected
893,1369,2026-04-27,400000,24,Incomplete
894,1432,2026-02-14,1000000,24,Disbursed
895,1716,2026-05-09,150000,12,Incomplete
896,2268,2026-06-03,300000,24,Disbursed
897,1233,2026-02-16,250000,36,Approved
898,2718,2026-03-31,750000,60,KYC Pending
899,4642,2026-05-08,50000,12,KYC Pending
900,1477,2026-01-17,1000000,36,Incomplete
901,1117,2026-05-21,150000,36,Disbursed
902,2820,2026-06-14,750000,48,Disbursed
903,2200,2026-04-16,250000,60,KYC Pending
904,4162,2026-05-11,750000,48,Rejected
905,4775,2026-02-18,250000,36,Rejected
906,4351,2026-06-30,400000,60,Disbursed
907,3487,2026-06-22,100000,48,KYC Pending
908,2601,2026-04-19,150000,36,Rejected
909,4628,2026-05-27,100000,24,Approved
910,3561,2026-07-09,400000,36,Rejected
911,1879,2026-08-24,50000,12,Disbursed
912,1142,2026-06-04,200000,48,Rejected
913,3772,2026-08-03,100000,12,Disbursed
914,206,2026-02-24,50000,12,KYC Pending
915,4637,2026-06-19,250000,24,Disbursed
916,3844,2026-07-02,400000,12,Disbursed
917,3747,2026-06-10,300000,24,Disbursed
918,201,2026-06-03,250000,60,KYC Pending
919,2495,2026-07-01,200000,24,KYC Pending
920,4382,2026-04-30,50000,24,Disbursed
921,1297,2026-06-27,750000,12,Incomplete
922,2976,2026-08-26,500000,24,KYC Pending
923,2062,2026-05-11,150000,36,Rejected
924,2952,2026-03-15,1000000,48,Rejected
925,3035,2026-04-23,400000,12,KYC Pending
926,3291,2026-05-17,250000,60,Incomplete
927,4814,2026-06-06,500000,36,Rejected
928,2078,2026-07-27,300000,36,Rejected
929,2403,2026-05-21,50000,48,Approved
930,376,2026-04-18,150000,36,Disbursed
931,1814,2026-08-10,50000,24,Disbursed
932,3442,2026-03-13,500000,60,Disbursed
933,3548,2026-07-14,300000,60,Disbursed
934,1037,2026-04-08,150000,48,KYC Pending
935,1080,2026-05-15,250000,12,Disbursed
936,4716,2026-04-17,250000,12,Incomplete
937,2482,2026-05-24,300000,12,Rejected
938,1890,2026-04-08,50000,24,Disbursed
939,1982,2026-02-10,750000,24,Incomplete
940,4336,2026-06-22,500000,48,Approved
941,537,2026-07-04,200000,24,Disbursed
942,387,2026-05-18,500000,24,KYC Pending
943,2298,2026-03-14,750000,48,Approved
944,1719,2026-06-09,150000,12,Approved
945,1078,2026-06-17,500000,60,Disbursed
946,2162,2026-06-30,250000,60,Incomplete
947,4440,2026-05-27,500000,36,Incomplete
948,3499,2026-08-11,50000,60,Disbursed
949,3788,2026-07-02,100000,60,Rejected
950,2534,2026-02-13,300000,60,Rejected
951,3964,2026-06-15,750000,48,Disbursed
952,3716,2026-03-21,50000,60,Approved
953,2218,2026-04-20,500000,60,Disbursed
954,172,2026-02-06,250000,36,Disbursed
955,2731,2026-02-27,400000,36,Incomplete
956,3663,2026-08-07,150000,12,Incomplete
957,4843,2026-05-24,750000,36,Rejected
958,1648,2026-03-24,100000,48,Rejected
959,3188,2026-07-08,100000,48,Incomplete
960,4018,2026-04-07,400000,48,Approved
961,4249,2026-04-01,300000,60,KYC Pending
962,2610,2026-07-25,50000,48,Incomplete
963,2734,2026-08-29,150000,48,Disbursed
964,1487,2026-07-15,1000000,24,Rejected
965,2782,2026-02-17,200000,48,Rejected
966,4191,2026-06-27,400000,36,Rejected
967,1362,2026-02-17,1000000,24,Approved
968,958,2026-07-22,100000,24,KYC Pending
969,3012,2026-02-17,200000,12,Rejected
970,1241,2026-02-08,300000,24,Disbursed
971,2117,2026-05-11,750000,24,Approved
972,803,2026-05-24,300000,24,Disbursed
973,4757,2026-02-20,50000,48,Disbursed
974,855,2026-06-13,250000,60,KYC Pending
975,1582,2026-03-21,200000,48,Approved
976,4475,2026-07-27,500000,36,KYC Pending
977,97,2026-08-13,400000,12,Disbursed
978,4233,2026-02-14,250000,12,Disbursed
979,2179,2026-01-11,200000,24,KYC Pending
980,1557,2026-06-21,100000,36,Disbursed
981,1684,2026-05-05,250000,36,Disbursed
982,3455,2026-07-20,400000,60,KYC Pending
983,3480,2026-03-06,250000,36,Rejected
984,990,2026-07-17,400000,48,Approved
985,1950,2026-01-24,150000,60,KYC Pending
986,3623,2026-02-22,500000,36,Disbursed
987,628,2026-02-13,150000,24,Disbursed
988,3897,2026-02-09,750000,48,Approved
989,2772,2026-08-26,200000,60,Disbursed
990,4964,2026-07-18,50000,12,Disbursed
991,4620,2026-05-31,300000,24,Disbursed
992,1801,2026-04-14,200000,36,Disbursed
993,2166,2026-02-07,1000000,48,Incomplete
994,298,2026-07-16,1000000,36,Approved
995,945,2026-03-27,400000,12,Approved
996,1322,2026-08-17,500000,48,Disbursed
997,3469,2026-06-08,500000,24,Approved
998,3437,2026-03-01,50000,60,KYC Pending
999,4873,2026-06-13,750000,48,Incomplete
1000,1832,2026-04-12,300000,12,Approved
1001,2004,2026-06-03,400000,24,Disbursed
1002,145,2026-01-27,250000,24,Disbursed
1003,996,2026-08-19,1000000,60,Rejected
1004,2502,2026-05-19,300000,12,Rejected
1005,3273,2026-04-23,50000,60,Approved
1006,3564,2026-05-31,100000,12,Disbursed
1007,4752,2026-05-22,500000,24,Disbursed
1008,1820,2026-08-26,100000,36,Disbursed
1009,1650,2026-01-19,1000000,36,KYC Pending
1010,2344,2026-05-17,50000,12,Disbursed
1011,1400,2026-06-25,300000,60,Rejected
1012,1757,2026-07-07,100000,24,Disbursed
1013,799,2026-05-19,300000,36,Incomplete
1014,2739,2026-02-10,150000,12,KYC Pending
1015,4516,2026-05-09,400000,36,KYC Pending
1016,400,2026-03-01,400000,36,Disbursed
1017,944,2026-06-25,150000,12,Disbursed
1018,517,2026-08-14,750000,48,Disbursed
1019,669,2026-06-21,400000,24,Rejected
1020,1763,2026-04-15,250000,48,Rejected
1021,3751,2026-03-20,50000,24,Rejected
1022,3923,2026-04-22,400000,60,Disbursed
1023,2422,2026-03-13,750000,36,Disbursed
1024,1871,2026-06-17,50000,24,Disbursed
1025,3020,2026-06-20,150000,24,Rejected
1026,2042,2026-07-28,500000,24,Disbursed
1027,1367,2026-07-12,750000,12,Approved
1028,4773,2026-02-25,150000,36,Approved
1029,2021,2026-06-06,250000,60,Rejected
1030,4995,2026-02-20,1000000,36,Rejected
1031,3318,2026-07-30,250000,48,Approved
1032,1627,2026-03-10,1000000,36,Disbursed
1033,994,2026-04-02,750000,36,Rejected
1034,2430,2026-02-07,400000,60,Approved
1035,459,2026-07-04,400000,60,KYC Pending
1036,936,2026-05-12,250000,48,Rejected
1037,2360,2026-07-12,400000,48,Approved
1038,2528,2026-08-31,400000,24,Rejected
1039,4920,2026-08-17,150000,36,KYC Pending
1040,1634,2026-08-08,1000000,36,Incomplete
1041,2768,2026-04-25,300000,48,Rejected
1042,2697,2026-02-10,200000,12,Disbursed
1043,3227,2026-05-10,500000,60,KYC Pending
1044,2193,2026-01-13,150000,24,Disbursed
1045,4271,2026-01-24,200000,12,Disbursed
1046,2183,2026-02-21,500000,12,Rejected
1047,1332,2026-06-28,1000000,36,Incomplete
1048,4789,2026-03-15,100000,48,Disbursed
1049,1528,2026-02-19,300000,24,Incomplete
1050,656,2026-05-10,750000,24,KYC Pending
1051,1363,2026-07-21,100000,36,Disbursed
1052,4434,2026-07-26,150000,48,Incomplete
1053,2148,2026-02-11,250000,12,Rejected
1054,2147,2026-06-12,250000,60,Disbursed
1055,2898,2026-03-27,150000,36,Disbursed
1056,3611,2026-04-08,100000,24,Disbursed
1057,3671,2026-06-09,100000,12,Rejected
1058,4017,2026-05-14,400000,24,Approved
1059,1730,2026-02-14,500000,24,Approved
1060,1423,2026-04-28,200000,12,Disbursed
1061,2609,2026-07-05,50000,60,Disbursed
1062,3097,2026-03-28,500000,12,KYC Pending
1063,1544,2026-08-16,500000,48,Disbursed
1064,3099,2026-02-06,150000,48,Incomplete
1065,1126,2026-07-16,150000,60,KYC Pending
1066,3289,2026-07-15,50000,36,Disbursed
1067,1271,2026-03-13,50000,36,Rejected
1068,14,2026-04-10,250000,48,Approved
1069,2393,2026-04-25,1000000,48,Disbursed
1070,2440,2026-06-05,250000,36,Approved
1071,3096,2026-01-15,250000,36,Rejected
1072,4924,2026-05-12,300000,24,Disbursed
1073,2668,2026-04-21,50000,24,Rejected
1074,4033,2026-04-17,500000,60,Rejected
1075,1666,2026-07-06,1000000,36,Rejected
1076,2612,2026-08-22,200000,36,KYC Pending
1077,4147,2026-03-04,1000000,24,Disbursed
1078,4171,2026-06-11,400000,48,Disbursed
1079,4390,2026-04-03,200000,36,Rejected
1080,2698,2026-08-18,750000,48,Rejected
1081,4406,2026-02-15,200000,36,Disbursed
1082,1404,2026-06-17,100000,36,Disbursed
1083,4402,2026-06-21,200000,36,Rejected
1084,1208,2026-06-25,250000,24,Approved
1085,4557,2026-01-26,250000,60,Disbursed
1086,2172,2026-07-04,200000,60,Rejected
1087,2703,2026-06-23,250000,48,Approved
1088,335,2026-07-29,150000,36,Rejected
1089,1176,2026-02-23,1000000,12,Disbursed
1090,4148,2026-03-30,1000000,24,KYC Pending
1091,3327,2026-04-27,150000,36,Approved
1092,3979,2026-03-17,500000,60,KYC Pending
1093,1742,2026-02-06,200000,12,Disbursed
1094,1212,2026-05-12,400000,24,Incomplete
1095,2136,2026-04-21,100000,24,KYC Pending
1096,3281,2026-05-31,50000,48,Disbursed
1097,1738,2026-07-02,100000,48,Incomplete
1098,865,2026-04-13,150000,48,Incomplete
1099,4958,2026-08-31,750000,48,Rejected
1100,1474,2026-03-26,750000,48,Disbursed
1101,731,2026-08-21,500000,60,Disbursed
1102,524,2026-07-17,500000,24,Disbursed
1103,3653,2026-06-21,1000000,36,Rejected
1104,2779,2026-07-12,750000,24,Rejected
1105,1437,2026-04-28,750000,24,Disbursed
1106,1099,2026-01-26,300000,12,Disbursed
1107,3754,2026-06-23,400000,60,KYC Pending
1108,1227,2026-08-19,200000,36,Disbursed
1109,4183,2026-02-04,150000,48,Rejected
1110,4160,2026-07-29,50000,24,Disbursed
1111,3866,2026-03-20,500000,48,Incomplete
1112,2300,2026-04-12,50000,48,KYC Pending
1113,848,2026-02-13,500000,24,Rejected
1114,3665,2026-03-31,300000,12,Incomplete
1115,408,2026-06-02,250000,48,Rejected
1116,4410,2026-02-15,150000,48,Disbursed
1117,2079,2026-07-13,1000000,60,Disbursed
1118,730,2026-04-08,1000000,12,Disbursed
1119,3106,2026-06-16,1000000,48,Disbursed
1120,4215,2026-02-23,750000,36,Disbursed
1121,4092,2026-04-25,750000,24,Incomplete
1122,1918,2026-05-25,200000,24,Disbursed
1123,4006,2026-05-01,50000,60,Disbursed
1124,1543,2026-03-06,200000,12,Incomplete
1125,4644,2026-06-26,50000,24,KYC Pending
1126,3672,2026-04-23,400000,48,Rejected
1127,2287,2026-02-21,400000,36,Approved
1128,4302,2026-04-24,250000,24,Disbursed
1129,750,2026-01-24,750000,60,Approved
1130,2990,2026-05-09,250000,60,Disbursed
1131,4599,2026-07-16,500000,36,Disbursed
1132,2153,2026-06-22,750000,24,Disbursed
1133,3980,2026-05-29,150000,36,Disbursed
1134,4044,2026-02-05,150000,60,Incomplete
1135,1485,2026-06-09,1000000,12,Incomplete
1136,3165,2026-02-26,1000000,36,Incomplete
1137,3953,2026-05-10,300000,60,Approved
1138,3159,2026-08-07,250000,36,Incomplete
1139,948,2026-03-06,50000,36,KYC Pending
1140,2384,2026-04-17,400000,48,Disbursed
1141,77,2026-07-17,250000,48,Rejected
1142,4329,2026-03-04,50000,24,Disbursed
1143,3646,2026-06-14,400000,12,Disbursed
1144,4985,2026-02-09,250000,36,Approved
1145,4856,2026-05-18,150000,60,Rejected
1146,924,2026-05-29,50000,48,Incomplete
1147,2437,2026-07-13,300000,36,Approved
1148,3930,2026-04-22,750000,60,KYC Pending
1149,4321,2026-06-04,400000,36,Disbursed
1150,4800,2026-04-01,150000,36,Disbursed
1151,4350,2026-04-15,500000,36,Disbursed
1152,651,2026-06-29,200000,12,Incomplete
1153,4000,2026-06-27,300000,24,Approved
1154,2290,2026-06-23,400000,36,Approved
1155,4718,2026-02-10,500000,48,Rejected
1156,1269,2026-06-29,500000,12,KYC Pending
1157,87,2026-02-23,400000,24,Disbursed
1158,4530,2026-08-03,150000,60,Rejected
1159,2177,2026-02-21,50000,24,Disbursed
1160,3392,2026-08-02,200000,36,KYC Pending
1161,3600,2026-01-10,100000,60,KYC Pending
1162,2641,2026-05-03,50000,48,Rejected
1163,939,2026-06-25,100000,60,Disbursed
1164,636,2026-07-21,200000,48,Disbursed
1165,3428,2026-06-14,750000,36,Rejected
1166,1224,2026-07-01,250000,12,Rejected
1167,2502,2026-05-13,200000,24,Rejected
1168,2330,2026-08-13,400000,48,Disbursed
1169,4980,2026-08-05,400000,36,Incomplete
1170,2721,2026-06-17,250000,60,Approved
1171,2538,2026-04-02,100000,36,Rejected
1172,677,2026-05-13,400000,12,Approved
1173,4347,2026-08-31,400000,12,Rejected
1174,156,2026-02-05,1000000,36,Rejected
1175,4216,2026-07-04,500000,48,Rejected
1176,3650,2026-03-16,400000,36,Rejected
1177,1565,2026-07-16,300000,48,KYC Pending
1178,2615,2026-07-09,300000,60,KYC Pending
1179,3706,2026-06-12,250000,12,Rejected
1180,1542,2026-04-08,200000,48,Disbursed
1181,496,2026-07-16,200000,60,Incomplete
1182,557,2026-05-09,50000,60,Disbursed
1183,2891,2026-06-30,200000,48,Approved
1184,1733,2026-05-14,250000,24,Rejected
1185,1399,2026-07-09,1000000,24,Approved
1186,2758,2026-03-18,750000,48,Rejected
1187,4919,2026-02-04,750000,12,KYC Pending
1188,2993,2026-02-11,1000000,24,Incomplete
1189,4705,2026-06-29,300000,36,Disbursed
1190,2070,2026-01-16,300000,60,Rejected
1191,3244,2026-08-14,50000,12,Rejected
1192,2716,2026-07-01,200000,36,Rejected
1193,444,2026-05-25,50000,60,Rejected
1194,2339,2026-08-16,500000,12,KYC Pending
1195,3385,2026-07-23,250000,24,Disbursed
1196,1493,2026-05-23,50000,60,Disbursed
1197,4673,2026-07-06,200000,24,Disbursed
1198,3050,2026-07-07,1000000,36,Disbursed
1199,4667,2026-03-10,200000,12,Rejected
1200,65,2026-08-04,500000,12,Approved
1201,4874,2026-02-16,100000,60,Disbursed
1202,899,2026-07-16,100000,60,Rejected
1203,1825,2026-02-18,50000,24,Disbursed
1204,1782,2026-04-04,400000,48,Rejected
1205,1947,2026-03-11,400000,36,Incomplete
1206,1849,2026-05-28,200000,48,KYC Pending
1207,3954,2026-05-01,300000,12,Disbursed
1208,3936,2026-03-26,150000,36,Approved
1209,2455,2026-07-07,100000,36,Rejected
1210,1155,2026-05-22,300000,48,KYC Pending
1211,1287,2026-03-23,300000,12,Disbursed
1212,2593,2026-06-19,400000,36,Approved
1213,2365,2026-08-12,200000,24,Disbursed
1214,4654,2026-05-04,750000,24,KYC Pending
1215,3233,2026-05-17,150000,36,Incomplete
1216,233,2026-01-13,500000,12,Rejected
1217,4224,2026-04-20,1000000,48,KYC Pending
1218,2159,2026-04-23,500000,12,Rejected
1219,2060,2026-04-04,150000,48,KYC Pending
1220,4394,2026-08-08,150000,24,Incomplete
1221,759,2026-01-22,150000,24,KYC Pending
1222,1152,2026-05-09,150000,36,KYC Pending
1223,4869,2026-06-30,250000,36,Approved
1224,3547,2026-04-25,100000,36,Disbursed
1225,4057,2026-03-30,250000,60,Incomplete
1226,2689,2026-03-14,750000,48,Rejected
1227,3516,2026-04-22,200000,24,Rejected
1228,688,2026-06-20,750000,36,Incomplete
1229,2199,2026-02-10,250000,48,KYC Pending
1230,3198,2026-07-07,150000,24,Disbursed
1231,424,2026-07-06,400000,24,KYC Pending
1232,3721,2026-07-22,400000,12,KYC Pending
1233,4604,2026-03-18,750000,12,Rejected
1234,831,2026-05-10,500000,36,KYC Pending
1235,105,2026-07-05,250000,24,Disbursed
1236,3164,2026-07-29,250000,36,Disbursed
1237,4165,2026-03-28,50000,60,Rejected
1238,1910,2026-06-05,50000,24,Disbursed
1239,1871,2026-07-26,100000,48,KYC Pending
1240,3323,2026-05-19,400000,48,KYC Pending
1241,3993,2026-02-26,150000,12,KYC Pending
1242,4703,2026-04-01,150000,24,Rejected
1243,616,2026-04-10,500000,12,Disbursed
1244,4949,2026-05-22,50000,48,Rejected
1245,2370,2026-07-06,500000,12,Disbursed
1246,2441,2026-06-28,150000,12,Approved
1247,519,2026-04-01,300000,24,Rejected
1248,13,2026-01-22,400000,60,Approved
1249,1424,2026-02-07,250000,60,Rejected
1250,550,2026-07-02,150000,36,Rejected
1251,4665,2026-05-18,750000,24,Disbursed
1252,599,2026-06-21,300000,60,Rejected
1253,3077,2026-01-19,750000,48,Approved
1254,2183,2026-03-15,500000,12,Rejected
1255,4505,2026-04-29,500000,24,Disbursed
1256,311,2026-05-17,500000,36,Rejected
1257,3011,2026-04-07,250000,60,Disbursed
1258,969,2026-05-31,150000,24,KYC Pending
1259,4916,2026-08-27,250000,12,Disbursed
1260,3652,2026-07-09,1000000,36,Disbursed
1261,2069,2026-06-26,300000,24,Rejected
1262,1444,2026-04-03,100000,48,Disbursed
1263,809,2026-04-06,250000,24,Incomplete
1264,288,2026-05-04,200000,60,Approved
1265,4408,2026-02-28,50000,60,Incomplete
1266,4032,2026-06-20,150000,60,Disbursed
1267,404,2026-07-26,500000,36,KYC Pending
1268,810,2026-06-16,250000,60,Approved
1269,4175,2026-03-04,300000,60,Disbursed
1270,3703,2026-04-19,1000000,12,Rejected
1271,1878,2026-08-12,300000,48,Rejected
1272,3070,2026-08-04,750000,60,Rejected
1273,3590,2026-08-27,1000000,12,Disbursed
1274,3299,2026-05-18,750000,48,Incomplete
1275,4115,2026-03-03,400000,36,KYC Pending
1276,4480,2026-05-04,150000,60,Approved
1277,2303,2026-07-11,100000,60,Rejected
1278,3540,2026-05-20,300000,36,Disbursed
1279,3495,2026-03-17,500000,12,Disbursed
1280,356,2026-05-11,500000,36,Disbursed
1281,396,2026-05-14,750000,24,Approved
1282,498,2026-05-19,1000000,48,Approved
1283,368,2026-07-21,200000,48,Incomplete
1284,4538,2026-05-31,250000,48,KYC Pending
1285,2399,2026-06-11,200000,48,Disbursed
1286,3967,2026-02-21,100000,60,Disbursed
1287,4264,2026-06-05,400000,12,Rejected
1288,4278,2026-04-12,300000,24,Incomplete
1289,4554,2026-04-18,100000,24,Incomplete
1290,1252,2026-03-25,500000,12,Disbursed
1291,1112,2026-07-19,250000,24,KYC Pending
1292,417,2026-02-16,500000,48,Incomplete
1293,4106,2026-01-29,50000,24,Disbursed
1294,4943,2026-07-12,300000,48,KYC Pending
1295,3093,2026-07-26,150000,12,Disbursed
1296,1705,2026-08-01,200000,36,Disbursed
1297,2811,2026-08-08,400000,48,Approved
1298,239,2026-07-18,400000,60,KYC Pending
1299,4656,2026-03-30,400000,12,Disbursed
1300,281,2026-03-03,200000,48,Disbursed
1301,2973,2026-05-02,100000,12,Incomplete
1302,1162,2026-05-05,300000,48,Incomplete
1303,1865,2026-01-12,1000000,36,Disbursed
1304,707,2026-07-30,750000,60,Rejected
1305,588,2026-06-14,300000,48,Approved
1306,3847,2026-03-07,300000,12,Disbursed
1307,2349,2026-02-02,750000,12,Disbursed
1308,4163,2026-06-11,100000,36,Disbursed
1309,3863,2026-08-02,750000,12,Disbursed
1310,12,2026-07-16,250000,24,Rejected
1311,1543,2026-02-21,750000,12,Incomplete
1312,302,2026-03-15,50000,12,Approved
1313,382,2026-02-15,50000,60,Disbursed
1314,3544,2026-02-03,300000,48,Rejected
1315,4912,2026-07-09,1000000,12,Incomplete
1316,3115,2026-03-04,100000,12,Rejected
1317,2249,2026-06-28,150000,36,Disbursed
1318,516,2026-02-10,150000,12,KYC Pending
1319,1519,2026-05-11,1000000,36,Disbursed
1320,4883,2026-06-07,400000,36,Disbursed
1321,3628,2026-08-02,300000,12,Incomplete
1322,3458,2026-08-20,400000,36,Disbursed
1323,3099,2026-01-17,150000,24,Incomplete
1324,2555,2026-03-24,750000,48,Rejected
1325,1944,2026-03-21,300000,36,Rejected
1326,2869,2026-07-21,200000,60,Incomplete
1327,4753,2026-06-26,750000,24,KYC Pending
1328,4560,2026-03-29,500000,60,Disbursed
1329,1508,2026-03-09,1000000,48,Incomplete
1330,3813,2026-04-06,150000,24,Disbursed
1331,3500,2026-04-04,300000,36,Rejected
1332,3567,2026-04-22,100000,48,Disbursed
1333,368,2026-07-09,250000,48,Rejected
1334,2041,2026-08-31,100000,12,Rejected
1335,2793,2026-02-05,400000,48,Rejected
1336,3990,2026-04-09,500000,48,Disbursed
1337,1649,2026-07-12,500000,60,Approved
1338,864,2026-08-17,200000,24,Rejected
1339,2576,2026-06-20,150000,36,Incomplete
1340,3571,2026-05-31,500000,48,Disbursed
1341,225,2026-05-15,100000,12,Disbursed
1342,684,2026-07-09,750000,60,Disbursed
1343,2446,2026-05-10,300000,60,Approved
1344,3272,2026-05-02,1000000,24,Disbursed
1345,4315,2026-03-14,1000000,36,Incomplete
1346,3025,2026-08-05,500000,60,KYC Pending
1347,4288,2026-03-04,400000,12,KYC Pending
1348,2639,2026-03-08,1000000,24,Disbursed
1349,2578,2026-07-19,500000,24,Rejected
1350,1798,2026-04-08,400000,36,Incomplete
1351,4418,2026-05-29,500000,48,Rejected
1352,645,2026-06-02,50000,12,Rejected
1353,2898,2026-03-25,750000,48,Disbursed
1354,1499,2026-05-03,1000000,48,Disbursed
1355,3292,2026-07-26,250000,24,Disbursed
1356,2577,2026-03-24,50000,36,Disbursed
1357,1749,2026-02-20,200000,48,Approved
1358,247,2026-03-15,400000,36,Disbursed
1359,4452,2026-01-08,500000,48,Incomplete
1360,2519,2026-06-10,150000,60,Rejected
1361,1184,2026-07-29,400000,60,Disbursed
1362,571,2026-05-09,200000,12,Rejected
1363,2851,2026-04-23,300000,60,Rejected
1364,1518,2026-05-22,750000,12,Rejected
1365,2184,2026-03-06,500000,48,Approved
1366,560,2026-07-27,200000,48,Disbursed
1367,3104,2026-06-03,300000,12,Incomplete
1368,3741,2026-04-04,400000,24,Rejected
1369,4586,2026-04-09,300000,12,Rejected
1370,3132,2026-06-14,100000,12,Disbursed
1371,533,2026-05-30,150000,60,Rejected
1372,2217,2026-04-13,300000,36,Disbursed
1373,1931,2026-05-29,250000,60,Incomplete
1374,2530,2026-07-25,50000,24,Disbursed
1375,3687,2026-06-25,100000,24,Disbursed
1376,2004,2026-06-19,250000,24,Rejected
1377,1686,2026-07-12,500000,48,Disbursed
1378,2732,2026-08-12,500000,12,Rejected
1379,2603,2026-02-19,150000,60,Approved
1380,3917,2026-08-13,1000000,48,Incomplete
1381,1308,2026-03-06,750000,36,Disbursed
1382,1826,2026-08-07,750000,36,Rejected
1383,4415,2026-08-01,250000,36,Disbursed
1384,1988,2026-08-21,400000,48,Disbursed
1385,1962,2026-04-17,400000,24,Rejected
1386,1000,2026-01-26,250000,48,KYC Pending
1387,1711,2026-03-18,500000,60,KYC Pending
1388,4557,2026-01-20,750000,12,Approved
1389,1719,2026-06-18,200000,36,Disbursed
1390,2946,2026-07-31,1000000,48,Disbursed
1391,2118,2026-03-24,100000,60,Disbursed
1392,3272,2026-04-11,750000,48,KYC Pending
1393,1606,2026-04-21,500000,12,Disbursed
1394,600,2026-07-19,1000000,36,Disbursed
1395,4199,2026-08-05,500000,48,Incomplete
1396,4906,2026-02-07,1000000,12,Rejected
1397,268,2026-08-31,750000,24,Rejected
1398,2897,2026-08-19,1000000,12,Disbursed
1399,1383,2026-03-15,200000,36,Disbursed
1400,63,2026-06-04,300000,24,Disbursed
1401,4121,2026-03-03,1000000,48,Disbursed
1402,4383,2026-03-17,750000,24,Approved
1403,3010,2026-06-24,200000,60,KYC Pending
1404,4892,2026-05-01,400000,12,Rejected
1405,1654,2026-01-07,50000,36,Approved
1406,2815,2026-04-24,100000,12,Disbursed
1407,1073,2026-07-06,50000,36,Disbursed
1408,431,2026-02-04,150000,36,Approved
1409,1002,2026-08-19,750000,36,Rejected
1410,2820,2026-06-18,200000,48,Rejected
1411,1238,2026-08-04,50000,48,Incomplete
1412,3236,2026-03-21,100000,24,Disbursed
1413,846,2026-03-19,500000,60,KYC Pending
1414,1018,2026-02-14,250000,60,Disbursed
1415,4667,2026-02-19,750000,24,Rejected
1416,4687,2026-05-08,100000,48,Approved
1417,1791,2026-08-16,1000000,36,Disbursed
1418,1431,2026-06-15,150000,36,Rejected
1419,1006,2026-05-20,750000,12,KYC Pending
1420,2652,2026-08-25,500000,24,Rejected
1421,3329,2026-01-31,750000,12,Incomplete
1422,4822,2026-01-23,250000,12,Disbursed
1423,3352,2026-06-03,100000,36,Disbursed
1424,1428,2026-01-31,250000,36,Disbursed
1425,3089,2026-05-08,400000,36,Rejected
1426,1255,2026-03-22,750000,12,Disbursed
1427,2666,2026-02-28,100000,48,Rejected
1428,779,2026-06-27,150000,36,Rejected
1429,3217,2026-03-28,50000,12,Rejected
1430,1495,2026-06-17,400000,48,Incomplete
1431,2542,2026-02-14,250000,12,Rejected
1432,1228,2026-05-30,100000,48,KYC Pending
1433,2917,2026-05-11,750000,60,Disbursed
1434,2961,2026-06-15,100000,48,Disbursed
1435,532,2026-07-03,150000,48,Rejected
1436,4117,2026-06-27,300000,48,Disbursed
1437,2426,2026-02-14,500000,24,Rejected
1438,4350,2026-03-12,250000,24,Disbursed
1439,2446,2026-05-11,250000,36,Rejected
1440,1415,2026-03-09,300000,36,Disbursed
1441,870,2026-07-27,1000000,24,Rejected
1442,305,2026-07-05,250000,24,Approved
1443,1428,2026-02-15,50000,24,Disbursed
1444,2124,2026-01-31,100000,24,Incomplete
1445,2948,2026-06-10,300000,36,Rejected
1446,1167,2026-04-02,300000,24,KYC Pending
1447,97,2026-08-18,50000,60,Disbursed
1448,3310,2026-04-30,150000,60,Disbursed
1449,2922,2026-07-23,500000,48,KYC Pending
1450,3865,2026-06-28,750000,60,Rejected
1451,4741,2026-07-31,500000,36,Rejected
1452,83,2026-06-03,400000,48,Incomplete
1453,1954,2026-07-04,400000,48,KYC Pending
1454,3681,2026-06-13,200000,48,Disbursed
1455,4671,2026-05-24,500000,48,Rejected
1456,3723,2026-07-06,200000,24,Disbursed
1457,1789,2026-04-30,750000,12,Rejected
1458,3089,2026-05-10,100000,36,Incomplete
1459,171,2026-05-12,1000000,48,Rejected
1460,2677,2026-08-18,100000,12,Disbursed
1461,3599,2026-02-04,150000,24,Incomplete
1462,452,2026-06-26,1000000,24,Incomplete
1463,2439,2026-02-13,100000,60,KYC Pending
1464,1689,2026-03-17,200000,36,Approved
1465,4853,2026-08-03,500000,12,Rejected
1466,3927,2026-04-01,400000,60,KYC Pending
1467,2452,2026-04-22,400000,60,Disbursed
1468,4244,2026-07-04,100000,36,Disbursed
1469,3332,2026-01-28,400000,12,Rejected
1470,3081,2026-07-12,500000,60,Disbursed
1471,641,2026-07-06,1000000,24,KYC Pending
1472,3919,2026-03-26,250000,12,Disbursed
1473,3989,2026-06-02,250000,36,Rejected
1474,1200,2026-04-15,400000,24,Incomplete
1475,729,2026-08-09,200000,48,Incomplete
1476,1105,2026-05-28,300000,12,Incomplete
1477,253,2026-05-06,200000,60,Disbursed
1478,4122,2026-07-28,100000,24,Incomplete
1479,1401,2026-03-14,750000,12,Rejected
1480,4575,2026-02-20,400000,36,Rejected
1481,2343,2026-03-15,200000,24,Rejected
1482,278,2026-07-19,50000,60,Incomplete
1483,4533,2026-02-10,150000,48,Incomplete
1484,4855,2026-04-20,100000,48,KYC Pending
1485,419,2026-03-29,100000,12,Disbursed
1486,4774,2026-05-16,1000000,36,Disbursed
1487,3083,2026-07-31,200000,36,Disbursed
1488,3849,2026-08-29,400000,48,KYC Pending
1489,1289,2026-06-13,150000,36,Incomplete
1490,2725,2026-05-13,500000,48,Disbursed
1491,3453,2026-06-04,1000000,60,Approved
1492,4483,2026-02-26,1000000,60,KYC Pending
1493,3261,2026-06-15,200000,12,Disbursed
1494,4835,2026-07-19,300000,36,Rejected
1495,3860,2026-04-15,250000,12,Disbursed
1496,980,2026-06-04,250000,12,Incomplete
1497,1095,2026-05-02,500000,48,Disbursed
1498,234,2026-03-23,750000,12,KYC Pending
1499,3545,2026-02-18,1000000,48,Rejected
1500,2380,2026-05-31,300000,36,Approved
1501,504,2026-07-27,100000,48,Rejected
1502,3459,2026-05-12,500000,36,Approved
1503,3955,2026-05-07,400000,36,Approved
1504,2900,2026-07-24,300000,12,Disbursed
1505,3795,2026-02-05,300000,24,KYC Pending
1506,4665,2026-05-20,1000000,36,Approved
1507,152,2026-07-26,100000,24,Disbursed
1508,4781,2026-05-07,500000,60,Disbursed
1509,3322,2026-07-27,100000,36,Incomplete
1510,2294,2026-06-26,250000,48,Approved
1511,3984,2026-08-10,500000,24,Rejected
1512,4284,2026-07-04,150000,36,Approved
1513,4577,2026-02-23,500000,12,Rejected
1514,2492,2026-03-16,500000,36,Approved
1515,563,2026-04-15,1000000,36,Rejected
1516,555,2026-05-27,400000,48,Approved
1517,1135,2026-06-24,100000,60,Approved
1518,1162,2026-05-24,50000,48,Disbursed
1519,2849,2026-03-15,200000,24,Disbursed
1520,4349,2026-08-09,100000,48,KYC Pending
1521,2475,2026-03-20,100000,24,Disbursed
1522,4742,2026-01-25,250000,24,Rejected
1523,1630,2026-03-26,100000,36,Rejected
1524,1351,2026-07-04,300000,60,Incomplete
1525,2044,2026-01-27,200000,12,Approved
1526,3707,2026-06-29,200000,48,Disbursed
1527,1664,2026-04-16,200000,36,Disbursed
1528,1866,2026-03-07,150000,36,Disbursed
1529,2005,2026-05-17,200000,24,Rejected
1530,697,2026-03-02,50000,60,Rejected
1531,2063,2026-04-17,750000,48,Disbursed
1532,1458,2026-03-07,50000,60,Disbursed
1533,3088,2026-04-20,750000,24,KYC Pending
1534,689,2026-04-09,200000,60,Disbursed
1535,1727,2026-01-31,500000,48,KYC Pending
1536,925,2026-03-13,750000,60,Rejected
1537,2037,2026-02-04,50000,60,Disbursed
1538,165,2026-03-27,750000,24,Rejected
1539,214,2026-06-01,250000,12,Disbursed
1540,1433,2026-05-01,400000,24,Rejected
1541,2757,2026-03-30,100000,12,Disbursed
1542,3103,2026-07-26,500000,48,Incomplete
1543,402,2026-01-12,200000,48,Approved
1544,723,2026-04-07,300000,60,Disbursed
1545,4185,2026-03-03,200000,24,Rejected
1546,1260,2026-02-26,1000000,60,Rejected
1547,4815,2026-04-18,150000,12,Approved
1548,4581,2026-05-19,200000,36,Disbursed
1549,2047,2026-07-28,750000,12,Approved
1550,1924,2026-07-15,300000,48,Incomplete
1551,3758,2026-04-18,1000000,24,KYC Pending
1552,2519,2026-06-08,1000000,24,Incomplete
1553,1186,2026-07-13,200000,36,Disbursed
1554,3888,2026-04-21,400000,36,Disbursed
1555,594,2026-06-27,500000,48,KYC Pending
1556,4885,2026-05-14,150000,36,Rejected
1557,4146,2026-04-11,400000,24,KYC Pending
1558,489,2026-02-07,50000,48,KYC Pending
1559,4391,2026-06-16,150000,12,Disbursed
1560,1737,2026-08-04,200000,12,KYC Pending
1561,954,2026-04-18,100000,48,KYC Pending
1562,960,2026-07-26,400000,24,Rejected
1563,2145,2026-06-28,200000,12,Rejected
1564,1334,2026-06-22,400000,60,Disbursed
1565,2525,2026-04-12,250000,12,KYC Pending
1566,3444,2026-05-17,100000,24,Rejected
1567,4260,2026-03-17,300000,60,KYC Pending
1568,1641,2026-02-11,250000,12,Disbursed
1569,3039,2026-02-14,750000,60,Disbursed
1570,4833,2026-07-14,500000,24,Disbursed
1571,1311,2026-07-29,750000,60,Rejected
1572,705,2026-07-31,1000000,12,Disbursed
1573,3662,2026-04-22,1000000,48,Disbursed
1574,3973,2026-05-12,1000000,48,Rejected
1575,4635,2026-05-28,250000,12,KYC Pending
1576,3532,2026-01-07,150000,36,Disbursed
1577,4540,2026-05-05,750000,36,Approved
1578,1584,2026-08-24,250000,36,Approved
1579,4755,2026-01-31,50000,36,Incomplete
1580,2522,2026-01-29,50000,48,Incomplete
1581,6,2026-05-25,150000,60,Disbursed
1582,2866,2026-04-19,400000,48,Disbursed
1583,2220,2026-06-04,750000,24,Disbursed
1584,725,2026-02-11,200000,48,Approved
1585,2106,2026-03-06,100000,60,Rejected
1586,3631,2026-08-27,500000,24,Disbursed
1587,1053,2026-03-09,200000,12,Rejected
1588,3244,2026-07-22,1000000,12,Incomplete
1589,3033,2026-07-12,250000,24,Incomplete
1590,2295,2026-05-02,150000,36,Disbursed
1591,576,2026-03-06,150000,60,Incomplete
1592,1387,2026-05-10,200000,12,KYC Pending
1593,923,2026-05-15,250000,48,Rejected
1594,1466,2026-06-16,1000000,12,Incomplete
1595,1599,2026-02-15,400000,60,KYC Pending
1596,1839,2026-03-14,200000,48,Disbursed
1597,1764,2026-05-29,750000,36,KYC Pending
1598,3697,2026-03-01,150000,12,Disbursed
1599,772,2026-06-04,150000,36,Disbursed
1600,1678,2026-07-24,750000,60,KYC Pending
1601,4186,2026-04-10,400000,48,Disbursed
1602,2925,2026-05-25,150000,60,Disbursed
1603,4937,2026-02-17,50000,36,Disbursed
1604,1192,2026-03-23,500000,12,KYC Pending
1605,2381,2026-02-10,1000000,48,Disbursed
1606,3477,2026-04-09,750000,36,KYC Pending
1607,45,2026-01-14,200000,48,KYC Pending
1608,2140,2026-07-14,500000,36,Rejected
1609,2943,2026-02-20,50000,24,Incomplete
1610,3390,2026-04-02,200000,48,KYC Pending
1611,4712,2026-08-31,50000,12,Approved
1612,1237,2026-08-01,250000,12,Rejected
1613,3423,2026-03-20,400000,48,Incomplete
1614,998,2026-05-01,100000,36,Approved
1615,1655,2026-04-30,250000,36,Incomplete
1616,2279,2026-06-23,100000,12,Approved
1617,3827,2026-06-04,250000,48,KYC Pending
1618,3983,2026-03-30,750000,36,Disbursed
1619,4001,2026-06-22,250000,60,Rejected
1620,869,2026-05-28,150000,48,Rejected
1621,2473,2026-02-17,400000,12,Disbursed
1622,1317,2026-08-11,300000,12,KYC Pending
1623,1878,2026-07-29,150000,60,Disbursed
1624,2581,2026-03-25,200000,48,Rejected
1625,218,2026-03-09,50000,36,Rejected
1626,149,2026-07-11,500000,48,Disbursed
1627,4218,2026-08-23,200000,60,Disbursed
1628,4180,2026-01-31,50000,12,Approved
1629,2260,2026-04-18,50000,12,Rejected
1630,2631,2026-04-04,500000,48,Disbursed
1631,4852,2026-07-30,750000,24,Incomplete
1632,2535,2026-06-29,200000,12,Rejected
1633,379,2026-06-19,1000000,48,KYC Pending
1634,1987,2026-04-06,50000,60,Rejected
1635,4663,2026-04-02,500000,48,Rejected
1636,866,2026-05-12,300000,48,Rejected
1637,1767,2026-03-01,50000,24,Incomplete
1638,4939,2026-06-04,100000,48,Approved
1639,1197,2026-05-17,300000,60,KYC Pending
1640,2638,2026-04-11,400000,48,Rejected
1641,2574,2026-04-15,400000,12,Rejected
1642,1201,2026-03-19,1000000,24,Incomplete
1643,473,2026-04-24,50000,60,Rejected
1644,4960,2026-05-05,200000,60,KYC Pending
1645,442,2026-07-01,250000,12,Incomplete
1646,68,2026-08-12,50000,48,Rejected
1647,4940,2026-04-08,200000,12,Rejected
1648,2475,2026-04-18,400000,12,KYC Pending
1649,86,2026-04-13,250000,60,Rejected
1650,4384,2026-03-01,300000,60,Approved
1651,812,2026-06-01,250000,36,Rejected
1652,66,2026-06-02,1000000,60,Disbursed
1653,3661,2026-05-26,150000,60,Disbursed
1654,3774,2026-01-26,100000,36,Approved
1655,1238,2026-08-16,750000,48,Incomplete
1656,2328,2026-03-25,50000,36,Incomplete
1657,3017,2026-02-28,100000,60,Rejected
1658,4245,2026-07-01,150000,12,Incomplete
1659,1210,2026-04-05,250000,12,Incomplete
1660,494,2026-04-27,300000,48,Incomplete
1661,4298,2026-06-24,200000,24,Disbursed
1662,697,2026-02-12,50000,60,Rejected
1663,3130,2026-05-27,400000,24,Disbursed
1664,2270,2026-08-22,300000,60,Rejected
1665,1576,2026-06-25,250000,24,Rejected
1666,3389,2026-07-05,1000000,36,Rejected
1667,2109,2026-02-09,250000,48,Rejected
1668,4380,2026-04-03,200000,24,Rejected
1669,179,2026-07-25,200000,24,Disbursed
1670,3151,2026-05-26,500000,12,Rejected
1671,4396,2026-04-13,400000,60,Disbursed
1672,3604,2026-03-01,400000,24,KYC Pending
1673,3921,2026-05-18,200000,60,KYC Pending
1674,3604,2026-02-12,200000,24,Disbursed
1675,322,2026-07-19,750000,48,Rejected
1676,3832,2026-08-07,500000,60,KYC Pending
1677,3036,2026-05-18,1000000,48,Rejected
1678,204,2026-05-25,100000,24,Rejected
1679,324,2026-05-11,300000,60,Disbursed
1680,907,2026-03-07,500000,12,Rejected
1681,3539,2026-03-23,1000000,60,KYC Pending
1682,2705,2026-05-27,750000,60,KYC Pending
1683,3686,2026-08-07,200000,24,Rejected
1684,1414,2026-05-08,150000,48,Disbursed
1685,2194,2026-06-27,300000,60,Disbursed
1686,2598,2026-08-17,150000,36,Disbursed
1687,3778,2026-07-20,300000,48,Approved
1688,3282,2026-02-18,500000,36,KYC Pending
1689,1798,2026-03-18,200000,24,Incomplete
1690,4062,2026-01-24,500000,24,Approved
1691,2540,2026-07-27,750000,36,KYC Pending
1692,4497,2026-03-16,500000,48,Incomplete
1693,1366,2026-06-13,100000,60,KYC Pending
1694,2758,2026-02-26,150000,36,Rejected
1695,4710,2026-02-26,500000,24,KYC Pending
1696,286,2026-02-17,150000,48,Disbursed
1697,4136,2026-01-31,750000,48,Rejected
1698,3893,2026-06-25,1000000,60,Rejected
1699,4155,2026-03-05,1000000,48,Disbursed
1700,749,2026-01-27,250000,60,Rejected
1701,4570,2026-07-17,50000,12,KYC Pending
1702,3240,2026-05-23,50000,60,Disbursed
1703,372,2026-08-27,300000,36,Incomplete
1704,2834,2026-01-31,50000,12,Incomplete
1705,3189,2026-04-28,400000,24,Incomplete
1706,4035,2026-08-01,150000,12,Rejected
1707,4698,2026-08-20,200000,12,Incomplete
1708,2831,2026-05-30,100000,48,Disbursed
1709,1628,2026-03-31,100000,48,Disbursed
1710,3078,2026-02-26,250000,24,Disbursed
1711,2602,2026-02-07,250000,48,Disbursed
1712,2073,2026-07-25,750000,60,Rejected
1713,2683,2026-07-07,50000,36,Rejected
1714,4027,2026-05-06,200000,12,Rejected
1715,2740,2026-03-27,150000,60,Approved
1716,1558,2026-03-28,250000,36,Rejected
1717,2120,2026-04-16,250000,48,Approved
1718,1298,2026-04-15,250000,12,Disbursed
1719,756,2026-05-08,750000,24,Disbursed
1720,4339,2026-05-14,50000,24,Disbursed
1721,3568,2026-03-10,200000,36,Incomplete
1722,2586,2026-06-20,100000,24,Disbursed
1723,1838,2026-02-22,200000,60,Approved
1724,4815,2026-05-01,1000000,12,Disbursed
1725,4462,2026-01-15,100000,60,KYC Pending
1726,1154,2026-04-30,1000000,24,Disbursed
1727,8,2026-02-26,400000,24,Rejected
1728,4446,2026-07-03,150000,48,Disbursed
1729,3949,2026-04-29,500000,60,Disbursed
1730,787,2026-03-07,750000,36,Rejected
1731,3411,2026-07-18,1000000,24,Disbursed
1732,2688,2026-08-01,500000,36,KYC Pending
1733,3553,2026-04-28,300000,24,Disbursed
1734,2234,2026-05-14,100000,60,Disbursed
1735,500,2026-08-19,400000,36,KYC Pending
1736,693,2026-02-13,500000,12,KYC Pending
1737,3340,2026-02-12,750000,12,Approved
1738,3504,2026-02-07,1000000,24,Approved
1739,2136,2026-03-25,400000,60,Disbursed
1740,3764,2026-08-22,50000,48,Disbursed
1741,816,2026-03-12,1000000,48,Rejected
1742,506,2026-08-21,250000,12,Rejected
1743,701,2026-05-22,300000,48,Disbursed
1744,3999,2026-08-27,100000,12,Disbursed
1745,4047,2026-02-04,400000,12,Rejected
1746,85,2026-04-26,50000,36,Incomplete
1747,4682,2026-08-03,50000,24,Disbursed
1748,2366,2026-03-22,500000,24,Disbursed
1749,4895,2026-02-06,150000,24,KYC Pending
1750,2860,2026-03-22,150000,12,KYC Pending
1751,3810,2026-01-17,400000,36,Disbursed
1752,2452,2026-05-24,750000,12,Rejected
1753,2033,2026-08-22,400000,12,KYC Pending
1754,4942,2026-05-27,400000,48,Disbursed
1755,4689,2026-03-27,500000,48,Disbursed
1756,448,2026-02-19,500000,36,Disbursed
1757,1778,2026-06-11,500000,48,Disbursed
1758,436,2026-06-06,400000,24,Incomplete
1759,357,2026-08-07,200000,12,Disbursed
1760,1881,2026-04-18,400000,48,KYC Pending
1761,289,2026-04-02,500000,60,KYC Pending
1762,4636,2026-04-19,250000,48,Disbursed
1763,4846,2026-08-25,200000,12,Disbursed
1764,4134,2026-02-01,100000,60,KYC Pending
1765,1384,2026-03-22,50000,36,Disbursed
1766,578,2026-08-04,100000,60,Rejected
1767,1089,2026-02-17,100000,60,Approved
1768,19,2026-07-21,400000,60,Incomplete
1769,1663,2026-06-05,250000,12,Disbursed
1770,2266,2026-03-10,500000,12,Rejected
1771,3688,2026-06-23,50000,36,Disbursed
1772,3966,2026-03-20,750000,48,Rejected
1773,288,2026-05-15,250000,60,Incomplete
1774,2163,2026-03-04,250000,12,Disbursed
1775,3579,2026-06-01,400000,24,Incomplete
1776,4065,2026-02-05,150000,48,Disbursed
1777,230,2026-08-31,300000,36,Disbursed
1778,1052,2026-08-13,500000,48,KYC Pending
1779,2965,2026-03-08,200000,60,Incomplete
1780,606,2026-08-23,200000,24,Disbursed
1781,815,2026-06-13,200000,24,Disbursed
1782,2560,2026-05-13,150000,60,Disbursed
1783,1946,2026-04-06,50000,36,Disbursed
1784,2987,2026-04-17,1000000,24,KYC Pending
1785,330,2026-02-10,300000,60,Approved
1786,3150,2026-06-10,400000,24,Incomplete
1787,2329,2026-07-14,100000,48,Rejected
1788,817,2026-08-31,500000,12,Rejected
1789,52,2026-03-18,500000,36,Incomplete
1790,981,2026-03-16,750000,48,KYC Pending
1791,3407,2026-02-28,1000000,60,Disbursed
1792,4156,2026-02-01,200000,60,Rejected
1793,2445,2026-07-01,500000,48,Rejected
1794,42,2026-05-05,150000,24,Incomplete
1795,2862,2026-08-09,200000,36,Disbursed
1796,2753,2026-03-06,100000,60,Incomplete
1797,2718,2026-02-28,400000,60,Rejected
1798,287,2026-03-28,750000,24,Rejected
1799,2371,2026-02-15,400000,12,Rejected
1800,4001,2026-05-22,50000,24,Disbursed
1801,3943,2026-03-27,1000000,48,Rejected
1802,4080,2026-04-13,1000000,12,KYC Pending
1803,4826,2026-04-15,750000,12,Incomplete
1804,3753,2026-04-25,100000,36,Disbursed
1805,1924,2026-08-03,750000,36,Approved
1806,2785,2026-06-23,400000,48,Rejected
1807,457,2026-07-21,1000000,12,Rejected
1808,4227,2026-07-24,1000000,48,Approved
1809,836,2026-03-27,750000,48,Approved
1810,3162,2026-04-10,1000000,48,Disbursed
1811,3287,2026-05-12,150000,24,Incomplete
1812,3542,2026-03-01,750000,60,Disbursed
1813,818,2026-08-01,500000,24,Disbursed
1814,4350,2026-04-17,150000,36,Approved
1815,4304,2026-07-13,50000,60,Disbursed
1816,3376,2026-04-16,400000,12,Approved
1817,4137,2026-03-20,50000,48,Incomplete
1818,4158,2026-08-07,300000,24,KYC Pending
1819,4033,2026-05-13,150000,48,Incomplete
1820,3461,2026-05-13,250000,60,Incomplete
1821,4502,2026-04-25,200000,12,Disbursed
1822,3203,2026-07-04,250000,12,Disbursed
1823,942,2026-03-13,750000,36,Disbursed
1824,3167,2026-07-29,400000,48,Rejected
1825,2624,2026-01-24,400000,36,Rejected
1826,70,2026-08-04,750000,36,Approved
1827,1252,2026-02-10,150000,24,Disbursed
1828,1491,2026-05-27,500000,36,Incomplete
1829,2595,2026-01-12,1000000,24,Incomplete
1830,2824,2026-07-10,300000,12,Approved
1831,1966,2026-05-09,400000,36,Rejected
1832,4824,2026-08-05,50000,24,KYC Pending
1833,1113,2026-04-21,50000,24,Rejected
1834,3919,2026-03-11,250000,36,Rejected
1835,4630,2026-06-12,200000,12,Rejected
1836,1065,2026-05-30,150000,60,Rejected
1837,314,2026-08-22,250000,24,Approved
1838,3786,2026-08-03,300000,12,Disbursed
1839,4434,2026-07-29,400000,12,Rejected
1840,611,2026-07-02,200000,36,KYC Pending
1841,1217,2026-04-03,50000,60,Incomplete
1842,3620,2026-07-02,300000,36,KYC Pending
1843,3576,2026-03-24,1000000,12,Rejected
1844,162,2026-06-15,200000,24,Disbursed
1845,881,2026-04-17,400000,12,Rejected
1846,1235,2026-02-03,400000,36,Disbursed
1847,2227,2026-03-07,1000000,60,KYC Pending
1848,1831,2026-07-15,150000,60,Rejected
1849,2,2026-03-10,250000,24,Approved
1850,1327,2026-04-08,750000,48,KYC Pending
1851,2494,2026-04-03,1000000,60,KYC Pending
1852,3872,2026-05-17,50000,36,Incomplete
1853,4941,2026-06-27,200000,12,Disbursed
1854,3977,2026-05-09,150000,12,Rejected
1855,4354,2026-06-25,500000,12,Incomplete
1856,1116,2026-04-27,250000,36,Rejected
1857,2257,2026-03-10,750000,48,Approved
1858,3584,2026-05-22,300000,48,Disbursed
1859,1430,2026-05-20,200000,48,Approved
1860,4222,2026-05-09,100000,36,Approved
1861,1172,2026-07-24,1000000,60,Approved
1862,2108,2026-06-24,100000,60,Rejected
1863,4022,2026-05-17,200000,48,Disbursed
1864,2139,2026-07-17,300000,48,Approved
1865,2239,2026-03-19,400000,24,Approved
1866,1906,2026-03-17,400000,36,Incomplete
1867,4118,2026-03-08,100000,12,Disbursed
1868,1132,2026-06-25,1000000,36,Rejected
1869,680,2026-07-03,400000,36,KYC Pending
1870,2864,2026-06-16,100000,60,Rejected
1871,3991,2026-07-21,750000,60,Disbursed
1872,607,2026-04-13,250000,60,Rejected
1873,1180,2026-07-13,200000,60,Rejected
1874,3248,2026-08-24,750000,24,Disbursed
1875,4416,2026-04-18,750000,12,Rejected
1876,369,2026-05-17,750000,12,Disbursed
1877,3042,2026-01-13,400000,48,Disbursed
1878,3676,2026-03-23,750000,48,Incomplete
1879,2943,2026-03-08,150000,48,Disbursed
1880,1880,2026-06-15,750000,60,Approved
1881,2845,2026-07-12,150000,24,Disbursed
1882,1632,2026-06-21,750000,24,Rejected
1883,4850,2026-05-16,100000,12,Rejected
1884,4775,2026-01-29,500000,60,Rejected
1885,3350,2026-03-24,100000,24,Incomplete
1886,1271,2026-02-19,250000,48,KYC Pending
1887,3569,2026-07-22,400000,24,Disbursed
1888,2978,2026-04-07,200000,24,Rejected
1889,1908,2026-05-11,1000000,36,Rejected
1890,200,2026-02-06,250000,12,Disbursed
1891,1996,2026-05-08,100000,60,Rejected
1892,5000,2026-04-24,1000000,24,Approved
1893,3667,2026-05-31,200000,48,Disbursed
1894,3789,2026-06-02,500000,12,Incomplete
1895,4010,2026-06-18,150000,60,Incomplete
1896,4165,2026-04-26,750000,12,KYC Pending
1897,1970,2026-07-18,400000,24,Rejected
1898,2293,2026-03-08,250000,24,Rejected
1899,2878,2026-08-18,400000,36,Disbursed
1900,4847,2026-04-30,200000,60,Disbursed
1901,2955,2026-02-01,50000,12,Disbursed
1902,2125,2026-04-12,500000,12,KYC Pending
1903,1146,2026-05-03,200000,60,Disbursed
1904,736,2026-05-22,100000,36,Disbursed
1905,1020,2026-02-01,750000,12,KYC Pending
1906,4248,2026-04-30,300000,48,Disbursed
1907,2082,2026-07-17,200000,60,Disbursed
1908,2079,2026-07-13,100000,60,Approved
1909,3606,2026-05-29,500000,36,Rejected
1910,66,2026-07-04,50000,24,KYC Pending
1911,458,2026-05-25,250000,36,Rejected
1912,1250,2026-04-26,300000,36,KYC Pending
1913,4293,2026-05-10,150000,36,Disbursed
1914,3570,2026-08-06,500000,12,Approved
1915,4841,2026-07-06,300000,60,Disbursed
1916,1045,2026-07-12,500000,36,KYC Pending
1917,2753,2026-02-07,1000000,36,Rejected
1918,3052,2026-05-19,750000,60,Rejected
1919,4996,2026-06-24,400000,48,Disbursed
1920,75,2026-08-31,400000,24,Disbursed
1921,4296,2026-08-02,250000,36,Disbursed
1922,4156,2026-01-27,50000,60,Rejected
1923,1288,2026-06-19,300000,12,Approved
1924,1810,2026-03-03,200000,36,Incomplete
1925,1501,2026-08-04,100000,12,Disbursed
1926,4675,2026-02-14,1000000,24,Rejected
1927,931,2026-05-22,250000,48,KYC Pending
1928,4223,2026-06-06,750000,48,Approved
1929,4428,2026-07-17,750000,48,Disbursed
1930,4399,2026-03-22,250000,12,Disbursed
1931,962,2026-08-14,200000,36,Approved
1932,4449,2026-07-26,50000,12,KYC Pending
1933,1113,2026-05-18,150000,60,Disbursed
1934,4102,2026-06-28,400000,60,Disbursed
1935,1905,2026-02-05,300000,48,Disbursed
1936,196,2026-08-27,200000,24,Incomplete
1937,1857,2026-03-07,1000000,36,Disbursed
1938,2178,2026-07-21,1000000,36,Rejected
1939,3674,2026-06-06,500000,24,Disbursed
1940,3724,2026-02-24,100000,24,Disbursed
1941,2939,2026-07-05,750000,60,Incomplete
1942,259,2026-02-16,100000,36,Rejected
1943,2708,2026-03-01,400000,24,Incomplete
1944,1786,2026-04-12,50000,48,Disbursed
1945,682,2026-05-21,50000,48,KYC Pending
1946,1256,2026-04-12,50000,36,Rejected
1947,2250,2026-07-10,300000,36,Rejected
1948,2418,2026-05-09,400000,12,Incomplete
1949,4529,2026-01-23,1000000,48,Disbursed
1950,402,2026-01-28,250000,24,Approved
1951,2427,2026-02-06,100000,60,Incomplete
1952,4552,2026-03-07,750000,48,Incomplete
1953,3164,2026-07-17,200000,60,Rejected
1954,1864,2026-08-19,150000,48,Rejected
1955,1509,2026-08-17,150000,60,Disbursed
1956,512,2026-05-24,1000000,36,Rejected
1957,210,2026-01-23,500000,60,Incomplete
1958,852,2026-02-27,50000,60,Disbursed
1959,1833,2026-06-11,300000,60,Rejected
1960,4262,2026-07-18,300000,48,Rejected
1961,4118,2026-03-06,500000,12,Rejected
1962,1744,2026-06-12,1000000,60,Disbursed
1963,4402,2026-06-26,200000,60,KYC Pending
1964,3837,2026-04-05,500000,48,Rejected
1965,28,2026-05-17,50000,48,Disbursed
1966,3021,2026-06-02,400000,48,Rejected
1967,3693,2026-04-29,100000,48,Disbursed
1968,2124,2026-02-14,150000,12,Disbursed
1969,4153,2026-03-13,300000,24,Rejected
1970,4854,2026-07-10,250000,24,Disbursed
1971,683,2026-03-01,250000,36,Disbursed
1972,1227,2026-08-03,100000,36,Approved
1973,2078,2026-07-26,50000,12,KYC Pending
1974,1140,2026-03-15,500000,48,Approved
1975,4348,2026-02-19,400000,48,Rejected
1976,3326,2026-02-01,1000000,60,Disbursed
1977,737,2026-02-07,750000,12,Approved
1978,2948,2026-05-08,50000,48,KYC Pending
1979,4973,2026-08-28,300000,36,KYC Pending
1980,1435,2026-02-26,100000,48,Rejected
1981,2567,2026-08-16,200000,12,Rejected
1982,4133,2026-06-30,400000,24,Rejected
1983,593,2026-06-05,750000,12,Disbursed
1984,2854,2026-07-03,400000,36,Approved
1985,1904,2026-02-25,100000,12,Incomplete
1986,4080,2026-04-16,500000,48,Incomplete
1987,4879,2026-05-02,100000,36,Disbursed
1988,1691,2026-07-09,750000,48,Incomplete
1989,3239,2026-07-28,100000,36,Disbursed
1990,269,2026-05-30,500000,48,Rejected
1991,1147,2026-02-28,300000,12,Incomplete
1992,2271,2026-05-16,200000,24,Disbursed
1993,373,2026-08-19,50000,48,Disbursed
1994,2376,2026-07-22,50000,36,Disbursed
1995,3245,2026-06-27,200000,24,Rejected
1996,299,2026-06-28,1000000,12,Approved
1997,1900,2026-01-17,50000,60,Disbursed
1998,908,2026-04-01,400000,60,Incomplete
1999,4067,2026-03-22,500000,48,Incomplete
2000,2868,2026-04-23,250000,48,Incomplete
2001,1981,2026-01-25,100000,48,Disbursed
2002,4346,2026-05-24,200000,24,Rejected
2003,398,2026-08-12,150000,60,Disbursed
2004,644,2026-04-10,500000,24,Approved
2005,3134,2026-01-29,400000,24,Disbursed
2006,2448,2026-07-17,400000,60,Disbursed
2007,3842,2026-07-10,150000,60,Disbursed
2008,2394,2026-02-21,750000,12,Disbursed
2009,2629,2026-02-28,500000,60,Rejected
2010,3138,2026-02-22,150000,36,Rejected
2011,3475,2026-02-08,200000,36,Rejected
2012,479,2026-07-21,100000,60,Rejected
2013,1917,2026-06-27,100000,24,KYC Pending
2014,817,2026-08-17,750000,36,Incomplete
2015,3833,2026-08-11,50000,12,KYC Pending
2016,2003,2026-03-25,100000,36,Rejected
2017,1602,2026-05-04,500000,36,Approved
2018,2416,2026-03-03,1000000,24,Rejected
2019,4808,2026-04-04,300000,60,Disbursed
2020,468,2026-07-10,50000,24,Disbursed
2021,4260,2026-03-30,100000,60,Disbursed
2022,4441,2026-08-02,500000,24,Disbursed
2023,3792,2026-06-11,150000,24,Disbursed
2024,4906,2026-02-07,1000000,60,Rejected
2025,1298,2026-04-12,1000000,36,Disbursed
2026,1136,2026-08-08,750000,48,Approved
2027,2729,2026-08-12,200000,36,Rejected
2028,1488,2026-05-30,200000,36,KYC Pending
2029,4144,2026-06-12,400000,12,KYC Pending
2030,385,2026-03-14,500000,36,Disbursed
2031,559,2026-04-20,250000,12,Disbursed
2032,4802,2026-02-02,250000,60,Disbursed
2033,2826,2026-03-18,1000000,36,Rejected
2034,609,2026-05-25,400000,36,Rejected
2035,2341,2026-06-20,50000,36,Rejected
2036,1211,2026-03-17,300000,48,Rejected
2037,4371,2026-04-21,750000,12,KYC Pending
2038,3887,2026-05-30,50000,12,Disbursed
2039,2841,2026-02-19,250000,48,Disbursed
2040,1078,2026-07-11,50000,60,Incomplete
2041,319,2026-04-10,500000,24,Rejected
2042,3406,2026-03-29,750000,24,Rejected
2043,1714,2026-02-20,50000,12,Disbursed
2044,3251,2026-01-24,150000,24,KYC Pending
2045,2744,2026-05-26,200000,24,Rejected
2046,4993,2026-03-27,400000,36,Approved
2047,1776,2026-04-21,300000,12,KYC Pending
2048,4810,2026-04-07,500000,60,Disbursed
2049,3408,2026-05-21,300000,24,Rejected
2050,717,2026-08-21,250000,36,Disbursed
2051,4951,2026-08-03,50000,48,Disbursed
2052,607,2026-05-01,1000000,36,Rejected
2053,3739,2026-06-12,150000,36,Disbursed
2054,1515,2026-05-26,500000,48,Rejected
2055,3588,2026-04-05,1000000,60,KYC Pending
2056,661,2026-04-12,400000,60,KYC Pending
2057,1439,2026-05-12,500000,48,Approved
2058,2438,2026-04-13,500000,48,Incomplete
2059,2085,2026-08-02,750000,12,Rejected
2060,2055,2026-06-03,500000,60,KYC Pending
2061,4996,2026-06-21,100000,24,Rejected
2062,1732,2026-06-17,250000,36,Disbursed
2063,1670,2026-07-28,500000,60,Disbursed
2064,2474,2026-03-10,1000000,24,Approved
2065,2837,2026-04-21,100000,48,Disbursed
2066,3858,2026-06-27,500000,12,Disbursed
2067,3612,2026-05-29,400000,24,Disbursed
2068,3325,2026-06-04,250000,12,Disbursed
2069,3057,2026-05-20,250000,24,Disbursed
2070,4836,2026-06-09,750000,36,Disbursed
2071,2363,2026-06-06,300000,24,KYC Pending
2072,1676,2026-04-22,1000000,12,KYC Pending
2073,3536,2026-02-27,500000,36,Rejected
2074,1797,2026-06-24,750000,24,Disbursed
2075,4351,2026-06-01,1000000,60,Disbursed
2076,421,2026-01-23,750000,12,Incomplete
2077,3207,2026-04-23,400000,48,Rejected
2078,166,2026-05-29,50000,12,Disbursed
2079,4550,2026-05-22,400000,36,KYC Pending
2080,3722,2026-05-26,150000,24,Approved
2081,1576,2026-07-04,100000,12,Disbursed
2082,3280,2026-07-28,150000,12,Disbursed
2083,2232,2026-07-21,150000,36,Disbursed
2084,228,2026-07-21,50000,12,KYC Pending
2085,3538,2026-03-25,750000,24,Rejected
2086,4997,2026-06-27,200000,36,KYC Pending
2087,1205,2026-07-06,500000,48,Rejected
2088,3298,2026-01-24,50000,60,Approved
2089,176,2026-02-15,750000,24,Disbursed
2090,3868,2026-04-03,400000,48,Disbursed
2091,1111,2026-08-09,1000000,48,Rejected
2092,33,2026-05-22,750000,24,Rejected
2093,4947,2026-07-14,200000,60,KYC Pending
2094,1061,2026-02-24,150000,24,Rejected
2095,107,2026-05-22,250000,12,Disbursed
2096,1368,2026-05-21,500000,12,Incomplete
2097,4633,2026-05-17,200000,60,Incomplete
2098,3856,2026-04-23,300000,12,Approved
2099,4845,2026-04-18,750000,24,Rejected
2100,2244,2026-04-27,1000000,12,Approved
2101,1597,2026-04-16,500000,24,Approved
2102,640,2026-04-25,750000,48,Disbursed
2103,4980,2026-08-03,250000,60,KYC Pending
2104,2210,2026-07-11,750000,48,Rejected
2105,1837,2026-06-24,150000,36,KYC Pending
2106,2545,2026-03-07,100000,12,Rejected
2107,597,2026-01-12,400000,48,Incomplete
2108,1214,2026-07-30,50000,60,Approved
2109,2068,2026-01-29,250000,36,Incomplete
2110,4581,2026-05-27,50000,48,Rejected
2111,4602,2026-01-30,200000,36,Disbursed
2112,2396,2026-05-30,300000,48,Disbursed
2113,1647,2026-05-07,400000,36,Disbursed
2114,2833,2026-04-03,200000,12,Disbursed
2115,3360,2026-03-21,50000,36,Disbursed
2116,1112,2026-07-12,100000,12,Rejected
2117,1396,2026-04-05,1000000,24,Disbursed
2118,480,2026-03-08,250000,24,Disbursed
2119,1513,2026-04-23,400000,12,Disbursed
2120,126,2026-04-10,300000,12,Disbursed
2121,2857,2026-05-16,100000,12,KYC Pending
2122,2789,2026-03-28,200000,36,Rejected
2123,2076,2026-06-03,250000,48,KYC Pending
2124,1157,2026-07-20,500000,24,Disbursed
2125,3171,2026-04-06,250000,12,Disbursed
2126,3503,2026-04-11,100000,12,Rejected
2127,1471,2026-03-22,250000,12,Rejected
2128,120,2026-07-24,1000000,24,Rejected
2129,1911,2026-05-15,100000,36,Disbursed
2130,4574,2026-07-14,400000,36,KYC Pending
2131,1993,2026-05-25,1000000,48,KYC Pending
2132,680,2026-06-29,300000,12,Disbursed
2133,2411,2026-04-26,1000000,60,Disbursed
2134,465,2026-06-13,1000000,24,Rejected
2135,9,2026-02-23,1000000,24,Disbursed
2136,3177,2026-04-08,1000000,36,Disbursed
2137,1278,2026-05-14,100000,12,Approved
2138,2036,2026-03-06,400000,48,Disbursed
2139,4243,2026-02-28,400000,48,Rejected
2140,1324,2026-04-14,50000,36,Disbursed
2141,4896,2026-01-16,300000,36,Rejected
2142,1381,2026-02-18,250000,24,Disbursed
2143,2331,2026-07-23,100000,60,Disbursed
2144,1038,2026-03-02,500000,48,KYC Pending
2145,3045,2026-02-13,400000,48,Disbursed
2146,2745,2026-01-25,150000,24,Approved
2147,2333,2026-01-25,200000,48,Approved
2148,4337,2026-07-19,100000,36,Disbursed
2149,4205,2026-04-26,50000,24,Rejected
2150,3161,2026-04-21,750000,24,Rejected
2151,3696,2026-06-12,500000,60,KYC Pending
2152,2931,2026-06-25,100000,60,Disbursed
2153,2603,2026-02-19,100000,48,KYC Pending
2154,2964,2026-08-09,500000,24,Disbursed
2155,2888,2026-06-30,400000,36,Disbursed
2156,4723,2026-06-18,200000,24,Disbursed
2157,3357,2026-05-04,250000,36,Rejected
2158,197,2026-05-24,50000,60,Disbursed
2159,4916,2026-08-10,250000,24,Rejected
2160,2764,2026-06-03,300000,24,Disbursed
2161,1917,2026-06-29,400000,12,Rejected
2162,622,2026-05-05,750000,24,Rejected
2163,1022,2026-05-16,200000,60,Disbursed
2164,1673,2026-07-06,400000,24,Incomplete
2165,4769,2026-05-12,400000,48,KYC Pending
2166,3922,2026-07-01,1000000,60,KYC Pending
2167,423,2026-04-28,150000,60,Disbursed
2168,4541,2026-04-23,50000,36,Disbursed
2169,3936,2026-03-07,250000,36,Disbursed
2170,2046,2026-06-09,100000,36,Disbursed
2171,3713,2026-06-03,300000,12,Disbursed
2172,4380,2026-03-28,500000,48,KYC Pending
2173,979,2026-06-27,200000,48,Rejected
2174,294,2026-01-13,400000,24,Disbursed
2175,3123,2026-04-25,250000,60,Rejected
2176,1756,2026-05-01,200000,12,Rejected
2177,4770,2026-04-09,1000000,48,Incomplete
2178,1559,2026-01-20,50000,60,KYC Pending
2179,588,2026-07-12,300000,60,Disbursed
2180,1510,2026-02-07,150000,24,Approved
2181,2090,2026-03-01,750000,24,KYC Pending
2182,1102,2026-01-13,1000000,24,Rejected
2183,3902,2026-02-03,250000,12,Disbursed
2184,873,2026-07-25,150000,24,Incomplete
2185,308,2026-06-16,500000,12,Incomplete
2186,3772,2026-08-18,400000,36,Disbursed
2187,4712,2026-08-31,150000,48,Incomplete
2188,1299,2026-07-01,750000,36,Rejected
2189,3509,2026-05-11,200000,36,Rejected
2190,4524,2026-06-09,750000,36,Incomplete
2191,811,2026-04-19,250000,12,Incomplete
2192,2631,2026-03-28,750000,12,Rejected
2193,3593,2026-06-03,750000,48,Incomplete
2194,301,2026-07-02,150000,48,Approved
2195,3017,2026-01-25,300000,48,Approved
2196,3136,2026-07-02,750000,48,KYC Pending
2197,2134,2026-08-21,100000,48,Rejected
2198,2710,2026-03-09,400000,60,Disbursed
2199,4757,2026-02-28,150000,24,Rejected
2200,3422,2026-04-23,100000,48,Disbursed
2201,1243,2026-07-20,300000,24,Disbursed
2202,3439,2026-03-29,150000,36,Incomplete
2203,1548,2026-07-23,100000,36,Incomplete
2204,4584,2026-07-25,100000,60,Disbursed
2205,4594,2026-05-19,200000,12,KYC Pending
2206,4516,2026-05-26,300000,24,Rejected
2207,833,2026-08-11,300000,24,Incomplete
2208,476,2026-07-17,100000,12,Disbursed
2209,2662,2026-02-23,1000000,48,Disbursed
2210,354,2026-07-26,250000,24,Disbursed
2211,3691,2026-02-02,400000,36,KYC Pending
2212,3594,2026-03-07,400000,24,Rejected
2213,1327,2026-03-20,50000,36,Incomplete
2214,2318,2026-03-09,150000,60,Approved
2215,4580,2026-03-04,300000,12,KYC Pending
2216,944,2026-06-19,1000000,60,Disbursed
2217,3160,2026-03-21,200000,60,Incomplete
2218,1044,2026-04-27,100000,36,Approved
2219,1609,2026-05-02,400000,60,Disbursed
2220,2382,2026-03-09,200000,12,Incomplete
2221,3876,2026-05-02,50000,36,Disbursed
2222,252,2026-06-14,1000000,24,Rejected
2223,3342,2026-04-17,50000,60,Disbursed
2224,4149,2026-07-22,250000,60,KYC Pending
2225,809,2026-03-14,100000,48,Rejected
2226,4678,2026-02-24,50000,60,Rejected
2227,859,2026-06-27,500000,24,Approved
2228,1537,2026-01-20,300000,24,KYC Pending
2229,639,2026-04-15,750000,60,Rejected
2230,4128,2026-03-15,50000,36,Disbursed
2231,3126,2026-07-06,500000,36,Incomplete
2232,4643,2026-02-21,200000,36,Disbursed
2233,2056,2026-05-08,150000,12,Approved
2234,4931,2026-07-03,250000,24,Disbursed
2235,926,2026-05-18,500000,60,Disbursed
2236,4656,2026-03-21,750000,60,Rejected
2237,3374,2026-06-09,250000,60,Disbursed
2238,2980,2026-05-05,50000,12,Disbursed
2239,3535,2026-03-22,150000,24,Rejected
2240,2795,2026-05-08,300000,36,Disbursed
2241,2794,2026-05-15,1000000,60,Disbursed
2242,136,2026-04-29,100000,12,Incomplete
2243,2868,2026-04-18,250000,12,KYC Pending
2244,2466,2026-06-13,100000,24,KYC Pending
2245,3337,2026-02-21,250000,60,Disbursed
2246,3561,2026-06-24,1000000,48,Approved
2247,3586,2026-02-28,400000,60,Disbursed
2248,3274,2026-05-22,50000,36,Approved
2249,288,2026-04-12,750000,12,Rejected
2250,977,2026-07-01,50000,60,KYC Pending
2251,2876,2026-05-23,1000000,12,Disbursed
2252,1277,2026-07-06,150000,60,Disbursed
2253,195,2026-08-30,150000,60,KYC Pending
2254,103,2026-05-31,100000,48,Disbursed
2255,2857,2026-06-11,100000,24,Disbursed
2256,916,2026-02-27,50000,12,Disbursed
2257,4443,2026-04-20,50000,36,Incomplete
2258,3008,2026-03-03,150000,48,Incomplete
2259,4255,2026-05-11,400000,12,Approved
2260,4358,2026-05-21,150000,36,Disbursed
2261,4031,2026-03-14,500000,24,Disbursed
2262,3403,2026-07-21,300000,12,Approved
2263,303,2026-04-13,250000,24,Disbursed
2264,4475,2026-07-23,100000,48,Incomplete
2265,2841,2026-02-18,500000,36,Incomplete
2266,3559,2026-04-20,1000000,48,Rejected
2267,2436,2026-02-01,100000,36,Incomplete
2268,292,2026-05-04,200000,60,Rejected
2269,4792,2026-02-04,400000,12,Disbursed
2270,2031,2026-04-27,400000,60,Disbursed
2271,4606,2026-02-01,100000,12,Approved
2272,2235,2026-03-13,1000000,36,Approved
2273,3486,2026-02-27,250000,60,Disbursed
2274,780,2026-02-13,200000,36,Rejected
2275,412,2026-08-11,150000,48,Incomplete
2276,3714,2026-07-27,100000,60,Rejected
2277,2861,2026-07-28,200000,36,Disbursed
2278,3925,2026-05-15,500000,48,Disbursed
2279,4894,2026-03-27,150000,48,Disbursed
2280,1718,2026-03-12,150000,36,Disbursed
2281,1951,2026-04-26,500000,36,Approved
2282,883,2026-08-17,50000,48,KYC Pending
2283,3891,2026-03-21,100000,36,Disbursed
2284,77,2026-07-17,1000000,36,Disbursed
2285,949,2026-07-19,100000,36,Disbursed
2286,928,2026-03-30,150000,12,Disbursed
2287,4091,2026-01-23,500000,36,KYC Pending
2288,385,2026-03-05,50000,36,KYC Pending
2289,4519,2026-02-18,200000,36,KYC Pending
2290,358,2026-02-27,100000,12,Approved
2291,1012,2026-07-15,1000000,24,Disbursed
2292,1644,2026-03-17,750000,48,Disbursed
2293,4514,2026-05-13,200000,60,Incomplete
2294,32,2026-05-20,150000,24,Rejected
2295,57,2026-03-21,200000,24,Approved
2296,696,2026-08-31,150000,48,Disbursed
2297,3647,2026-01-09,150000,12,Disbursed
2298,1596,2026-08-07,300000,36,Approved
2299,430,2026-04-01,1000000,48,Disbursed
2300,3047,2026-08-08,250000,36,Rejected
2301,4079,2026-03-10,1000000,60,Rejected
2302,904,2026-06-12,400000,48,Disbursed
2303,926,2026-05-09,1000000,12,Rejected
2304,3891,2026-03-16,150000,36,Rejected
2305,4608,2026-03-28,100000,48,Rejected
2306,2256,2026-08-10,750000,60,Disbursed
2307,2511,2026-03-08,750000,24,KYC Pending
2308,4049,2026-03-05,150000,48,Disbursed
2309,4478,2026-03-30,150000,48,Disbursed
2310,3864,2026-02-02,100000,36,Disbursed
2311,2372,2026-05-06,750000,60,Rejected
2312,2326,2026-05-20,1000000,24,Disbursed
2313,1197,2026-04-13,1000000,36,KYC Pending
2314,1570,2026-06-01,750000,12,Rejected
2315,3075,2026-05-10,50000,60,Rejected
2316,4562,2026-06-24,150000,24,Rejected
2317,3326,2026-03-16,500000,24,KYC Pending
2318,328,2026-01-30,150000,36,KYC Pending
2319,2072,2026-08-05,1000000,48,Rejected
2320,1114,2026-06-14,400000,24,KYC Pending
2321,4537,2026-07-14,200000,60,KYC Pending
2322,882,2026-03-31,500000,36,KYC Pending
2323,47,2026-08-04,100000,12,Disbursed
2324,4543,2026-03-02,400000,36,KYC Pending
2325,3627,2026-04-26,1000000,60,Rejected
2326,3249,2026-08-12,300000,60,KYC Pending
2327,4700,2026-03-26,1000000,48,Rejected
2328,3366,2026-05-03,1000000,36,Incomplete
2329,4167,2026-02-06,500000,12,KYC Pending
2330,2620,2026-05-31,1000000,12,Rejected
2331,1411,2026-08-10,250000,24,Rejected
2332,4433,2026-01-24,1000000,48,KYC Pending
2333,1592,2026-06-23,500000,24,Disbursed
2334,3174,2026-07-25,150000,48,Disbursed
2335,591,2026-08-31,250000,24,Rejected
2336,3723,2026-06-26,200000,24,Rejected
2337,535,2026-03-30,200000,60,KYC Pending
2338,754,2026-02-18,1000000,24,KYC Pending
2339,1626,2026-04-12,1000000,60,Rejected
2340,2880,2026-03-25,300000,48,KYC Pending
2341,2417,2026-06-20,750000,12,Disbursed
2342,2409,2026-07-13,200000,60,Rejected
2343,3255,2026-03-11,400000,12,Rejected
2344,2665,2026-05-09,200000,48,Rejected
2345,2896,2026-03-25,200000,12,Rejected
2346,3730,2026-04-30,400000,60,Rejected
2347,483,2026-01-27,100000,60,Disbursed
2348,852,2026-03-10,750000,48,Rejected
2349,1127,2026-01-11,300000,36,Disbursed
2350,1291,2026-07-27,50000,24,Disbursed
2351,4930,2026-02-25,250000,24,Disbursed
2352,2278,2026-02-21,150000,60,KYC Pending
2353,2563,2026-03-25,1000000,60,Disbursed
2354,2790,2026-02-26,500000,48,Disbursed
2355,4319,2026-06-22,200000,48,Rejected
2356,859,2026-06-16,300000,24,Rejected
2357,2197,2026-07-03,50000,48,Disbursed
2358,3034,2026-03-27,500000,24,Rejected
2359,3901,2026-02-14,250000,24,Incomplete
2360,1413,2026-08-30,100000,36,Approved
2361,387,2026-04-26,250000,24,Approved
2362,3234,2026-06-13,500000,12,Disbursed
2363,242,2026-02-22,500000,36,Rejected
2364,4664,2026-02-22,1000000,36,Disbursed
2365,4786,2026-06-28,50000,60,Disbursed
2366,4513,2026-03-05,300000,12,Approved
2367,853,2026-05-26,150000,24,Approved
2368,4389,2026-08-02,400000,60,Rejected
2369,1647,2026-05-12,750000,60,Disbursed
2370,1834,2026-05-25,100000,24,Disbursed
2371,4461,2026-08-31,1000000,24,Incomplete
2372,363,2026-07-19,500000,24,KYC Pending
2373,1892,2026-03-11,50000,48,KYC Pending
2374,4666,2026-07-21,750000,24,KYC Pending
2375,4168,2026-06-17,200000,60,Disbursed
2376,1613,2026-05-10,200000,60,Incomplete
2377,2583,2026-08-25,500000,12,Disbursed
2378,4214,2026-03-30,200000,36,Disbursed
2379,3963,2026-03-05,150000,24,Disbursed
2380,2407,2026-06-20,1000000,12,Rejected
2381,3069,2026-04-06,1000000,24,Approved
2382,394,2026-06-01,500000,48,Rejected
2383,1701,2026-03-05,250000,60,Disbursed
2384,3996,2026-07-04,100000,36,Disbursed
2385,2238,2026-08-16,750000,48,Disbursed
2386,4259,2026-07-04,1000000,60,Disbursed
2387,2504,2026-06-20,150000,60,Rejected
2388,3005,2026-01-14,150000,48,Rejected
2389,4662,2026-02-24,200000,24,Approved
2390,3384,2026-08-12,1000000,24,Rejected
2391,3987,2026-03-04,250000,36,Rejected
2392,2703,2026-06-19,400000,24,Incomplete
2393,2230,2026-06-11,300000,60,Incomplete
2394,4214,2026-03-28,250000,36,KYC Pending
2395,3052,2026-06-03,400000,24,Rejected
2396,2367,2026-03-30,300000,60,Rejected
2397,1010,2026-06-29,500000,48,Rejected
2398,1758,2026-04-03,400000,48,KYC Pending
2399,2049,2026-06-16,100000,12,Disbursed
2400,1346,2026-04-19,1000000,48,Rejected
2401,1763,2026-04-20,50000,48,Rejected
2402,1678,2026-07-15,400000,24,Disbursed
2403,1174,2026-05-24,50000,24,Rejected
2404,596,2026-06-19,500000,48,Incomplete
2405,3408,2026-05-11,250000,60,Rejected
2406,3568,2026-03-02,1000000,36,Approved
2407,920,2026-04-09,300000,60,Approved
2408,4079,2026-04-15,1000000,36,Disbursed
2409,805,2026-07-25,250000,60,Approved
2410,2789,2026-04-17,750000,60,Incomplete
2411,1875,2026-03-10,300000,12,Incomplete
2412,642,2026-05-02,1000000,48,KYC Pending
2413,4993,2026-03-14,50000,12,Approved
2414,4862,2026-07-02,1000000,36,Rejected
2415,1388,2026-06-05,750000,24,Incomplete
2416,2985,2026-04-29,300000,36,Disbursed
2417,3672,2026-04-30,50000,60,Rejected
2418,3279,2026-05-18,1000000,48,Rejected
2419,2023,2026-07-27,200000,36,Disbursed
2420,623,2026-07-12,750000,24,Rejected
2421,4932,2026-07-11,1000000,12,Rejected
2422,3428,2026-06-10,150000,48,Rejected
2423,3597,2026-04-20,150000,12,Incomplete
2424,3845,2026-08-19,1000000,48,Rejected
2425,2509,2026-05-14,750000,36,Rejected
2426,4587,2026-02-02,1000000,12,KYC Pending
2427,2362,2026-07-07,500000,12,Disbursed
2428,522,2026-05-13,200000,12,Approved
2429,1671,2026-06-06,150000,48,Disbursed
2430,2378,2026-04-30,150000,24,Incomplete
2431,4647,2026-01-24,150000,12,KYC Pending
2432,3719,2026-01-14,1000000,48,Incomplete
2433,1385,2026-03-07,100000,48,KYC Pending
2434,3379,2026-06-26,250000,24,Disbursed
2435,3424,2026-08-26,100000,60,Disbursed
2436,2758,2026-02-08,300000,48,Disbursed
2437,1614,2026-05-13,50000,12,Rejected
2438,4546,2026-05-25,300000,36,KYC Pending
2439,1809,2026-03-21,50000,48,KYC Pending
2440,3543,2026-06-11,50000,48,Disbursed
2441,653,2026-05-17,200000,36,Rejected
2442,3000,2026-05-14,750000,60,Approved
2443,4068,2026-07-22,300000,36,Disbursed
2444,2870,2026-04-18,500000,36,Rejected
2445,1021,2026-08-15,200000,60,Disbursed
2446,352,2026-05-06,250000,60,Rejected
2447,1435,2026-02-13,750000,60,Rejected
2448,1937,2026-08-28,200000,12,Incomplete
2449,1092,2026-02-10,750000,36,Rejected
2450,375,2026-03-27,500000,36,Rejected
2451,2920,2026-07-25,500000,12,Rejected
2452,3125,2026-03-29,200000,60,Approved
2453,1707,2026-03-24,150000,12,Incomplete
2454,3476,2026-02-08,500000,36,KYC Pending
2455,1401,2026-02-12,150000,24,Incomplete
2456,2750,2026-05-26,750000,48,Rejected
2457,1515,2026-06-04,200000,48,KYC Pending
2458,646,2026-07-27,400000,24,Rejected
2459,1598,2026-04-19,750000,60,KYC Pending
2460,1999,2026-03-15,100000,60,Disbursed
2461,1096,2026-03-24,400000,36,Disbursed
2462,4187,2026-04-02,150000,12,Approved
2463,2305,2026-03-19,50000,60,Disbursed
2464,2584,2026-08-07,500000,24,Rejected
2465,1520,2026-07-01,150000,12,KYC Pending
2466,2738,2026-03-31,1000000,12,Rejected
2467,2751,2026-03-19,150000,48,Incomplete
2468,4761,2026-02-06,1000000,36,Approved
2469,2717,2026-07-14,500000,48,Rejected
2470,2640,2026-07-22,50000,12,Disbursed
2471,1658,2026-02-22,150000,36,Rejected
2472,3577,2026-04-25,300000,48,KYC Pending
2473,3994,2026-04-11,750000,36,Incomplete
2474,1933,2026-05-10,750000,36,KYC Pending
2475,727,2026-08-12,50000,24,Approved
2476,2709,2026-04-17,100000,12,Rejected
2477,4458,2026-05-24,50000,24,Rejected
2478,2347,2026-06-22,250000,60,Disbursed
2479,2431,2026-04-27,250000,48,Approved
2480,3619,2026-02-20,200000,48,Disbursed
2481,3997,2026-01-13,400000,48,Rejected
2482,4569,2026-03-31,150000,24,Disbursed
2483,1792,2026-02-04,250000,24,Disbursed
2484,2910,2026-05-30,100000,36,Disbursed
2485,1461,2026-06-17,50000,12,Disbursed
2486,1146,2026-05-06,750000,24,Rejected
2487,3039,2026-02-10,400000,36,Disbursed
2488,4991,2026-03-01,1000000,12,Rejected
2489,2885,2026-02-10,400000,60,Incomplete
2490,792,2026-08-31,750000,36,Rejected
2491,3309,2026-08-18,150000,36,Approved
2492,1762,2026-03-04,1000000,36,Rejected
2493,2098,2026-03-15,500000,12,Disbursed
2494,2391,2026-03-15,300000,60,KYC Pending
2495,4085,2026-07-20,500000,36,Approved
2496,4546,2026-04-21,100000,36,Approved
2497,3513,2026-04-16,250000,12,Disbursed
2498,3825,2026-08-24,1000000,36,Incomplete
2499,1814,2026-08-14,100000,24,Disbursed
2500,4854,2026-06-24,500000,24,Incomplete
2501,1221,2026-05-09,400000,60,Rejected
2502,4427,2026-05-20,50000,12,Disbursed
2503,4065,2026-02-20,400000,48,Disbursed
2504,4297,2026-05-08,50000,12,Incomplete
2505,1430,2026-05-12,150000,12,KYC Pending
2506,2775,2026-08-17,50000,36,KYC Pending
2507,888,2026-04-10,750000,12,Approved
2508,1161,2026-07-26,1000000,60,Disbursed
2509,1366,2026-06-28,100000,60,Approved
2510,3160,2026-03-20,50000,24,Rejected
2511,3816,2026-06-17,250000,24,KYC Pending
2512,4994,2026-07-13,750000,12,Disbursed
2513,3033,2026-07-08,200000,24,Approved
2514,2449,2026-07-07,200000,24,Disbursed
2515,2647,2026-03-22,250000,36,Approved
2516,3382,2026-05-02,1000000,48,Rejected
2517,880,2026-05-11,150000,60,KYC Pending
2518,2146,2026-05-08,1000000,60,Incomplete
2519,1552,2026-06-13,250000,48,KYC Pending
2520,4277,2026-06-03,750000,36,Disbursed
2521,1545,2026-06-06,750000,60,KYC Pending
2522,1490,2026-08-05,200000,24,Rejected
2523,4863,2026-03-14,750000,36,KYC Pending
2524,2863,2026-02-19,250000,36,KYC Pending
2525,3873,2026-03-12,50000,24,Incomplete
2526,3721,2026-07-18,400000,48,Incomplete
2527,4166,2026-06-15,250000,36,Incomplete
2528,916,2026-02-24,200000,24,Approved
2529,857,2026-06-04,1000000,48,Rejected
2530,1855,2026-03-23,1000000,60,Rejected
2531,3504,2026-01-18,300000,48,KYC Pending
2532,2913,2026-04-22,100000,36,KYC Pending
2533,3740,2026-03-26,100000,36,Approved
2534,3005,2026-01-28,50000,60,KYC Pending
2535,310,2026-06-26,50000,36,Approved
2536,3086,2026-06-29,100000,12,Disbursed
2537,3191,2026-03-11,300000,48,Disbursed
2538,1396,2026-04-12,500000,48,Disbursed
2539,113,2026-08-22,100000,36,Disbursed
2540,573,2026-02-08,100000,36,KYC Pending
2541,1548,2026-07-21,400000,48,Rejected
2542,884,2026-05-09,300000,60,Approved
2543,4993,2026-03-27,150000,36,KYC Pending
2544,2424,2026-03-24,150000,24,Disbursed
2545,4941,2026-06-21,100000,12,Disbursed
2546,535,2026-04-14,1000000,60,Incomplete
2547,1840,2026-03-29,1000000,24,KYC Pending
2548,3424,2026-07-12,50000,24,Rejected
2549,1449,2026-08-21,400000,24,Disbursed
2550,130,2026-04-16,200000,12,Disbursed
2551,1157,2026-08-23,150000,12,Disbursed
2552,3418,2026-03-08,1000000,24,Rejected
2553,1412,2026-04-11,250000,60,Incomplete
2554,4141,2026-03-05,400000,24,Approved
2555,3224,2026-03-09,100000,24,KYC Pending
2556,2707,2026-06-16,750000,48,Disbursed
2557,3807,2026-03-01,500000,36,Rejected
2558,352,2026-05-09,300000,48,Disbursed
2559,1024,2026-07-24,300000,48,Disbursed
2560,1536,2026-08-11,50000,24,Disbursed
2561,3116,2026-07-30,100000,24,Rejected
2562,391,2026-04-16,500000,12,Disbursed
2563,79,2026-04-21,500000,48,Rejected
2564,581,2026-07-30,200000,12,Rejected
2565,3694,2026-07-27,400000,24,Rejected
2566,4426,2026-04-08,50000,48,Approved
2567,1275,2026-07-11,300000,12,Disbursed
2568,1049,2026-03-02,400000,36,Disbursed
2569,4899,2026-03-26,300000,60,Disbursed
2570,4771,2026-06-15,200000,60,Approved
2571,423,2026-05-19,100000,60,Approved
2572,3112,2026-08-14,300000,48,Approved
2573,2648,2026-07-06,150000,24,Approved
2574,4935,2026-04-01,400000,36,Disbursed
2575,3000,2026-05-05,100000,24,Rejected
2576,4272,2026-05-24,300000,60,Rejected
2577,629,2026-05-15,400000,48,Disbursed
2578,4025,2026-02-13,400000,24,Rejected
2579,4794,2026-03-22,200000,24,Rejected
2580,4699,2026-06-10,500000,36,Disbursed
2581,3705,2026-06-13,1000000,60,KYC Pending
2582,689,2026-04-01,750000,60,KYC Pending
2583,566,2026-08-08,50000,24,Approved
2584,3247,2026-02-11,300000,48,Incomplete
2585,3401,2026-08-10,200000,60,KYC Pending
2586,3862,2026-06-04,200000,36,Rejected
2587,1374,2026-06-18,200000,36,Approved
2588,1769,2026-05-13,500000,48,KYC Pending
2589,2058,2026-01-14,400000,48,Disbursed
2590,935,2026-06-12,750000,36,Disbursed
2591,4146,2026-03-19,1000000,24,Rejected
2592,800,2026-04-08,200000,24,Disbursed
2593,347,2026-07-31,500000,60,Rejected
2594,2611,2026-07-10,750000,48,Approved
2595,4562,2026-06-08,500000,60,KYC Pending
2596,1656,2026-08-15,150000,24,Rejected
2597,51,2026-07-19,150000,48,Incomplete
2598,804,2026-05-16,750000,48,Incomplete
2599,735,2026-03-03,750000,36,KYC Pending
2600,2979,2026-03-19,50000,24,Approved
2601,1525,2026-06-23,100000,24,Approved
2602,4130,2026-08-31,1000000,48,Incomplete
2603,3460,2026-04-22,250000,60,Disbursed
2604,3228,2026-04-01,500000,48,Approved
2605,2369,2026-04-03,100000,36,Incomplete
2606,2157,2026-05-18,200000,36,Disbursed
2607,4438,2026-06-02,50000,12,Rejected
2608,3818,2026-05-22,200000,48,Approved
2609,3718,2026-02-11,100000,60,Rejected
2610,3738,2026-05-30,1000000,36,Incomplete
2611,2759,2026-07-02,1000000,24,Rejected
2612,3419,2026-04-24,100000,36,KYC Pending
2613,1355,2026-02-28,1000000,48,Rejected
2614,3725,2026-01-08,1000000,48,Incomplete
2615,1234,2026-05-13,100000,60,Disbursed
2616,2972,2026-05-26,750000,48,Rejected
2617,564,2026-08-10,500000,12,Incomplete
2618,4226,2026-06-15,150000,12,KYC Pending
2619,2585,2026-07-13,1000000,12,Rejected
2620,1661,2026-03-25,150000,24,Disbursed
2621,1007,2026-03-29,50000,24,Disbursed
2622,4984,2026-06-11,750000,48,Rejected
2623,399,2026-06-24,1000000,24,Rejected
2624,1869,2026-02-15,750000,48,Rejected
2625,3256,2026-03-05,300000,48,Incomplete
2626,4290,2026-01-31,200000,12,Rejected
2627,3395,2026-06-17,200000,24,Disbursed
2628,3338,2026-05-10,50000,60,Incomplete
2629,3435,2026-04-21,500000,24,Approved
2630,426,2026-03-18,500000,48,Disbursed
2631,2586,2026-07-13,750000,48,Rejected
2632,4128,2026-03-22,200000,24,Disbursed
2633,3932,2026-07-04,400000,60,Disbursed
2634,4876,2026-02-28,150000,24,Disbursed
2635,1468,2026-04-15,400000,60,Incomplete
2636,3765,2026-07-09,50000,24,Disbursed
2637,4802,2026-02-15,100000,12,Rejected
2638,4528,2026-02-25,200000,60,KYC Pending
2639,2919,2026-04-20,300000,60,KYC Pending
2640,3486,2026-03-17,1000000,24,Disbursed
2641,4071,2026-03-17,150000,36,Approved
2642,346,2026-06-17,1000000,60,Approved
2643,556,2026-03-29,150000,36,Rejected
2644,845,2026-03-02,750000,36,KYC Pending
2645,4631,2026-06-08,250000,24,Approved
2646,352,2026-05-07,400000,48,Disbursed
2647,997,2026-03-31,50000,36,Disbursed
2648,1968,2026-01-20,1000000,60,Disbursed
2649,381,2026-03-26,100000,36,Incomplete
2650,3557,2026-04-18,150000,48,Rejected
2651,245,2026-07-15,500000,48,Disbursed
2652,212,2026-08-26,50000,12,Incomplete
2653,2060,2026-02-23,150000,12,Rejected
2654,2690,2026-03-02,750000,36,KYC Pending
2655,4114,2026-02-21,250000,36,Approved
2656,813,2026-03-30,250000,12,Disbursed
2657,3694,2026-08-01,400000,60,Incomplete
2658,2449,2026-06-24,50000,36,Approved
2659,389,2026-01-21,400000,12,Disbursed
2660,1741,2026-02-16,50000,48,Disbursed
2661,2814,2026-07-20,1000000,48,Rejected
2662,2030,2026-07-01,300000,24,Disbursed
2663,4536,2026-06-27,50000,36,Disbursed
2664,999,2026-03-28,200000,60,Incomplete
2665,1170,2026-06-17,100000,60,Incomplete
2666,4017,2026-05-21,50000,36,Disbursed
2667,2909,2026-05-17,300000,48,Rejected
2668,4305,2026-08-07,50000,12,KYC Pending
2669,60,2026-07-10,400000,48,KYC Pending
2670,34,2026-03-06,50000,36,Incomplete
2671,3121,2026-04-15,300000,48,Disbursed
2672,3092,2026-03-09,500000,24,Disbursed
2673,3281,2026-05-30,100000,12,Disbursed
2674,1579,2026-03-04,1000000,12,Approved
2675,2416,2026-02-03,200000,24,Incomplete
2676,3992,2026-08-15,200000,12,Incomplete
2677,4842,2026-02-17,500000,60,Rejected
2678,2155,2026-03-27,750000,48,Rejected
2679,2762,2026-05-29,400000,48,KYC Pending
2680,2410,2026-01-13,50000,12,Incomplete
2681,1068,2026-07-21,300000,24,KYC Pending
2682,1664,2026-04-14,100000,36,Approved
2683,1675,2026-05-28,1000000,36,Rejected
2684,4377,2026-06-19,300000,12,KYC Pending
2685,610,2026-02-22,1000000,36,Rejected
2686,2375,2026-07-14,150000,48,Rejected
2687,4988,2026-01-27,400000,24,Disbursed
2688,1198,2026-02-21,750000,12,KYC Pending
2689,1976,2026-05-16,250000,60,Rejected
2690,1532,2026-03-07,750000,24,KYC Pending
2691,2368,2026-03-15,300000,24,Disbursed
2692,1549,2026-07-06,150000,48,Disbursed
2693,115,2026-08-11,400000,12,Incomplete
2694,1480,2026-05-07,750000,24,Rejected
2695,1036,2026-05-01,200000,12,Disbursed
2696,271,2026-03-31,1000000,48,Disbursed
2697,4022,2026-05-14,100000,60,Disbursed
2698,4499,2026-08-26,150000,36,Incomplete
2699,3144,2026-04-15,400000,24,KYC Pending
2700,1232,2026-02-13,500000,12,Disbursed
2701,4,2026-01-30,300000,48,Rejected
2702,2346,2026-03-29,500000,24,Disbursed
2703,937,2026-05-09,500000,12,Rejected
2704,1181,2026-04-25,250000,60,Approved
2705,1173,2026-06-26,150000,60,Disbursed
2706,740,2026-05-30,750000,24,Rejected
2707,3690,2026-08-10,50000,48,Disbursed
2708,3105,2026-03-26,100000,60,Disbursed
2709,4782,2026-07-11,500000,24,KYC Pending
2710,2251,2026-03-04,300000,12,KYC Pending
2711,3456,2026-02-07,1000000,12,Approved
2712,2147,2026-06-16,1000000,24,Rejected
2713,3622,2026-03-28,300000,12,Approved
2714,919,2026-08-24,50000,60,Rejected
2715,2947,2026-06-01,250000,24,Incomplete
2716,3995,2026-03-21,100000,12,Approved
2717,1371,2026-04-22,300000,36,Disbursed
2718,3778,2026-08-07,200000,60,Disbursed
2719,3286,2026-07-03,150000,60,Approved
2720,2038,2026-07-30,1000000,36,Disbursed
2721,2243,2026-02-11,150000,12,Rejected
2722,3732,2026-08-22,250000,24,Approved
2723,108,2026-06-20,250000,60,Rejected
2724,4971,2026-07-29,150000,36,Incomplete
2725,2490,2026-02-11,50000,60,Disbursed
2726,4638,2026-01-14,400000,60,KYC Pending
2727,4803,2026-07-05,500000,12,KYC Pending
2728,3497,2026-01-28,750000,12,Disbursed
2729,1539,2026-03-15,150000,12,Approved
2730,1797,2026-06-24,200000,24,Incomplete
2731,1991,2026-07-28,100000,36,Disbursed
2732,2116,2026-08-20,750000,60,Rejected
2733,4396,2026-03-26,200000,24,KYC Pending
2734,4648,2026-02-21,400000,24,Disbursed
2735,2387,2026-02-23,50000,36,Disbursed
2736,1459,2026-08-22,400000,24,KYC Pending
2737,1372,2026-05-10,400000,36,Approved
2738,2596,2026-03-11,300000,12,KYC Pending
2739,2509,2026-05-27,1000000,60,KYC Pending
2740,3263,2026-05-30,100000,60,Incomplete
2741,3306,2026-04-02,500000,36,Disbursed
2742,2892,2026-04-02,400000,24,Disbursed
2743,3399,2026-02-07,750000,48,Incomplete
2744,4646,2026-06-21,750000,36,KYC Pending
2745,4983,2026-04-16,400000,36,KYC Pending
2746,4009,2026-06-11,1000000,48,Disbursed
2747,1555,2026-05-22,50000,24,Rejected
2748,3896,2026-08-16,750000,48,KYC Pending
2749,2006,2026-05-06,200000,36,KYC Pending
2750,3923,2026-04-10,100000,24,Disbursed
2751,2441,2026-06-19,250000,12,Rejected
2752,2252,2026-02-08,50000,36,Rejected
2753,451,2026-02-20,250000,24,Disbursed
2754,216,2026-01-24,250000,24,Disbursed
2755,3953,2026-04-17,750000,12,Rejected
2756,3373,2026-03-07,400000,60,Disbursed
2757,1259,2026-05-30,150000,24,Incomplete
2758,1779,2026-06-06,400000,12,Disbursed
2759,3305,2026-07-24,1000000,48,Rejected
2760,1620,2026-04-09,500000,36,Rejected
2761,3885,2026-03-22,500000,60,Approved
2762,1876,2026-05-18,500000,24,Rejected
2763,257,2026-03-10,200000,24,Disbursed
2764,3231,2026-02-25,200000,12,Rejected
2765,3489,2026-03-22,250000,24,Rejected
2766,866,2026-05-03,1000000,60,Approved
2767,673,2026-06-27,300000,24,Disbursed
2768,4641,2026-04-28,150000,24,Rejected
2769,4862,2026-06-29,750000,36,Rejected
2770,10,2026-08-31,400000,36,KYC Pending
2771,1124,2026-05-17,300000,24,KYC Pending
2772,2041,2026-08-21,250000,12,KYC Pending
2773,1654,2026-02-17,100000,36,KYC Pending
2774,4922,2026-08-26,200000,12,Approved
2775,2926,2026-08-08,250000,60,Disbursed
2776,2042,2026-08-04,150000,48,KYC Pending
2777,752,2026-07-22,300000,36,Disbursed
2778,1342,2026-04-21,400000,60,KYC Pending
2779,296,2026-04-29,200000,24,Rejected
2780,4437,2026-01-22,500000,12,Incomplete
2781,1853,2026-02-23,500000,12,Disbursed
2782,1943,2026-08-23,100000,48,Rejected
2783,4070,2026-05-23,400000,12,Incomplete
2784,3700,2026-03-08,750000,48,Rejected
2785,4005,2026-05-21,400000,48,Approved
2786,1467,2026-08-27,750000,60,KYC Pending
2787,2000,2026-05-21,400000,60,Rejected
2788,1725,2026-02-08,100000,24,Rejected
2789,3186,2026-05-04,300000,60,Approved
2790,4093,2026-03-15,500000,24,Disbursed
2791,1735,2026-04-20,100000,24,Incomplete
2792,4679,2026-04-12,500000,48,Rejected
2793,1577,2026-07-10,400000,48,Rejected
2794,297,2026-02-18,150000,60,Approved
2795,3323,2026-05-17,300000,48,Approved
2796,2230,2026-06-08,250000,60,Disbursed
2797,2411,2026-04-28,250000,24,KYC Pending
2798,2514,2026-08-04,750000,12,Rejected
2799,3434,2026-07-03,300000,12,Incomplete
2800,4251,2026-06-20,300000,12,Approved
2801,4848,2026-01-28,750000,36,KYC Pending
2802,548,2026-08-24,100000,48,Incomplete
2803,525,2026-08-17,150000,36,KYC Pending
2804,2901,2026-03-24,400000,24,Disbursed
2805,660,2026-02-01,150000,48,Disbursed
2806,2398,2026-05-19,300000,48,Incomplete
2807,2840,2026-03-26,400000,36,Disbursed
2808,4963,2026-03-15,100000,12,KYC Pending
2809,1615,2026-02-24,300000,12,KYC Pending
2810,1284,2026-05-31,100000,36,Approved
2811,1337,2026-05-30,150000,60,KYC Pending
2812,4694,2026-06-05,100000,24,Disbursed
2813,320,2026-03-17,1000000,24,Disbursed
2814,4588,2026-04-30,750000,24,KYC Pending
2815,1696,2026-04-23,100000,12,Rejected
2816,462,2026-06-08,50000,24,Incomplete
2817,3417,2026-06-23,100000,12,Rejected
2818,2536,2026-06-14,200000,12,Disbursed
2819,4094,2026-05-21,1000000,12,Incomplete
2820,1883,2026-05-26,500000,48,Disbursed
2821,3193,2026-02-07,50000,24,Disbursed
2822,1545,2026-05-25,400000,36,Rejected
2823,1703,2026-03-10,500000,24,Disbursed
2824,773,2026-06-10,50000,36,Approved
2825,2911,2026-08-19,200000,48,Rejected
2826,478,2026-04-02,100000,48,Approved
2827,115,2026-08-05,400000,60,Rejected
2828,2804,2026-06-19,1000000,24,Incomplete
2829,2397,2026-07-25,50000,36,Rejected
2830,2646,2026-02-01,400000,36,Disbursed
2831,3672,2026-03-28,100000,24,Disbursed
2832,4900,2026-08-12,400000,48,Disbursed
2833,4778,2026-02-19,200000,36,Disbursed
2834,635,2026-05-25,200000,12,Disbursed
2835,2882,2026-04-24,100000,24,Approved
2836,238,2026-02-09,750000,36,Disbursed
2837,118,2026-07-09,750000,48,Approved
2838,3596,2026-03-20,50000,36,Disbursed
2839,1634,2026-08-27,200000,48,Disbursed
2840,2609,2026-07-30,500000,36,KYC Pending
2841,2872,2026-06-20,400000,60,Rejected
2842,2130,2026-04-20,100000,36,Disbursed
2843,3881,2026-06-15,300000,12,KYC Pending
2844,1489,2026-03-23,100000,60,Disbursed
2845,514,2026-03-18,100000,60,KYC Pending
2846,2423,2026-08-14,100000,36,Rejected
2847,527,2026-02-05,750000,24,KYC Pending
2848,106,2026-02-20,50000,36,Rejected
2849,3852,2026-07-08,150000,24,Rejected
2850,2862,2026-06-28,200000,36,Rejected
2851,3042,2026-01-16,150000,12,Disbursed
2852,1813,2026-02-14,500000,60,Disbursed
2853,973,2026-07-13,100000,12,Disbursed
2854,3559,2026-05-04,1000000,12,Disbursed
2855,1887,2026-05-19,300000,48,KYC Pending
2856,2420,2026-05-13,500000,24,Approved
2857,240,2026-07-27,1000000,12,Rejected
2858,1584,2026-08-31,50000,48,Disbursed
2859,1965,2026-02-14,500000,36,KYC Pending
2860,2735,2026-06-06,750000,36,KYC Pending
2861,1264,2026-05-15,750000,36,Rejected
2862,4585,2026-05-03,500000,36,Disbursed
2863,3763,2026-08-21,100000,60,Approved
2864,3051,2026-03-18,400000,36,KYC Pending
2865,1507,2026-07-22,300000,12,Rejected
2866,3783,2026-01-26,250000,36,Rejected
2867,295,2026-05-02,1000000,48,Disbursed
2868,2261,2026-02-20,400000,60,Rejected
2869,4857,2026-02-21,50000,36,Approved
2870,1657,2026-04-10,200000,36,Rejected
2871,4527,2026-03-08,200000,12,Rejected
2872,2722,2026-07-04,1000000,60,Rejected
2873,3343,2026-04-22,300000,12,KYC Pending
2874,4978,2026-03-14,500000,12,Disbursed
2875,3805,2026-04-02,250000,12,KYC Pending
2876,4457,2026-04-17,300000,24,Incomplete
2877,2939,2026-07-05,300000,48,Incomplete
2878,1144,2026-03-05,300000,12,KYC Pending
2879,4806,2026-07-26,150000,48,Disbursed
2880,1811,2026-05-15,250000,48,Disbursed
2881,3492,2026-07-25,100000,24,Approved
2882,1740,2026-05-22,1000000,60,Rejected
2883,471,2026-04-20,200000,24,Disbursed
2884,2218,2026-05-27,150000,36,Rejected
2885,3482,2026-07-30,1000000,12,Incomplete
2886,3065,2026-06-07,1000000,36,Rejected
2887,3663,2026-08-16,250000,48,KYC Pending
2888,1000,2026-02-18,750000,48,Disbursed
2889,3165,2026-01-14,1000000,24,Rejected
2890,1161,2026-07-08,150000,12,KYC Pending
2891,2232,2026-07-17,750000,36,Rejected
2892,4607,2026-03-23,400000,36,Disbursed
2893,2345,2026-06-08,150000,48,Disbursed
2894,3729,2026-02-02,250000,24,Disbursed
2895,4595,2026-07-15,400000,48,Approved
2896,4008,2026-07-03,300000,60,Rejected
2897,724,2026-08-12,100000,24,Incomplete
2898,1593,2026-02-15,1000000,60,Disbursed
2899,2122,2026-03-21,400000,48,Approved
2900,1929,2026-02-01,500000,36,Incomplete
2901,3751,2026-02-11,100000,24,KYC Pending
2902,1195,2026-07-17,200000,12,Approved
2903,1229,2026-02-01,1000000,36,Rejected
2904,3870,2026-04-06,50000,24,Disbursed
2905,4882,2026-06-16,500000,12,Approved
2906,4894,2026-03-31,750000,60,KYC Pending
2907,3932,2026-07-14,250000,60,Rejected
2908,4237,2026-05-28,100000,60,Disbursed
2909,3186,2026-04-05,100000,12,KYC Pending
2910,958,2026-06-23,750000,24,Incomplete
2911,1763,2026-04-16,200000,24,Disbursed
2912,2322,2026-08-04,100000,48,Incomplete
2913,2568,2026-02-26,250000,48,KYC Pending
2914,788,2026-08-22,1000000,12,Incomplete
2915,3168,2026-05-11,1000000,12,Rejected
2916,283,2026-08-16,300000,48,Disbursed
2917,4318,2026-04-11,300000,12,Incomplete
2918,1540,2026-03-05,150000,48,Incomplete
2919,371,2026-03-21,300000,24,Rejected
2920,3680,2026-08-27,300000,48,Disbursed
2921,3524,2026-02-01,50000,12,Disbursed
2922,4088,2026-05-03,150000,24,Approved
2923,929,2026-03-25,200000,36,Approved
2924,671,2026-05-07,100000,12,KYC Pending
2925,144,2026-08-18,100000,12,Approved
2926,3855,2026-02-06,750000,60,KYC Pending
2927,2958,2026-07-11,400000,24,Incomplete
2928,2889,2026-07-09,300000,60,Approved
2929,1509,2026-08-06,100000,60,Disbursed
2930,3157,2026-08-08,300000,12,Disbursed
2931,3944,2026-05-09,1000000,24,Disbursed
2932,4559,2026-03-24,100000,12,Disbursed
2933,2314,2026-03-27,400000,24,Disbursed
2934,3982,2026-04-25,1000000,36,Disbursed
2935,2254,2026-06-06,750000,48,Disbursed
2936,2911,2026-08-30,150000,60,Disbursed
2937,2957,2026-07-05,300000,36,Incomplete
2938,4082,2026-06-14,150000,24,Disbursed
2939,3020,2026-07-14,50000,60,Approved
2940,4661,2026-06-13,750000,60,KYC Pending
2941,1776,2026-04-02,100000,60,KYC Pending
2942,2217,2026-04-20,750000,24,Disbursed
2943,1799,2026-06-27,100000,12,Rejected
2944,3803,2026-05-29,100000,48,Disbursed
2945,2453,2026-02-22,100000,24,Rejected
2946,3022,2026-03-09,50000,36,Disbursed
2947,4702,2026-08-09,150000,48,Incomplete
2948,287,2026-03-03,250000,24,Approved
2949,4991,2026-03-10,400000,60,Approved
2950,3094,2026-06-17,500000,36,Rejected
2951,1856,2026-03-28,100000,60,KYC Pending
2952,141,2026-04-22,200000,60,Disbursed
2953,1691,2026-07-08,400000,60,Rejected
2954,2041,2026-08-31,50000,60,Rejected
2955,1455,2026-04-21,300000,60,Disbursed
2956,4250,2026-06-06,50000,12,Disbursed
2957,854,2026-05-26,200000,36,KYC Pending
2958,2712,2026-02-26,400000,48,Approved
2959,4955,2026-04-05,250000,48,Rejected
2960,2043,2026-03-04,150000,12,Rejected
2961,896,2026-06-08,150000,60,KYC Pending
2962,1966,2026-05-14,150000,60,Disbursed
2963,1047,2026-07-08,1000000,60,Rejected
2964,2512,2026-04-09,100000,36,Disbursed
2965,4571,2026-08-11,250000,60,Disbursed
2966,893,2026-08-15,200000,48,KYC Pending
2967,387,2026-05-03,100000,48,KYC Pending
2968,749,2026-02-02,250000,12,Disbursed
2969,3978,2026-08-24,500000,12,Disbursed
2970,4794,2026-04-28,150000,12,KYC Pending
2971,3756,2026-08-14,50000,24,Disbursed
2972,3971,2026-05-11,500000,24,Incomplete
2973,950,2026-02-25,250000,12,Incomplete
2974,818,2026-08-15,300000,36,KYC Pending
2975,3962,2026-04-07,300000,36,Disbursed
2976,2354,2026-03-09,200000,60,Disbursed
2977,3846,2026-06-14,50000,12,Disbursed
2978,4907,2026-03-17,500000,48,Rejected
2979,3031,2026-02-03,250000,36,Disbursed
2980,1196,2026-06-26,750000,36,Rejected
2981,3452,2026-02-08,300000,12,Disbursed
2982,1747,2026-06-03,750000,36,Rejected
2983,1463,2026-04-21,50000,60,Approved
2984,4743,2026-03-26,750000,48,Rejected
2985,2571,2026-06-25,100000,24,Approved
2986,3178,2026-05-23,750000,24,Rejected
2987,2682,2026-02-03,500000,48,Disbursed
2988,951,2026-03-13,300000,60,Disbursed
2989,583,2026-05-25,250000,36,Disbursed
2990,4092,2026-05-13,750000,24,Approved
2991,2203,2026-03-22,200000,48,Approved
2992,241,2026-04-29,500000,24,KYC Pending
2993,4670,2026-06-29,150000,48,Incomplete
2994,3242,2026-06-18,200000,48,Approved
2995,833,2026-08-28,750000,36,Rejected
2996,2617,2026-05-09,400000,36,Disbursed
2997,2388,2026-07-24,150000,60,Disbursed
2998,3889,2026-03-05,300000,12,Disbursed
2999,3711,2026-08-10,50000,48,Rejected
3000,2465,2026-03-24,50000,36,KYC Pending
3001,2187,2026-03-03,1000000,36,Disbursed
3002,3859,2026-07-22,200000,12,Rejected
3003,3222,2026-02-08,150000,12,Rejected
3004,4524,2026-06-04,50000,60,Rejected
3005,467,2026-02-06,300000,36,Rejected
3006,1819,2026-08-21,150000,60,Disbursed
3007,3920,2026-05-29,1000000,60,KYC Pending
3008,1641,2026-02-19,250000,24,Disbursed
3009,4721,2026-06-20,50000,24,Disbursed
3010,4073,2026-04-17,750000,60,KYC Pending
3011,3578,2026-02-17,750000,36,Approved
3012,177,2026-02-03,1000000,60,Disbursed
3013,1703,2026-03-02,250000,60,Rejected
3014,3339,2026-05-22,300000,60,Rejected
3015,374,2026-07-22,150000,60,Approved
3016,4405,2026-03-23,300000,60,Disbursed
3017,2669,2026-06-14,100000,12,Disbursed
3018,3062,2026-05-27,300000,12,Approved
3019,3945,2026-04-18,250000,24,Disbursed
3020,4378,2026-04-18,300000,60,Disbursed
3021,262,2026-04-21,400000,48,Rejected
3022,1276,2026-02-24,50000,12,KYC Pending
3023,313,2026-04-05,400000,24,Approved
3024,4174,2026-02-28,300000,12,Disbursed
3025,858,2026-06-08,100000,36,KYC Pending
3026,2202,2026-03-15,200000,36,KYC Pending
3027,2086,2026-06-01,50000,36,Disbursed
3028,1506,2026-01-09,1000000,60,Disbursed
3029,2677,2026-07-27,50000,48,Disbursed
3030,184,2026-06-30,100000,48,Disbursed
3031,4522,2026-04-02,1000000,36,Approved
3032,1148,2026-05-09,400000,36,Rejected
3033,2912,2026-07-17,150000,48,Rejected
3034,4143,2026-07-17,200000,24,Approved
3035,2116,2026-07-27,500000,48,Incomplete
3036,3728,2026-04-17,300000,36,Approved
3037,3028,2026-05-08,750000,12,Incomplete
3038,3835,2026-03-30,150000,36,Rejected
3039,4048,2026-08-21,1000000,48,Rejected
3040,2531,2026-03-03,250000,48,Incomplete
3041,3786,2026-08-09,100000,60,KYC Pending
3042,3200,2026-03-07,250000,12,Disbursed
3043,1519,2026-05-04,100000,48,Rejected
3044,3127,2026-02-24,50000,48,Rejected
3045,994,2026-05-12,250000,24,Approved
3046,3051,2026-03-17,100000,24,Disbursed
3047,4267,2026-05-12,100000,60,Rejected
3048,2770,2026-06-20,200000,36,Disbursed
3049,2884,2026-05-31,400000,12,KYC Pending
3050,3497,2026-02-24,50000,12,Disbursed
3051,3147,2026-07-06,50000,36,Approved
3052,655,2026-01-26,200000,12,Disbursed
3053,2590,2026-01-30,300000,24,Disbursed
3054,1828,2026-05-14,400000,36,Approved
3055,1349,2026-05-25,100000,48,Approved
3056,2501,2026-02-07,300000,36,Incomplete
3057,4053,2026-08-21,100000,24,Disbursed
3058,894,2026-03-03,1000000,12,Rejected
3059,3348,2026-05-11,1000000,48,Disbursed
3060,700,2026-07-09,500000,36,Incomplete
3061,4992,2026-04-16,300000,48,Disbursed
3062,1187,2026-02-20,400000,48,Incomplete
3063,968,2026-06-08,200000,36,Rejected
3064,1812,2026-08-03,100000,36,KYC Pending
3065,3120,2026-06-07,1000000,24,Approved
3066,55,2026-07-02,100000,12,Disbursed
3067,1828,2026-04-09,50000,36,Rejected
3068,2829,2026-02-23,400000,36,Disbursed
3069,1452,2026-08-02,50000,24,Disbursed
3070,3986,2026-08-01,400000,36,Rejected
3071,4714,2026-04-01,750000,60,Disbursed
3072,923,2026-05-13,100000,48,Disbursed
3073,686,2026-06-10,1000000,36,Disbursed
3074,2125,2026-03-19,300000,12,Approved
3075,1594,2026-06-04,100000,24,Disbursed
3076,2516,2026-02-23,1000000,36,KYC Pending
3077,404,2026-08-12,100000,24,KYC Pending
3078,4513,2026-02-18,500000,24,Incomplete
3079,1344,2026-05-07,750000,12,Approved
3080,2011,2026-04-07,1000000,12,Disbursed
3081,3206,2026-01-31,300000,12,Disbursed
3082,3381,2026-07-19,100000,36,Approved
3083,3226,2026-08-11,400000,24,Rejected
3084,4989,2026-05-23,250000,36,Disbursed
3085,1008,2026-02-21,400000,24,Approved
3086,484,2026-06-25,750000,60,Rejected
3087,1074,2026-02-25,200000,12,Rejected
3088,1418,2026-05-29,150000,12,Incomplete
3089,1245,2026-04-09,100000,48,Incomplete
3090,2354,2026-04-03,500000,12,KYC Pending
3091,4731,2026-07-17,750000,24,Rejected
3092,1272,2026-05-06,50000,60,Disbursed
3093,3015,2026-07-23,50000,12,KYC Pending
3094,2394,2026-02-03,100000,24,Disbursed
3095,3924,2026-05-12,400000,36,Approved
3096,3969,2026-02-12,500000,24,Disbursed
3097,947,2026-05-07,300000,36,Approved
3098,2486,2026-02-21,50000,48,Incomplete
3099,2267,2026-03-05,250000,60,Incomplete
3100,1588,2026-07-25,150000,60,KYC Pending
3101,590,2026-04-05,1000000,60,KYC Pending
3102,2571,2026-05-31,750000,36,Rejected
3103,2415,2026-08-05,100000,36,Disbursed
3104,4289,2026-03-05,300000,12,KYC Pending
3105,1971,2026-04-02,1000000,60,Incomplete
3106,899,2026-07-15,750000,60,Incomplete
3107,1670,2026-08-27,300000,60,Disbursed
3108,2401,2026-01-05,250000,12,Rejected
3109,4361,2026-05-29,500000,48,Approved
3110,4333,2026-05-02,500000,60,Approved
3111,486,2026-05-06,200000,24,Disbursed
3112,178,2026-06-10,150000,48,Disbursed
3113,2442,2026-03-02,300000,48,Disbursed
3114,2710,2026-03-04,300000,24,Disbursed
3115,1065,2026-06-09,150000,36,Disbursed
3116,3880,2026-04-25,100000,12,Rejected
3117,3791,2026-02-11,250000,60,Rejected
3118,2001,2026-05-14,750000,12,Approved
3119,2658,2026-08-31,50000,60,Disbursed
3120,4261,2026-07-12,500000,12,Approved
3121,549,2026-01-12,500000,24,Rejected
3122,2093,2026-02-12,750000,48,Disbursed
3123,403,2026-02-09,150000,60,Disbursed
3124,1994,2026-07-06,150000,48,Rejected
3125,3880,2026-05-23,250000,60,Disbursed
3126,1586,2026-06-16,1000000,24,Rejected
3127,1531,2026-06-26,200000,60,Incomplete
3128,2143,2026-05-24,50000,24,Disbursed
3129,2212,2026-03-12,150000,24,Disbursed
3130,2651,2026-07-14,150000,24,Approved
3131,2323,2026-06-30,200000,60,Rejected
3132,3906,2026-03-14,250000,60,Incomplete
3133,4026,2026-07-27,200000,24,Disbursed
3134,2299,2026-02-24,750000,48,Incomplete
3135,2242,2026-03-27,200000,24,Disbursed
3136,362,2026-02-22,150000,24,KYC Pending
3137,3024,2026-05-15,1000000,48,KYC Pending
3138,1367,2026-08-21,300000,60,Disbursed
3139,4134,2026-01-26,200000,24,Rejected
3140,115,2026-08-16,200000,12,Approved
3141,3585,2026-01-28,1000000,60,Approved
3142,2736,2026-06-14,200000,48,Incomplete
3143,4156,2026-02-03,200000,60,Incomplete
3144,4334,2026-03-08,250000,12,Approved
3145,4138,2026-07-05,500000,60,Disbursed
3146,4108,2026-08-04,150000,36,Rejected
3147,1238,2026-08-09,150000,12,Disbursed
3148,1635,2026-05-28,200000,36,Incomplete
3149,2167,2026-05-26,250000,36,Rejected
3150,975,2026-04-08,100000,48,Rejected
3151,619,2026-02-07,1000000,24,KYC Pending
3152,325,2026-01-30,750000,24,Rejected
3153,1467,2026-08-31,300000,12,Disbursed
3154,1962,2026-04-05,500000,24,Incomplete
3155,4359,2026-04-07,300000,12,Disbursed
3156,3502,2026-06-15,200000,24,Disbursed
3157,2260,2026-04-26,1000000,60,Incomplete
3158,4544,2026-05-31,50000,48,KYC Pending
3159,2151,2026-05-31,400000,24,KYC Pending
3160,842,2026-05-30,100000,60,Disbursed
3161,1684,2026-04-20,250000,60,Disbursed
3162,1816,2026-04-10,50000,12,Disbursed
3163,2097,2026-08-08,500000,36,Disbursed
3164,2255,2026-08-05,400000,24,Disbursed
3165,1906,2026-03-12,400000,12,KYC Pending
3166,3602,2026-07-13,500000,36,KYC Pending
3167,3233,2026-05-19,250000,60,Rejected
3168,1320,2026-04-24,150000,60,Disbursed
3169,410,2026-04-24,100000,12,KYC Pending
3170,1311,2026-08-20,750000,24,Disbursed
3171,1600,2026-05-05,150000,24,Disbursed
3172,3208,2026-05-10,250000,36,KYC Pending
3173,2918,2026-04-26,750000,48,Rejected
3174,3122,2026-04-26,500000,12,Rejected
3175,2493,2026-07-10,250000,24,Rejected
3176,2089,2026-08-31,150000,24,Rejected
3177,4155,2026-03-28,500000,60,Approved
3178,4972,2026-07-20,200000,36,Incomplete
3179,3213,2026-03-03,100000,36,KYC Pending
3180,2285,2026-03-15,150000,24,Disbursed
3181,238,2026-02-05,200000,48,Approved
3182,4268,2026-02-28,300000,24,Disbursed
3183,1877,2026-03-22,400000,48,Disbursed
3184,2172,2026-07-19,1000000,24,Rejected
3185,1165,2026-07-10,750000,12,Rejected
3186,4387,2026-01-27,100000,60,KYC Pending
3187,1237,2026-08-18,300000,24,Approved
3188,3448,2026-07-12,250000,12,KYC Pending
3189,3321,2026-05-28,500000,60,Approved
3190,1896,2026-07-07,150000,24,Rejected
3191,3908,2026-08-14,50000,24,Disbursed
3192,4144,2026-06-30,500000,48,Disbursed
3193,3491,2026-06-11,250000,12,Rejected
3194,163,2026-04-11,1000000,12,Approved
3195,1299,2026-06-18,250000,12,KYC Pending
3196,2558,2026-08-02,300000,48,KYC Pending
3197,3269,2026-06-23,750000,36,Disbursed
3198,4286,2026-08-01,200000,36,Disbursed
3199,318,2026-07-31,750000,36,Disbursed
3200,4874,2026-01-14,750000,36,KYC Pending
3201,2431,2026-03-29,500000,60,Approved
3202,830,2026-04-25,300000,24,KYC Pending
3203,697,2026-03-04,100000,48,Disbursed
3204,2729,2026-08-26,250000,36,Rejected
3205,4278,2026-04-03,250000,36,Disbursed
3206,1724,2026-04-23,200000,36,Rejected
3207,1824,2026-04-21,300000,36,Approved
3208,4308,2026-03-24,300000,48,Rejected
3209,3955,2026-05-12,500000,60,Rejected
3210,4266,2026-06-21,250000,48,Incomplete
3211,3683,2026-07-25,250000,60,Rejected
3212,1323,2026-03-15,200000,60,Disbursed
3213,2380,2026-05-10,1000000,24,Incomplete
3214,1830,2026-04-01,150000,12,Approved
3215,1909,2026-02-01,1000000,12,Disbursed
3216,1150,2026-08-03,750000,12,Rejected
3217,3546,2026-07-30,1000000,12,Incomplete
3218,2749,2026-03-17,500000,48,KYC Pending
3219,228,2026-07-28,300000,12,Approved
3220,3112,2026-07-26,500000,12,Incomplete
3221,4394,2026-07-25,100000,48,Disbursed
3222,2572,2026-02-26,100000,48,Approved
3223,4060,2026-05-08,250000,60,Approved
3224,4435,2026-01-31,100000,36,Rejected
3225,3438,2026-01-29,100000,12,Disbursed
3226,1296,2026-08-08,1000000,60,Incomplete
3227,4140,2026-03-08,500000,24,Approved
3228,3850,2026-06-16,200000,36,Disbursed
3229,2902,2026-04-22,1000000,36,Rejected
3230,2934,2026-03-18,1000000,48,Rejected
3231,232,2026-05-16,1000000,60,Rejected
3232,3247,2026-01-29,750000,60,Approved
3233,3773,2026-02-04,150000,12,Disbursed
3234,1932,2026-02-17,750000,48,Disbursed
3235,4412,2026-04-02,250000,36,Disbursed
3236,702,2026-04-11,1000000,12,Approved
3237,621,2026-05-08,750000,60,Rejected
3238,3737,2026-04-10,250000,48,Rejected
3239,4577,2026-03-10,400000,24,Approved
3240,2209,2026-01-24,200000,60,KYC Pending
3241,2559,2026-06-19,150000,36,Incomplete
3242,3781,2026-04-21,250000,60,KYC Pending
3243,1041,2026-04-07,50000,12,Incomplete
3244,1941,2026-04-12,400000,48,Rejected
3245,4861,2026-06-07,250000,12,Approved
3246,4998,2026-01-14,50000,36,Approved
3247,592,2026-08-13,200000,36,Rejected
3248,2970,2026-08-12,400000,60,Disbursed
3249,4007,2026-06-23,500000,36,Rejected
3250,2236,2026-04-20,500000,36,KYC Pending
3251,965,2026-06-27,400000,48,KYC Pending
3252,3095,2026-03-06,100000,48,Rejected
3253,4616,2026-07-30,1000000,60,Rejected
3254,96,2026-05-12,500000,48,Approved
3255,4003,2026-06-25,150000,24,Approved
3256,3303,2026-06-26,400000,24,Disbursed
3257,4395,2026-01-29,400000,60,Rejected
3258,1698,2026-03-23,200000,48,Incomplete
3259,1664,2026-05-14,100000,36,Rejected
3260,4198,2026-02-13,200000,48,Disbursed
3261,1393,2026-02-05,100000,12,Approved
3262,1617,2026-01-30,100000,36,Disbursed
3263,1563,2026-06-09,400000,60,Disbursed
3264,4709,2026-07-01,400000,60,Approved
3265,3191,2026-03-22,150000,12,Incomplete
3266,4375,2026-04-06,500000,12,Disbursed
3267,613,2026-01-17,300000,48,KYC Pending
3268,2051,2026-07-25,50000,24,Rejected
3269,356,2026-05-22,100000,48,Incomplete
3270,3367,2026-05-08,250000,48,Rejected
3271,370,2026-04-27,50000,12,Disbursed
3272,4923,2026-01-18,100000,24,Incomplete
3273,3270,2026-05-02,1000000,60,Rejected
3274,2278,2026-02-18,50000,48,Rejected
3275,378,2026-04-14,150000,60,Rejected
3276,2148,2026-02-23,1000000,36,Rejected
3277,355,2026-06-24,750000,36,Disbursed
3278,2791,2026-03-22,50000,24,Incomplete
3279,2631,2026-04-08,400000,48,Disbursed
3280,3066,2026-02-05,400000,48,Rejected
3281,876,2026-03-14,200000,12,Disbursed
3282,3727,2026-03-19,250000,24,Approved
3283,1423,2026-05-03,750000,60,Incomplete
3284,1651,2026-05-16,200000,24,Rejected
3285,1573,2026-04-07,500000,48,Disbursed
3286,11,2026-05-10,500000,48,Rejected
3287,4700,2026-03-02,50000,36,Disbursed
3288,3049,2026-06-02,300000,24,Rejected
3289,4820,2026-07-07,200000,60,Disbursed
3290,3442,2026-04-12,100000,60,Rejected
3291,3432,2026-05-05,250000,36,Disbursed
3292,3964,2026-06-10,200000,12,Disbursed
3293,1199,2026-07-14,100000,12,Disbursed
3294,1969,2026-08-31,1000000,12,KYC Pending
3295,4913,2026-04-29,300000,36,KYC Pending
3296,1882,2026-05-07,500000,36,Disbursed
3297,679,2026-03-16,200000,36,Approved
3298,1147,2026-02-05,50000,60,Approved
3299,2364,2026-07-25,400000,12,Rejected
3300,2551,2026-04-09,250000,12,Disbursed
3301,2935,2026-04-16,1000000,24,Rejected
3302,1544,2026-07-11,100000,48,Rejected
3303,1524,2026-05-09,750000,48,Disbursed
3304,1022,2026-05-22,750000,24,Rejected
3305,3566,2026-05-12,100000,36,Disbursed
3306,3358,2026-05-13,250000,60,Disbursed
3307,3019,2026-02-18,50000,36,Incomplete
3308,4716,2026-03-16,750000,36,Rejected
3309,4465,2026-02-17,200000,36,Approved
3310,690,2026-08-04,400000,12,Incomplete
3311,901,2026-02-12,750000,36,KYC Pending
3312,3140,2026-02-23,200000,12,Disbursed
3313,2649,2026-05-29,500000,60,Disbursed
3314,1003,2026-06-09,750000,36,Approved
3315,4909,2026-05-31,250000,12,Disbursed
3316,876,2026-02-16,500000,24,Disbursed
3317,2337,2026-07-15,50000,36,Disbursed
3318,435,2026-01-22,1000000,48,Approved
3319,1133,2026-07-02,300000,48,Rejected
3320,3302,2026-08-19,500000,48,Rejected
3321,2107,2026-03-16,1000000,24,KYC Pending
3322,2853,2026-02-25,1000000,24,Rejected
3323,3909,2026-07-25,300000,48,Incomplete
3324,2130,2026-03-25,200000,48,Disbursed
3325,2628,2026-07-20,500000,36,Disbursed
3326,4254,2026-08-12,200000,48,Rejected
3327,1311,2026-07-29,150000,24,Approved
3328,2484,2026-08-02,750000,24,Rejected
3329,529,2026-01-04,100000,24,KYC Pending
3330,3926,2026-06-08,200000,48,Disbursed
3331,877,2026-02-04,50000,12,Rejected
3332,3561,2026-07-10,50000,60,Rejected
3333,4414,2026-07-14,200000,60,Approved
3334,4677,2026-07-10,750000,24,Rejected
3335,3507,2026-08-06,200000,24,KYC Pending
3336,652,2026-07-22,100000,36,Rejected
3337,2956,2026-08-18,100000,36,Disbursed
3338,2141,2026-02-01,200000,12,Rejected
3339,3614,2026-02-23,1000000,24,KYC Pending
3340,3787,2026-01-27,750000,60,Disbursed
3341,3023,2026-07-12,500000,60,Rejected
3342,1743,2026-05-12,200000,36,Approved
3343,1024,2026-07-24,500000,60,Disbursed
3344,3714,2026-06-20,300000,48,Rejected
3345,4617,2026-02-25,1000000,24,Incomplete
3346,2689,2026-02-06,150000,36,Rejected
3347,4738,2026-08-07,400000,60,Rejected
3348,4539,2026-04-17,750000,60,Rejected
3349,2498,2026-03-16,400000,24,Disbursed
3350,3431,2026-05-07,250000,12,Disbursed
3351,1886,2026-05-09,300000,12,Approved
3352,3693,2026-04-25,250000,48,Rejected
3353,4702,2026-07-08,500000,12,Rejected
3354,1171,2026-04-19,750000,60,Incomplete
3355,1930,2026-04-26,200000,24,Disbursed
3356,4670,2026-07-26,100000,12,Rejected
3357,2724,2026-05-17,750000,24,Disbursed
3358,1803,2026-07-02,750000,60,KYC Pending
3359,1340,2026-04-17,100000,48,Disbursed
3360,4052,2026-05-25,250000,36,Rejected
3361,395,2026-03-14,200000,12,Disbursed
3362,932,2026-05-18,300000,12,KYC Pending
3363,4981,2026-05-02,50000,60,KYC Pending
3364,630,2026-05-12,250000,24,Disbursed
3365,4799,2026-02-27,300000,12,Approved
3366,1400,2026-06-27,1000000,24,Disbursed
3367,4074,2026-06-07,250000,48,Rejected
3368,72,2026-06-16,750000,24,Rejected
3369,2501,2026-02-08,50000,60,KYC Pending
3370,1149,2026-08-05,200000,36,Approved
3371,2133,2026-05-04,500000,36,Approved
3372,1361,2026-03-01,250000,12,Disbursed
3373,139,2026-07-10,50000,12,Approved
3374,3125,2026-04-29,750000,36,Rejected
3375,527,2026-02-02,400000,36,KYC Pending
3376,2173,2026-08-18,750000,36,KYC Pending
3377,3420,2026-04-06,500000,60,Rejected
3378,1164,2026-06-05,50000,36,Disbursed
3379,3499,2026-06-28,250000,24,Rejected
3380,4485,2026-03-01,400000,60,Disbursed
3381,182,2026-05-17,50000,12,Disbursed
3382,3313,2026-07-19,750000,48,Rejected
3383,2666,2026-02-14,200000,12,KYC Pending
3384,603,2026-06-24,500000,36,KYC Pending
3385,3428,2026-06-12,150000,60,Rejected
3386,383,2026-03-05,300000,60,Rejected
3387,2528,2026-08-06,250000,48,Rejected
3388,2938,2026-08-03,200000,60,Rejected
3389,691,2026-02-06,500000,12,Disbursed
3390,4995,2026-01-25,300000,60,Disbursed
3391,4261,2026-06-19,100000,36,Approved
3392,2695,2026-05-09,1000000,60,Rejected
3393,575,2026-04-04,250000,12,KYC Pending
3394,185,2026-02-06,200000,24,Rejected
3395,2247,2026-08-17,300000,36,Disbursed
3396,4064,2026-02-09,100000,60,Rejected
3397,2573,2026-08-28,200000,60,Disbursed
3398,4827,2026-04-07,250000,36,Rejected
3399,2962,2026-07-12,500000,48,Disbursed
3400,1380,2026-07-16,50000,48,Approved
3401,4372,2026-02-26,200000,24,Rejected
3402,2773,2026-02-16,250000,48,Disbursed
3403,1846,2026-04-03,150000,60,Disbursed
3404,3913,2026-05-24,200000,36,KYC Pending
3405,4316,2026-01-11,100000,36,Approved
3406,2618,2026-08-28,1000000,24,Disbursed
3407,3847,2026-02-14,500000,48,Disbursed
3408,3965,2026-01-29,400000,60,Disbursed
3409,3591,2026-08-16,200000,12,Disbursed
3410,4456,2026-06-21,200000,36,Disbursed
3411,3747,2026-06-22,500000,48,KYC Pending
3412,585,2026-07-26,1000000,48,Disbursed
3413,4865,2026-07-21,150000,60,Rejected
3414,830,2026-05-07,1000000,12,Rejected
3415,2832,2026-04-02,200000,48,Disbursed
3416,4725,2026-03-28,300000,36,Rejected
3417,112,2026-07-06,750000,60,KYC Pending
3418,4285,2026-06-07,150000,12,KYC Pending
3419,4696,2026-08-30,1000000,60,Approved
3420,4621,2026-07-25,400000,36,Approved
3421,4531,2026-03-06,250000,36,Disbursed
3422,4838,2026-07-15,300000,48,Incomplete
3423,174,2026-06-07,750000,24,KYC Pending
3424,4511,2026-07-01,750000,36,Rejected
3425,2994,2026-05-14,500000,48,Approved
3426,2297,2026-04-04,750000,36,Disbursed
3427,2158,2026-02-27,300000,24,KYC Pending
3428,1108,2026-02-09,750000,60,Rejected
3429,1801,2026-03-19,50000,12,Rejected
3430,2755,2026-04-03,50000,24,Disbursed
3431,1486,2026-07-04,150000,24,KYC Pending
3432,3434,2026-07-23,400000,24,Rejected
3433,449,2026-03-25,50000,60,Disbursed
3434,3937,2026-03-22,300000,48,Disbursed
3435,2275,2026-07-29,500000,36,Approved
3436,627,2026-04-14,100000,36,KYC Pending
3437,3251,2026-02-24,1000000,60,Disbursed
3438,1118,2026-02-18,250000,36,Approved
3439,553,2026-04-11,400000,60,KYC Pending
3440,1995,2026-07-02,1000000,12,Disbursed
3441,2359,2026-04-23,750000,60,KYC Pending
3442,2503,2026-05-22,500000,12,Disbursed
3443,1986,2026-02-22,200000,24,Incomplete
3444,813,2026-04-24,400000,60,KYC Pending
3445,1949,2026-04-11,200000,24,Incomplete
3446,4087,2026-06-07,750000,48,KYC Pending
3447,4739,2026-06-16,750000,48,Disbursed
3448,4553,2026-04-10,200000,24,Approved
3449,4836,2026-06-01,250000,24,Approved
3450,1775,2026-08-31,400000,12,Rejected
3451,4728,2026-06-13,300000,48,Disbursed
3452,4870,2026-04-12,100000,24,KYC Pending
3453,2109,2026-03-17,100000,36,Incomplete
3454,4291,2026-04-09,1000000,24,Disbursed
3455,4999,2026-04-19,50000,24,Disbursed
3456,1103,2026-02-10,100000,24,Disbursed
3457,4433,2026-02-02,100000,48,Incomplete
3458,1094,2026-03-24,750000,48,KYC Pending
3459,3059,2026-06-04,300000,48,KYC Pending
3460,1861,2026-07-27,1000000,36,Approved
3461,4590,2026-02-12,400000,48,Disbursed
3462,2494,2026-05-06,750000,60,Rejected
3463,125,2026-07-26,500000,60,Disbursed
3464,4828,2026-03-01,750000,12,Rejected
3465,2191,2026-05-10,750000,60,KYC Pending
3466,3015,2026-07-05,250000,12,Rejected
3467,2505,2026-05-31,1000000,36,Rejected
3468,1611,2026-05-30,150000,12,Rejected
3469,199,2026-02-12,100000,36,Rejected
3470,3638,2026-04-30,500000,12,Disbursed
3471,4431,2026-03-20,100000,24,Disbursed
3472,1451,2026-07-26,250000,12,Rejected
3473,4643,2026-01-23,100000,36,Disbursed
3474,1586,2026-06-29,100000,48,Disbursed
3475,711,2026-05-04,300000,12,Rejected
3476,249,2026-02-21,50000,36,Rejected
3477,3126,2026-06-21,150000,12,KYC Pending
3478,3683,2026-08-09,200000,36,Disbursed
3479,868,2026-06-15,400000,60,Rejected
3480,870,2026-08-27,200000,48,Disbursed
3481,3525,2026-06-29,1000000,60,Disbursed
3482,4512,2026-02-13,500000,24,Approved
3483,3318,2026-07-05,150000,36,Disbursed
3484,1859,2026-04-04,250000,48,Approved
3485,2549,2026-06-16,1000000,24,Rejected
3486,187,2026-06-04,750000,48,Rejected
3487,4962,2026-03-12,500000,36,Approved
3488,4561,2026-06-05,1000000,12,Incomplete
3489,1005,2026-07-15,750000,12,Disbursed
3490,1292,2026-05-14,50000,36,Disbursed
3491,308,2026-06-25,250000,24,Rejected
3492,261,2026-02-27,50000,36,Rejected
3493,3877,2026-07-11,500000,36,Rejected
3494,172,2026-02-11,250000,24,Disbursed
3495,760,2026-05-19,750000,24,Rejected
3496,4957,2026-02-04,100000,60,Incomplete
3497,1304,2026-02-10,750000,12,KYC Pending
3498,4788,2026-04-20,250000,12,Rejected
3499,956,2026-06-05,250000,60,Rejected
3500,317,2026-03-12,300000,48,Disbursed
3501,2100,2026-05-25,50000,48,Incomplete
3502,70,2026-07-31,500000,48,KYC Pending
3503,1745,2026-05-15,150000,24,Rejected
3504,2189,2026-06-16,200000,48,Disbursed
3505,1666,2026-07-22,300000,60,Rejected
3506,4901,2026-02-09,150000,36,Rejected
3507,3677,2026-07-30,400000,48,Disbursed
3508,3920,2026-06-01,100000,36,Rejected
3509,4379,2026-02-22,150000,12,Disbursed
3510,3474,2026-02-10,1000000,60,Rejected
3511,225,2026-06-03,750000,12,KYC Pending
3512,4207,2026-08-07,750000,24,Disbursed
3513,3223,2026-07-20,1000000,24,Rejected
3514,4791,2026-02-15,500000,60,Rejected
3515,4987,2026-04-09,100000,36,KYC Pending
3516,2506,2026-02-28,1000000,48,Approved
3517,2412,2026-06-02,750000,24,KYC Pending
3518,2099,2026-04-20,500000,24,Disbursed
3519,3154,2026-04-11,50000,12,Rejected
3520,282,2026-03-13,100000,48,Approved
3521,4553,2026-04-06,750000,36,Rejected
3522,1254,2026-07-31,100000,36,Incomplete
3523,1052,2026-08-14,300000,48,Approved
3524,3965,2026-02-11,150000,60,Incomplete
3525,1483,2026-02-14,200000,12,Disbursed
3526,437,2026-08-08,500000,24,Disbursed
3527,3242,2026-05-19,500000,36,Rejected
3528,1046,2026-02-16,100000,12,KYC Pending
3529,1446,2026-01-31,250000,12,Rejected
3530,1568,2026-06-12,400000,60,Incomplete
3531,4901,2026-02-16,150000,48,Approved
3532,293,2026-06-30,100000,60,Rejected
3533,4721,2026-06-26,50000,12,Approved
3534,3931,2026-04-20,100000,36,Disbursed
3535,2799,2026-06-16,250000,12,Disbursed
3536,2561,2026-07-04,750000,36,Rejected
3537,3160,2026-03-23,300000,60,Approved
3538,4653,2026-01-26,1000000,48,Rejected
3539,2175,2026-02-01,750000,12,Rejected
3540,3358,2026-05-11,500000,24,Approved
3541,1700,2026-08-16,750000,12,Rejected
3542,2651,2026-07-12,200000,12,Rejected
3543,3224,2026-03-20,1000000,60,Disbursed
3544,1704,2026-05-12,150000,24,Incomplete
3545,2892,2026-03-02,750000,48,Rejected
3546,1829,2026-06-15,50000,60,Rejected
3547,2676,2026-02-27,750000,12,Disbursed
3548,1583,2026-07-22,250000,36,Disbursed
3549,3867,2026-06-20,150000,24,Rejected
3550,4077,2026-04-19,50000,24,Rejected
3551,24,2026-05-18,500000,24,Disbursed
3552,4854,2026-06-08,50000,60,Rejected
3553,1766,2026-05-18,100000,60,Disbursed
3554,1927,2026-02-15,750000,48,KYC Pending
3555,1044,2026-05-06,250000,12,Rejected
3556,1720,2026-06-12,250000,12,Incomplete
3557,410,2026-04-26,300000,60,Rejected
3558,152,2026-07-13,250000,36,KYC Pending
3559,468,2026-06-12,300000,60,Rejected
3560,4126,2026-07-11,250000,60,Rejected
3561,4011,2026-08-06,250000,24,Approved
3562,1757,2026-06-23,100000,60,Rejected
3563,1343,2026-04-26,750000,12,Incomplete
3564,4089,2026-03-24,300000,24,Approved
3565,2018,2026-02-21,300000,48,Disbursed
3566,3779,2026-08-27,1000000,24,Rejected
3567,2726,2026-03-13,100000,48,Rejected
3568,2045,2026-08-01,400000,48,Incomplete
3569,1354,2026-08-29,150000,48,Disbursed
3570,4465,2026-02-25,50000,60,KYC Pending
3571,4771,2026-06-06,750000,36,KYC Pending
3572,2075,2026-05-26,100000,60,KYC Pending
3573,2804,2026-05-20,200000,60,Disbursed
3574,1842,2026-02-18,750000,48,Approved
3575,3001,2026-06-22,1000000,48,Rejected
3576,4785,2026-02-08,150000,36,Incomplete
3577,1832,2026-05-12,1000000,12,KYC Pending
3578,1322,2026-08-12,100000,48,Rejected
3579,1715,2026-03-20,1000000,36,Incomplete
3580,4213,2026-08-31,200000,24,Rejected
3581,31,2026-07-25,100000,12,Rejected
3582,543,2026-06-25,500000,36,Disbursed
3583,3630,2026-07-15,300000,36,Rejected
3584,4863,2026-04-02,100000,48,Disbursed
3585,343,2026-08-05,400000,24,Disbursed
3586,1709,2026-05-26,100000,48,Rejected
3587,3984,2026-07-24,100000,60,Approved
3588,2351,2026-04-01,100000,48,Approved
3589,4910,2026-05-11,100000,60,Rejected
3590,4839,2026-05-25,1000000,12,Disbursed
3591,2219,2026-07-30,100000,24,Rejected
3592,344,2026-03-19,150000,24,Disbursed
3593,2497,2026-04-08,500000,24,Disbursed
3594,3294,2026-02-26,400000,36,Approved
3595,4012,2026-05-08,500000,48,Disbursed
3596,825,2026-01-10,300000,24,Disbursed
3597,4252,2026-01-18,200000,60,KYC Pending
3598,4270,2026-07-20,50000,36,KYC Pending
3599,4956,2026-03-25,200000,60,Approved
3600,4459,2026-04-04,400000,36,KYC Pending
3601,4532,2026-01-28,300000,12,Disbursed
3602,1825,2026-02-23,1000000,48,Approved
3603,4101,2026-07-02,200000,48,KYC Pending
3604,3768,2026-01-30,200000,36,Rejected
3605,2779,2026-06-10,100000,60,Disbursed
3606,790,2026-06-20,100000,36,Approved
3607,2495,2026-07-03,50000,60,Disbursed
3608,4405,2026-03-04,300000,60,Approved
3609,3736,2026-02-11,200000,12,KYC Pending
3610,2159,2026-04-19,200000,36,KYC Pending
3611,1104,2026-02-18,750000,12,Rejected
3612,4393,2026-02-20,50000,48,Disbursed
3613,1818,2026-05-16,50000,48,Disbursed
3614,4075,2026-06-22,300000,36,Rejected
3615,1755,2026-03-28,500000,48,Disbursed
3616,4500,2026-04-06,750000,12,Rejected
3617,4716,2026-03-25,50000,12,Incomplete
3618,2784,2026-07-01,300000,48,Rejected
3619,3085,2026-04-28,400000,60,KYC Pending
3620,3126,2026-06-19,150000,24,KYC Pending
3621,1604,2026-06-15,150000,24,Incomplete
3622,1111,2026-07-07,100000,36,Disbursed
3623,3497,2026-02-15,200000,36,Disbursed
3624,4550,2026-05-11,200000,36,Rejected
3625,2654,2026-05-18,200000,36,Disbursed
3626,1892,2026-02-17,200000,36,KYC Pending
3627,3063,2026-07-01,1000000,60,KYC Pending
3628,1857,2026-02-23,400000,12,KYC Pending
3629,1254,2026-07-29,50000,60,Rejected
3630,1642,2026-05-27,100000,36,Rejected
3631,1516,2026-07-27,500000,36,Rejected
3632,4054,2026-04-16,750000,12,Disbursed
3633,2358,2026-03-16,400000,36,Rejected
3634,1488,2026-05-27,750000,36,Rejected
3635,982,2026-02-04,250000,36,Rejected
3636,4666,2026-07-22,250000,24,Approved
3637,1118,2026-02-22,50000,36,Disbursed
3638,2996,2026-07-23,1000000,48,Disbursed
3639,316,2026-08-04,50000,36,Rejected
3640,4208,2026-03-09,100000,60,Disbursed
3641,1575,2026-06-21,200000,60,Disbursed
3642,203,2026-05-22,50000,48,Rejected
3643,4766,2026-07-07,400000,36,KYC Pending
3644,1589,2026-02-02,150000,48,Disbursed
3645,4568,2026-04-23,750000,60,Approved
3646,1189,2026-06-24,150000,36,Disbursed
3647,6,2026-05-06,200000,12,Rejected
3648,4203,2026-06-06,50000,12,Disbursed
3649,4395,2026-02-08,400000,12,Disbursed
3650,256,2026-04-24,100000,12,Rejected
3651,4231,2026-05-07,100000,24,Disbursed
3652,1979,2026-02-15,100000,48,Disbursed
3653,2659,2026-03-19,200000,36,Approved
3654,2237,2026-06-15,250000,24,Rejected
3655,2634,2026-04-02,400000,24,Disbursed
3656,2154,2026-01-29,100000,48,Incomplete
3657,1344,2026-05-09,250000,24,Rejected
3658,840,2026-03-25,750000,60,Rejected
3659,528,2026-03-10,250000,60,Rejected
3660,579,2026-05-10,750000,24,Disbursed
3661,2156,2026-06-20,750000,48,Incomplete
3662,2053,2026-04-13,150000,36,Disbursed
3663,3172,2026-01-23,400000,24,Rejected
3664,2103,2026-06-27,100000,24,Rejected
3665,123,2026-07-30,750000,12,KYC Pending
3666,264,2026-06-03,100000,24,Disbursed
3667,4397,2026-02-20,100000,12,Disbursed
3668,135,2026-05-13,750000,12,KYC Pending
3669,2065,2026-02-17,200000,24,Disbursed
3670,1632,2026-06-01,300000,36,KYC Pending
3671,2172,2026-07-08,200000,24,Disbursed
3672,2930,2026-05-07,400000,48,Rejected
3673,1629,2026-05-27,250000,24,KYC Pending
3674,1397,2026-08-28,100000,36,Disbursed
3675,662,2026-05-06,400000,36,KYC Pending
3676,526,2026-06-19,750000,12,Rejected
3677,3033,2026-07-15,50000,60,Disbursed
3678,3387,2026-03-06,1000000,60,Disbursed
3679,708,2026-07-10,750000,12,Incomplete
3680,1310,2026-08-25,1000000,12,KYC Pending
3681,4407,2026-03-02,500000,12,Disbursed
3682,1246,2026-02-15,300000,24,KYC Pending
3683,4426,2026-03-18,300000,36,Disbursed
3684,2176,2026-04-18,500000,60,Disbursed
3685,2424,2026-03-13,500000,12,Approved
3686,3345,2026-08-02,150000,48,Approved
3687,791,2026-06-08,1000000,36,Disbursed
3688,564,2026-07-16,150000,24,Disbursed
3689,670,2026-06-10,250000,12,Approved
3690,3587,2026-06-30,300000,60,Rejected
3691,3776,2026-06-08,750000,36,Rejected
3692,3037,2026-02-23,400000,48,Incomplete
3693,3523,2026-04-21,50000,36,Rejected
3694,3466,2026-08-17,250000,36,KYC Pending
3695,626,2026-05-07,750000,24,Approved
3696,748,2026-07-05,250000,60,Rejected
3697,39,2026-06-09,400000,24,Disbursed
3698,817,2026-08-31,150000,24,Rejected
3699,392,2026-05-29,500000,12,Disbursed
3700,67,2026-04-27,100000,12,KYC Pending
3701,1031,2026-02-11,1000000,24,Rejected
3702,4468,2026-08-30,200000,12,KYC Pending
3703,4076,2026-06-07,200000,36,Rejected
3704,3790,2026-07-05,200000,12,Incomplete
3705,1092,2026-02-02,50000,60,Rejected
3706,82,2026-07-08,750000,36,Rejected
3707,1350,2026-08-05,400000,48,Incomplete
3708,3331,2026-02-05,200000,24,Disbursed
3709,3552,2026-03-30,500000,36,Rejected
3710,2706,2026-07-15,400000,12,Rejected
3711,1352,2026-02-17,250000,12,Disbursed
3712,2667,2026-06-25,400000,24,Disbursed
3713,4217,2026-05-22,150000,36,Disbursed
3714,2186,2026-01-21,150000,60,Rejected
3715,3607,2026-02-28,150000,48,Disbursed
3716,2176,2026-04-03,250000,36,Disbursed
3717,2400,2026-01-07,100000,36,KYC Pending
3718,2245,2026-06-02,400000,36,Approved
3719,1469,2026-06-20,150000,48,Approved
3720,2131,2026-03-09,1000000,24,KYC Pending
3721,4638,2026-01-19,400000,36,KYC Pending
3722,536,2026-03-21,1000000,36,Rejected
3723,3035,2026-05-16,400000,24,Disbursed
3724,1561,2026-02-06,1000000,60,Rejected
3725,3659,2026-05-13,250000,48,KYC Pending
3726,1054,2026-06-27,1000000,12,Rejected
3727,1395,2026-07-24,150000,36,KYC Pending
3728,1124,2026-05-19,300000,24,Incomplete
3729,3053,2026-05-10,250000,24,Disbursed
3730,540,2026-07-06,1000000,60,Disbursed
3731,523,2026-04-08,1000000,48,Disbursed
3732,887,2026-08-01,1000000,36,Incomplete
3733,4853,2026-07-10,300000,36,KYC Pending
3734,3926,2026-05-05,150000,60,Incomplete
3735,3574,2026-01-12,50000,60,KYC Pending
3736,4283,2026-01-30,150000,12,Incomplete
3737,2582,2026-05-10,1000000,60,KYC Pending
3738,3374,2026-05-15,1000000,48,KYC Pending
3739,1182,2026-04-19,400000,12,Disbursed
3740,851,2026-05-19,200000,48,Rejected
3741,2711,2026-05-30,400000,36,Approved
3742,4287,2026-04-17,750000,48,Disbursed
3743,884,2026-05-28,50000,24,KYC Pending
3744,2447,2026-05-02,100000,24,Rejected
3745,1156,2026-06-05,250000,24,Rejected
3746,3551,2026-03-06,200000,48,KYC Pending
3747,59,2026-08-05,50000,48,Incomplete
3748,1285,2026-05-08,400000,12,Disbursed
3749,3334,2026-01-06,500000,36,Incomplete
3750,3786,2026-08-30,200000,36,Incomplete
3751,3641,2026-07-27,400000,60,Disbursed
3752,2541,2026-07-30,300000,36,Approved
3753,4525,2026-08-31,300000,60,Approved
3754,3081,2026-07-07,250000,60,Incomplete
3755,1461,2026-06-16,400000,48,Rejected
3756,1751,2026-03-31,750000,48,Disbursed
3757,2073,2026-07-02,1000000,24,KYC Pending
3758,4043,2026-04-16,750000,24,Disbursed
3759,3744,2026-07-10,750000,48,Approved
3760,2453,2026-03-04,1000000,60,KYC Pending
3761,1821,2026-06-24,300000,12,Approved
3762,317,2026-03-27,400000,12,Disbursed
3763,3235,2026-02-18,500000,36,Rejected
3764,4776,2026-04-09,100000,60,Incomplete
3765,3450,2026-08-19,300000,60,KYC Pending
3766,3886,2026-03-15,150000,60,Disbursed
3767,3844,2026-07-22,100000,60,Disbursed
3768,2219,2026-07-25,250000,12,Disbursed
3769,3436,2026-05-09,150000,36,Rejected
3770,2353,2026-03-28,500000,12,Approved
3771,2594,2026-03-24,1000000,60,KYC Pending
3772,919,2026-08-19,250000,48,Rejected
3773,2783,2026-03-02,500000,12,Rejected
3774,4197,2026-08-22,150000,36,Approved
3775,4990,2026-03-12,750000,12,Incomplete
3776,2864,2026-07-09,500000,60,Disbursed
3777,2405,2026-03-29,200000,36,Rejected
3778,2849,2026-03-27,150000,24,Approved
3779,2142,2026-07-16,300000,60,Incomplete
3780,428,2026-04-23,150000,24,Rejected
3781,856,2026-03-30,100000,24,Approved
3782,3525,2026-06-07,500000,12,Rejected
3783,222,2026-08-19,100000,60,Incomplete
3784,1990,2026-06-18,500000,48,Disbursed
3785,4576,2026-03-09,500000,36,Disbursed
3786,1291,2026-08-06,50000,24,Rejected
3787,1095,2026-05-13,50000,36,Disbursed
3788,1835,2026-02-25,500000,24,Approved
3789,772,2026-06-01,150000,60,Disbursed
3790,1159,2026-04-29,50000,12,KYC Pending
3791,291,2026-08-04,50000,48,Rejected
3792,615,2026-03-24,100000,36,Rejected
3793,1687,2026-02-19,150000,12,Rejected
3794,1075,2026-05-06,200000,60,Disbursed
3795,3259,2026-05-25,300000,12,Disbursed
3796,3617,2026-04-13,400000,12,Incomplete
3797,1653,2026-06-09,50000,48,Disbursed
3798,3590,2026-08-09,250000,12,KYC Pending
3799,3252,2026-07-06,200000,36,KYC Pending
3800,4642,2026-05-29,100000,36,Disbursed
3801,2599,2026-05-06,400000,60,Incomplete
3802,1462,2026-06-14,300000,60,Disbursed
3803,2714,2026-07-19,300000,48,Incomplete
3804,2083,2026-08-31,250000,36,Rejected
3805,4582,2026-08-31,300000,48,Rejected
3806,4829,2026-04-06,1000000,36,Disbursed
3807,4026,2026-08-02,250000,60,KYC Pending
3808,738,2026-03-19,50000,48,Rejected
3809,1501,2026-06-29,150000,60,Approved
3810,4023,2026-07-17,750000,12,Disbursed
3811,1401,2026-03-01,250000,36,Rejected
3812,2438,2026-04-14,150000,36,Disbursed
3813,2152,2026-08-04,150000,48,Disbursed
3814,3402,2026-01-27,50000,60,Rejected
3815,4714,2026-03-28,250000,24,Disbursed
3816,4571,2026-07-25,1000000,24,Disbursed
3817,3449,2026-03-09,1000000,12,Incomplete
3818,4870,2026-04-24,200000,12,Rejected
3819,3929,2026-04-08,300000,60,Rejected
3820,2332,2026-06-03,250000,60,Rejected
3821,3889,2026-03-12,150000,24,Approved
3822,565,2026-03-19,500000,48,Rejected
3823,1722,2026-05-05,500000,12,KYC Pending
3824,4633,2026-05-07,1000000,48,KYC Pending
3825,1754,2026-06-08,400000,48,Disbursed
3826,685,2026-05-18,750000,12,Disbursed
3827,3719,2026-01-18,500000,24,Disbursed
3828,4959,2026-06-02,400000,60,KYC Pending
3829,4171,2026-06-17,200000,24,Rejected
3830,4908,2026-03-10,150000,12,Rejected
3831,3592,2026-08-19,250000,36,Rejected
3832,1780,2026-08-18,250000,12,Rejected
3833,4501,2026-02-23,100000,48,Disbursed
3834,2655,2026-07-02,400000,12,Rejected
3835,3367,2026-05-31,1000000,12,Disbursed
3836,76,2026-02-13,50000,48,KYC Pending
3837,1107,2026-07-13,500000,24,Rejected
3838,4615,2026-03-10,250000,60,Incomplete
3839,4158,2026-08-07,400000,12,Rejected
3840,542,2026-06-07,250000,60,Rejected
3841,3329,2026-03-07,150000,12,Disbursed
3842,1690,2026-05-04,200000,48,Approved
3843,1219,2026-01-30,100000,24,Approved
3844,4420,2026-04-03,50000,12,Incomplete
3845,2731,2026-02-10,400000,24,Incomplete
3846,4253,2026-06-27,100000,36,Rejected
3847,2623,2026-02-15,750000,48,Approved
3848,2530,2026-07-27,400000,12,Disbursed
3849,3376,2026-04-21,200000,48,Approved
3850,610,2026-01-25,500000,36,Disbursed
3851,348,2026-07-13,1000000,12,Rejected
3852,4338,2026-03-12,1000000,24,Rejected
3853,2582,2026-04-20,200000,24,KYC Pending
3854,555,2026-06-01,500000,48,Incomplete
3855,4216,2026-07-28,250000,12,Disbursed
3856,4183,2026-02-17,400000,36,KYC Pending
3857,2063,2026-03-27,1000000,60,Rejected
3858,1170,2026-06-08,250000,60,Approved
3859,695,2026-01-21,150000,36,Rejected
3860,682,2026-05-18,50000,36,Rejected
3861,4716,2026-04-19,200000,48,Approved
3862,1373,2026-02-19,300000,24,Disbursed
3863,142,2026-04-27,1000000,60,Disbursed
3864,3267,2026-03-22,50000,24,Rejected
3865,1551,2026-05-14,750000,12,KYC Pending
3866,828,2026-05-15,750000,48,Disbursed
3867,215,2026-07-12,400000,60,Approved
3868,1481,2026-06-02,300000,60,Incomplete
3869,2288,2026-05-19,250000,60,Disbursed
3870,850,2026-02-11,150000,24,Disbursed
3871,15,2026-07-07,200000,60,Disbursed
3872,1815,2026-02-07,750000,36,Rejected
3873,1324,2026-03-15,400000,24,Disbursed
3874,3791,2026-02-08,100000,36,Rejected
3875,116,2026-02-23,750000,60,Disbursed
3876,4481,2026-06-06,200000,36,Disbursed
3877,2991,2026-01-26,250000,24,Disbursed
3878,4178,2026-02-16,100000,48,Rejected
3879,3804,2026-07-26,200000,48,KYC Pending
3880,1646,2026-08-23,500000,24,Approved
3881,1632,2026-05-28,200000,36,Disbursed
3882,139,2026-07-01,250000,24,Incomplete
3883,2867,2026-05-09,150000,48,Disbursed
3884,4727,2026-02-24,100000,12,KYC Pending
3885,30,2026-05-01,400000,24,Incomplete
3886,3632,2026-06-24,500000,60,Incomplete
3887,1697,2026-04-13,500000,60,KYC Pending
3888,309,2026-07-13,250000,24,Rejected
3889,3848,2026-04-18,500000,24,Disbursed
3890,835,2026-01-17,100000,60,Rejected
3891,2373,2026-06-29,200000,12,Disbursed
3892,4928,2026-04-15,200000,36,Rejected
3893,4854,2026-06-15,250000,48,Rejected
3894,4283,2026-02-21,150000,48,Disbursed
3895,2019,2026-01-11,150000,12,KYC Pending
3896,526,2026-07-11,200000,60,Disbursed
3897,3743,2026-06-21,200000,48,Approved
3898,4760,2026-02-19,500000,36,Incomplete
3899,3192,2026-04-28,250000,12,KYC Pending
3900,4629,2026-08-18,1000000,60,Rejected
3901,2562,2026-03-08,1000000,48,Rejected
3902,4046,2026-06-27,150000,48,Incomplete
3903,3107,2026-03-25,50000,48,Rejected
3904,3169,2026-02-14,150000,12,Incomplete
3905,755,2026-08-06,750000,24,Disbursed
3906,634,2026-04-18,300000,24,Rejected
3907,2759,2026-06-17,200000,24,Rejected
3908,875,2026-02-02,750000,60,KYC Pending
3909,1008,2026-02-05,300000,60,Disbursed
3910,1165,2026-08-05,500000,12,Rejected
3911,3231,2026-02-16,100000,24,Approved
3912,4152,2026-02-27,400000,60,Disbursed
3913,3410,2026-07-31,500000,24,Disbursed
3914,2936,2026-07-09,50000,24,Incomplete
3915,16,2026-04-08,100000,24,Disbursed
3916,601,2026-01-14,1000000,24,Disbursed
3917,510,2026-07-19,150000,36,Rejected
3918,906,2026-06-19,750000,36,Approved
3919,4762,2026-04-15,250000,12,Approved
3920,2206,2026-07-09,300000,12,Rejected
3921,285,2026-06-09,200000,60,Rejected
3922,2550,2026-05-26,150000,48,Rejected
3923,4934,2026-03-11,100000,48,Approved
3924,2179,2026-01-03,300000,60,Approved
3925,4746,2026-08-13,300000,12,Disbursed
3926,1788,2026-04-21,400000,24,Rejected
3927,1326,2026-01-19,100000,48,Incomplete
3928,1813,2026-02-16,250000,12,Incomplete
3929,3793,2026-03-26,750000,60,Rejected
3930,3748,2026-05-17,50000,12,Disbursed
3931,236,2026-05-04,500000,24,Disbursed
3932,1594,2026-06-01,500000,12,Disbursed
3933,3673,2026-05-30,200000,24,Disbursed
3934,520,2026-06-25,750000,48,Rejected
3935,1402,2026-06-13,750000,36,Disbursed
3936,2827,2026-04-11,50000,12,Disbursed
3937,4117,2026-06-11,1000000,60,Rejected
3938,3907,2026-08-14,400000,36,Disbursed
3939,1345,2026-02-23,250000,36,Disbursed
3940,4686,2026-06-26,150000,12,Disbursed
3941,3531,2026-03-11,750000,36,Rejected
3942,1316,2026-04-05,200000,60,Incomplete
3943,3359,2026-08-09,250000,36,Approved
3944,1358,2026-07-24,150000,60,Incomplete
3945,502,2026-04-15,1000000,36,Disbursed
3946,2756,2026-02-13,150000,48,Incomplete
3947,911,2026-08-08,50000,36,Rejected
3948,38,2026-03-08,400000,36,Approved
3949,2491,2026-04-19,150000,36,Approved
3950,4373,2026-02-20,400000,48,Incomplete
3951,2860,2026-03-18,400000,24,Rejected
3952,2152,2026-07-04,200000,36,Approved
3953,2421,2026-03-12,300000,48,KYC Pending
3954,2477,2026-05-05,200000,36,Rejected
3955,290,2026-06-07,500000,48,Rejected
3956,2703,2026-06-20,400000,48,Incomplete
3957,2027,2026-05-03,250000,12,Disbursed
3958,1217,2026-03-29,1000000,48,Rejected
3959,3939,2026-05-01,250000,36,Disbursed
3960,277,2026-06-01,250000,48,Rejected
3961,567,2026-03-04,50000,12,Incomplete
3962,2929,2026-05-12,500000,48,Approved
3963,4412,2026-04-26,100000,48,KYC Pending
3964,2115,2026-07-08,750000,12,Disbursed
3965,718,2026-03-10,400000,36,KYC Pending
3966,3271,2026-03-21,150000,36,Approved
3967,3118,2026-04-08,100000,48,KYC Pending
3968,4819,2026-08-11,500000,24,KYC Pending
3969,533,2026-05-10,500000,48,Incomplete
3970,2527,2026-05-25,200000,48,KYC Pending
3971,1734,2026-03-21,400000,48,Approved
3972,268,2026-08-31,150000,24,Incomplete
3973,3393,2026-08-06,250000,36,Disbursed
3974,432,2026-06-26,100000,12,KYC Pending
3975,1030,2026-04-06,750000,12,Approved
3976,4404,2026-08-13,400000,48,Disbursed
3977,2226,2026-05-14,50000,48,KYC Pending
3978,2766,2026-03-12,1000000,36,Approved
3979,4435,2026-02-23,500000,36,KYC Pending
3980,4322,2026-01-16,250000,36,Disbursed
3981,977,2026-07-08,1000000,48,Rejected
3982,560,2026-07-21,750000,12,KYC Pending
3983,3462,2026-08-06,1000000,60,Rejected
3984,577,2026-06-25,150000,36,Approved
3985,1585,2026-06-21,1000000,24,Rejected
3986,4933,2026-03-09,1000000,12,Rejected
3987,4602,2026-02-19,300000,24,Disbursed
3988,2192,2026-03-30,200000,48,Disbursed
3989,4680,2026-05-20,200000,24,Disbursed
3990,617,2026-02-07,50000,12,Rejected
3991,654,2026-07-15,150000,60,Disbursed
3992,2905,2026-05-31,300000,48,Disbursed
3993,3822,2026-05-05,750000,48,Incomplete
3994,3198,2026-06-26,400000,36,Disbursed
3995,163,2026-05-14,1000000,48,Rejected
3996,3762,2026-07-27,1000000,24,Incomplete
3997,4360,2026-03-23,100000,48,Approved
3998,2530,2026-07-26,100000,24,Rejected
3999,678,2026-07-02,150000,48,Rejected
4000,1058,2026-07-23,200000,36,KYC Pending
4001,2336,2026-01-27,400000,24,KYC Pending
4002,4120,2026-03-30,150000,36,Disbursed
4003,3758,2026-05-07,200000,48,Disbursed
4004,3521,2026-06-14,200000,12,Rejected
4005,2529,2026-07-18,250000,48,Rejected
4006,1541,2026-02-20,500000,12,Disbursed
4007,4081,2026-03-16,250000,24,Disbursed
4008,4493,2026-02-21,250000,60,Rejected
4009,3670,2026-07-16,50000,48,KYC Pending
4010,3293,2026-07-10,1000000,60,Rejected
4011,3391,2026-04-26,250000,24,Rejected
4012,1618,2026-03-04,250000,60,Rejected
4013,1678,2026-08-10,50000,36,Incomplete
4014,4050,2026-02-19,250000,48,Approved
4015,999,2026-02-21,300000,36,Rejected
4016,519,2026-03-26,100000,36,Disbursed
4017,1320,2026-04-21,750000,48,KYC Pending
4018,4737,2026-04-18,750000,36,Rejected
4019,3775,2026-03-30,500000,36,Disbursed
4020,2297,2026-03-12,50000,24,Incomplete
4021,3558,2026-06-06,500000,60,Disbursed
4022,763,2026-05-25,150000,12,Approved
4023,1369,2026-05-12,1000000,60,Incomplete
4024,1062,2026-06-28,100000,60,Approved
4025,1185,2026-05-12,1000000,12,Approved
4026,1659,2026-06-03,200000,60,Rejected
4027,4212,2026-06-14,150000,36,Incomplete
4028,2317,2026-08-06,300000,60,Disbursed
4029,862,2026-03-14,750000,36,Approved
4030,546,2026-05-20,50000,60,Rejected
4031,2796,2026-04-09,100000,60,Rejected
4032,3221,2026-08-28,250000,12,Approved
4033,1602,2026-06-01,1000000,48,Rejected
4034,1963,2026-08-24,300000,60,Disbursed
4035,2862,2026-08-09,300000,48,Approved
4036,2473,2026-03-24,200000,60,KYC Pending
4037,2894,2026-06-15,200000,48,Disbursed
4038,2828,2026-04-05,150000,12,Approved
4039,589,2026-04-27,400000,36,Disbursed
4040,3348,2026-05-15,50000,12,KYC Pending
4041,1453,2026-03-26,300000,24,Disbursed
4042,777,2026-07-21,150000,12,Incomplete
4043,889,2026-02-02,300000,48,Disbursed
4044,991,2026-02-06,300000,48,KYC Pending
4045,2003,2026-03-02,300000,48,Approved
4046,3135,2026-06-23,750000,36,Rejected
4047,1475,2026-05-26,100000,60,Disbursed
4048,4775,2026-02-12,200000,48,Approved
4049,4489,2026-02-11,100000,12,Rejected
4050,672,2026-07-30,50000,48,Rejected
4051,2688,2026-08-03,500000,12,KYC Pending
4052,2309,2026-07-19,400000,24,Disbursed
4053,411,2026-01-17,250000,48,Incomplete
4054,4039,2026-08-04,50000,36,KYC Pending
4055,3301,2026-06-02,400000,48,Rejected
4056,25,2026-02-19,250000,24,Approved
4057,3505,2026-02-22,100000,60,Disbursed
4058,1001,2026-06-11,400000,24,Incomplete
4059,1087,2026-03-17,500000,60,Rejected
4060,4821,2026-07-04,750000,12,Disbursed
4061,364,2026-07-28,150000,48,KYC Pending
4062,2995,2026-06-18,50000,36,Disbursed
4063,4612,2026-02-17,400000,60,Rejected
4064,1942,2026-04-30,250000,12,Disbursed
4065,3472,2026-05-27,400000,12,Incomplete
4066,1959,2026-02-11,250000,36,KYC Pending
4067,2843,2026-07-30,500000,24,KYC Pending
4068,3056,2026-08-24,1000000,36,Rejected
4069,4599,2026-06-29,150000,24,Approved
4070,3976,2026-03-30,50000,60,Disbursed
4071,324,2026-04-18,750000,60,Rejected
4072,3163,2026-05-04,100000,24,KYC Pending
4073,202,2026-08-19,150000,48,Approved
4074,1920,2026-02-15,1000000,24,Rejected
4075,2813,2026-06-29,300000,12,Incomplete
4076,1533,2026-08-04,100000,36,Rejected
4077,2089,2026-08-24,150000,48,Disbursed
4078,1863,2026-04-03,300000,24,Disbursed
4079,4598,2026-07-07,200000,12,Disbursed
4080,2672,2026-02-19,1000000,60,Rejected
4081,1885,2026-01-26,1000000,48,Rejected
4082,2292,2026-04-29,500000,36,Rejected
4083,4326,2026-04-18,200000,12,KYC Pending
4084,2570,2026-06-06,400000,12,Incomplete
4085,4693,2026-03-07,100000,24,KYC Pending
4086,2028,2026-05-21,50000,48,Disbursed
4087,2488,2026-02-26,100000,12,Rejected
4088,2923,2026-02-10,50000,24,Disbursed
4089,1321,2026-04-27,300000,60,Approved
4090,2595,2026-02-07,100000,24,Disbursed
4091,798,2026-07-25,150000,24,KYC Pending
4092,4338,2026-03-07,50000,12,Rejected
4093,2269,2026-08-26,400000,36,Disbursed
4094,505,2026-07-29,100000,12,Approved
4095,3626,2026-03-19,300000,12,KYC Pending
4096,2193,2026-01-29,50000,12,Disbursed
4097,4053,2026-08-14,50000,60,Approved
4098,3520,2026-03-09,100000,12,Disbursed
4099,1760,2026-01-17,1000000,36,Disbursed
4100,4965,2026-02-27,150000,36,Incomplete
4101,2461,2026-06-14,300000,24,Rejected
4102,2002,2026-06-22,100000,48,Rejected
4103,648,2026-02-04,50000,36,Disbursed
4104,4294,2026-08-07,500000,48,Disbursed
4105,1009,2026-06-30,500000,24,Rejected
4106,3771,2026-03-21,300000,60,KYC Pending
4107,2616,2026-07-07,750000,48,Disbursed
4108,4800,2026-04-09,750000,12,Disbursed
4109,4953,2026-05-14,1000000,36,Incomplete
4110,2621,2026-08-03,100000,24,Incomplete
4111,796,2026-04-26,250000,60,Incomplete
4112,1752,2026-02-24,300000,24,Incomplete
4113,2994,2026-06-18,150000,48,Incomplete
4114,2165,2026-06-24,100000,24,Disbursed
4115,2519,2026-06-10,500000,60,Rejected
4116,464,2026-05-02,1000000,24,KYC Pending
4117,2174,2026-08-12,500000,24,Rejected
4118,2677,2026-07-23,300000,12,Disbursed
4119,2673,2026-06-20,300000,24,Disbursed
4120,2674,2026-04-15,150000,36,Incomplete
4121,1918,2026-04-23,500000,48,Incomplete
4122,1714,2026-02-13,500000,24,KYC Pending
4123,4421,2026-03-13,50000,12,KYC Pending
4124,2476,2026-06-17,400000,36,Disbursed
4125,2095,2026-07-01,250000,48,Rejected
4126,1469,2026-06-08,300000,12,Disbursed
4127,1057,2026-01-28,100000,36,Rejected
4128,3060,2026-04-17,300000,48,Approved
4129,507,2026-07-29,1000000,48,Disbursed
4130,4968,2026-04-14,100000,12,Incomplete
4131,154,2026-05-30,750000,12,KYC Pending
4132,443,2026-05-03,500000,12,Disbursed
4133,3468,2026-04-19,750000,60,KYC Pending
4134,2589,2026-01-31,400000,12,KYC Pending
4135,770,2026-02-02,50000,48,Rejected
4136,4072,2026-06-30,400000,36,Disbursed
4137,3467,2026-06-20,300000,60,Disbursed
4138,1297,2026-07-03,50000,24,Disbursed
4139,1098,2026-05-20,400000,36,Rejected
4140,3615,2026-03-02,150000,60,Disbursed
4141,556,2026-03-30,500000,48,Rejected
4142,2392,2026-04-16,250000,36,Disbursed
4143,1631,2026-04-13,50000,48,Disbursed
4144,3068,2026-01-21,50000,24,Approved
4145,4471,2026-04-22,100000,24,Approved
4146,223,2026-06-21,150000,12,Incomplete
4147,2992,2026-07-15,1000000,12,Incomplete
4148,1906,2026-03-28,200000,60,Disbursed
4149,2999,2026-03-08,100000,24,Disbursed
4150,516,2026-02-16,750000,24,Rejected
4151,2895,2026-05-31,500000,12,Rejected
4152,4295,2026-02-20,150000,48,KYC Pending
4153,1074,2026-01-29,750000,12,Disbursed
4154,4515,2026-06-20,150000,36,Incomplete
4155,3327,2026-04-11,150000,60,Incomplete
4156,3454,2026-05-15,250000,48,Disbursed
4157,1264,2026-05-14,150000,24,Rejected
4158,4695,2026-01-28,150000,60,Disbursed
4159,4299,2026-05-22,250000,60,Disbursed
4160,86,2026-04-14,500000,12,Rejected
4161,3668,2026-08-19,200000,60,Rejected
4162,250,2026-06-28,150000,12,Disbursed
4163,4756,2026-07-04,300000,60,KYC Pending
4164,4504,2026-06-20,50000,12,Disbursed
4165,4280,2026-06-25,50000,12,KYC Pending
4166,3441,2026-05-26,500000,60,Rejected
4167,841,2026-08-22,100000,12,Incomplete
4168,3348,2026-05-04,50000,12,Rejected
4169,1923,2026-04-26,250000,24,Approved
4170,2152,2026-07-29,250000,36,Rejected
4171,3113,2026-03-02,500000,24,Approved
4172,2589,2026-03-14,200000,24,Rejected
4173,4927,2026-08-16,750000,24,KYC Pending
4174,429,2026-06-10,50000,60,Rejected
4175,4056,2026-04-23,1000000,24,Disbursed
4176,4556,2026-05-13,750000,60,Rejected
4177,1011,2026-02-05,50000,60,Rejected
4178,1224,2026-06-10,300000,36,Approved
4179,4221,2026-03-24,200000,48,Rejected
4180,1376,2026-05-12,750000,24,KYC Pending
4181,2759,2026-06-19,200000,48,KYC Pending
4182,275,2026-06-21,100000,48,Disbursed
4183,1541,2026-02-19,500000,12,Rejected
4184,2705,2026-05-12,200000,36,Disbursed
4185,3574,2026-01-18,250000,12,Disbursed
4186,3791,2026-02-11,200000,60,Rejected
4187,1732,2026-06-08,750000,48,Incomplete
4188,4119,2026-04-20,400000,48,Rejected
4189,2850,2026-05-27,750000,48,Incomplete
4190,3190,2026-06-07,750000,48,Rejected
4191,990,2026-06-22,100000,12,Incomplete
4192,4674,2026-03-05,1000000,24,Disbursed
4193,1019,2026-06-26,250000,60,Rejected
4194,4366,2026-02-20,400000,36,Rejected
4195,1630,2026-04-17,100000,12,KYC Pending
4196,2699,2026-06-24,100000,36,KYC Pending
4197,2338,2026-02-16,1000000,24,KYC Pending
4198,2307,2026-08-31,500000,60,Disbursed
4199,2342,2026-07-02,750000,60,KYC Pending
4200,2614,2026-07-27,200000,36,KYC Pending
4201,360,2026-03-27,750000,60,Rejected
4202,1123,2026-07-25,250000,36,Incomplete
4203,586,2026-04-14,200000,48,Disbursed
4204,2112,2026-06-04,150000,12,Incomplete
4205,3495,2026-02-26,50000,48,KYC Pending
4206,4313,2026-05-02,1000000,48,Rejected
4207,4039,2026-08-08,400000,48,Disbursed
4208,2858,2026-05-26,250000,24,Disbursed
4209,3797,2026-01-23,300000,12,Rejected
4210,4688,2026-03-08,300000,12,KYC Pending
4211,353,2026-02-09,750000,24,Incomplete
4212,1911,2026-06-07,250000,60,Rejected
4213,4421,2026-03-31,400000,24,Incomplete
4214,342,2026-05-28,500000,24,Incomplete
4215,4443,2026-03-28,500000,36,Disbursed
4216,1530,2026-02-11,750000,12,Disbursed
4217,919,2026-08-12,400000,24,Incomplete
4218,1895,2026-04-20,150000,24,Disbursed
4219,3004,2026-07-25,400000,48,Disbursed
4220,3830,2026-04-17,150000,12,Disbursed
4221,1600,2026-05-18,250000,48,Disbursed
4222,3769,2026-03-26,100000,48,Incomplete
4223,3080,2026-03-10,400000,12,KYC Pending
4224,3600,2026-02-09,300000,60,Approved
4225,3508,2026-05-09,150000,60,Approved
4226,992,2026-08-19,150000,36,Disbursed
4227,4349,2026-07-25,500000,48,KYC Pending
4228,1109,2026-02-23,750000,12,Rejected
4229,2989,2026-02-01,300000,24,Rejected
4230,1173,2026-06-27,150000,48,Rejected
4231,237,2026-07-17,150000,12,Disbursed
4232,1944,2026-03-08,200000,24,KYC Pending
4233,4918,2026-06-24,300000,36,Disbursed
4234,1351,2026-06-15,250000,36,Disbursed
4235,4563,2026-06-27,400000,36,KYC Pending
4236,674,2026-05-18,250000,48,Rejected
4237,1773,2026-06-05,300000,24,Rejected
4238,4720,2026-01-27,1000000,60,Rejected
4239,2626,2026-06-29,500000,48,Rejected
4240,66,2026-07-06,200000,24,Incomplete
4241,2179,2026-01-12,50000,24,Disbursed
4242,3514,2026-07-03,200000,12,Disbursed
4243,719,2026-04-22,300000,36,Approved
4244,1059,2026-05-10,1000000,60,Disbursed
4245,361,2026-07-19,150000,24,Incomplete
4246,3039,2026-02-24,250000,12,KYC Pending
4247,3523,2026-03-17,750000,60,Disbursed
4248,3556,2026-07-06,1000000,24,Disbursed
4249,1956,2026-02-18,400000,36,Disbursed
4250,3243,2026-08-18,750000,48,Disbursed
4251,3762,2026-08-12,100000,48,Incomplete
4252,341,2026-03-29,50000,48,KYC Pending
4253,1938,2026-02-18,150000,36,Disbursed
4254,585,2026-08-01,100000,36,Incomplete
4255,4488,2026-03-11,300000,60,Disbursed
4256,2709,2026-05-10,400000,36,Rejected
4257,397,2026-05-13,400000,36,Disbursed
4258,3288,2026-08-07,150000,60,KYC Pending
4259,4235,2026-05-05,150000,24,Incomplete
4260,98,2026-05-01,500000,36,KYC Pending
4261,1771,2026-03-22,400000,60,Disbursed
4262,4723,2026-05-15,150000,48,Disbursed
4263,3674,2026-07-04,250000,12,Incomplete
4264,3983,2026-04-23,150000,48,Rejected
4265,4715,2026-02-15,1000000,36,Rejected
4266,1063,2026-07-31,100000,60,Rejected
4267,135,2026-05-01,100000,12,Rejected
4268,2468,2026-03-29,500000,60,Rejected
4269,4645,2026-04-16,200000,12,Disbursed
4270,3149,2026-06-09,150000,60,KYC Pending
4271,1130,2026-05-27,1000000,24,Disbursed
4272,112,2026-07-20,400000,36,Rejected
4273,4536,2026-06-07,750000,60,Disbursed
4274,4301,2026-02-06,150000,60,Approved
4275,4401,2026-05-01,1000000,48,Disbursed
4276,3080,2026-03-06,50000,36,Incomplete
4277,2677,2026-07-26,250000,12,Disbursed
4278,2034,2026-04-14,250000,24,Disbursed
4279,1473,2026-05-06,100000,60,Rejected
4280,3338,2026-05-30,250000,60,Incomplete
4281,4747,2026-06-24,400000,60,Rejected
4282,4622,2026-03-20,750000,36,KYC Pending
4283,3175,2026-03-21,150000,12,KYC Pending
4284,3493,2026-07-26,400000,36,KYC Pending
4285,3451,2026-07-23,300000,36,Approved
4286,2231,2026-03-27,200000,48,KYC Pending
4287,1998,2026-03-29,50000,48,Disbursed
4288,4766,2026-08-09,100000,24,KYC Pending
4289,4421,2026-03-18,750000,48,Rejected
4290,3199,2026-02-12,500000,48,Rejected
4291,2370,2026-08-11,1000000,24,Disbursed
4292,232,2026-06-01,400000,48,Disbursed
4293,3636,2026-06-05,50000,60,Rejected
4294,655,2026-02-10,500000,60,Disbursed
4295,1612,2026-01-25,500000,36,KYC Pending
4296,796,2026-05-10,400000,60,Rejected
4297,465,2026-05-29,750000,60,Incomplete
4298,3977,2026-04-24,150000,60,Disbursed
4299,2428,2026-04-10,750000,48,Incomplete
4300,2148,2026-02-27,1000000,24,Rejected
4301,4986,2026-08-09,150000,36,Rejected
4302,2234,2026-04-24,150000,24,Rejected
4303,3911,2026-05-14,50000,24,Rejected
4304,4332,2026-05-05,50000,12,KYC Pending
4305,2652,2026-08-08,1000000,12,Incomplete
4306,751,2026-04-23,150000,36,Rejected
4307,1851,2026-03-20,500000,12,Rejected
4308,2569,2026-05-04,1000000,24,Approved
4309,4067,2026-03-06,400000,48,Incomplete
4310,4572,2026-06-08,500000,24,Disbursed
4311,1302,2026-03-31,50000,48,Disbursed
4312,4053,2026-07-21,300000,60,Disbursed
4313,4719,2026-02-28,300000,48,Rejected
4314,265,2026-03-06,300000,48,Rejected
4315,4650,2026-04-16,1000000,12,Incomplete
4316,913,2026-03-08,750000,36,Incomplete
4317,1933,2026-06-02,250000,12,KYC Pending
4318,118,2026-06-13,100000,60,Rejected
4319,1975,2026-04-26,750000,36,Approved
4320,4376,2026-07-07,300000,12,KYC Pending
4321,1336,2026-06-29,100000,24,KYC Pending
4322,2810,2026-01-26,150000,24,Approved
4323,386,2026-03-03,200000,12,Incomplete
4324,2774,2026-02-07,100000,60,Rejected
4325,2259,2026-08-25,500000,60,Disbursed
4326,547,2026-07-23,50000,12,Incomplete
4327,789,2026-05-03,150000,48,Approved
4328,822,2026-08-31,50000,60,Approved
4329,3102,2026-04-28,150000,60,Rejected
4330,2096,2026-03-28,250000,12,Disbursed
4331,2089,2026-08-28,50000,12,Rejected
4332,1636,2026-03-31,300000,60,Incomplete
4333,753,2026-04-30,500000,60,Incomplete
4334,2500,2026-04-29,300000,60,Approved
4335,4683,2026-05-29,150000,12,Disbursed
4336,2312,2026-08-31,150000,48,Disbursed
4337,760,2026-05-21,400000,36,Approved
4338,963,2026-04-24,150000,48,Approved
4339,337,2026-07-03,150000,48,Disbursed
4340,3161,2026-05-05,100000,12,Approved
4341,4344,2026-05-03,400000,12,Disbursed
4342,3957,2026-03-04,50000,24,Disbursed
4343,1378,2026-04-06,150000,24,Rejected
4344,4796,2026-07-15,150000,36,Incomplete
4345,3993,2026-03-17,200000,48,Disbursed
4346,1468,2026-05-14,100000,12,Disbursed
4347,438,2026-04-07,150000,36,Approved
4348,4156,2026-03-05,300000,12,Disbursed
4349,4122,2026-08-27,400000,36,KYC Pending
4350,170,2026-04-11,400000,36,Disbursed
4351,3936,2026-03-13,400000,48,Rejected
4352,2458,2026-03-24,100000,48,Incomplete
4353,3838,2026-04-20,250000,60,Disbursed
4354,4463,2026-07-11,100000,60,Disbursed
4355,455,2026-07-31,500000,12,Disbursed
4356,3245,2026-06-21,50000,60,Incomplete
4357,1083,2026-06-18,750000,24,Disbursed
4358,2317,2026-07-17,100000,24,Disbursed
4359,2807,2026-02-23,400000,24,Rejected
4360,1940,2026-06-16,50000,24,Rejected
4361,1669,2026-06-03,150000,12,KYC Pending
4362,1693,2026-03-05,300000,36,Approved
4363,3583,2026-02-13,300000,24,Rejected
4364,2315,2026-03-29,1000000,12,Approved
4365,3131,2026-05-20,300000,36,KYC Pending
4366,1597,2026-04-25,150000,60,Approved
4367,2769,2026-07-17,400000,60,Approved
4368,1290,2026-07-04,1000000,48,Rejected
4369,4897,2026-06-18,50000,12,Rejected
4370,2579,2026-06-30,1000000,12,Approved
4371,1242,2026-05-05,1000000,24,Disbursed
4372,2568,2026-03-09,1000000,24,Rejected
4373,3644,2026-04-24,50000,48,KYC Pending
4374,173,2026-06-10,300000,36,Incomplete
4375,2284,2026-05-14,1000000,36,KYC Pending
4376,3272,2026-05-04,1000000,12,Rejected
4377,3046,2026-06-02,50000,60,KYC Pending
4378,951,2026-01-28,1000000,36,Rejected
4379,1955,2026-01-11,400000,48,Approved
4380,327,2026-01-13,750000,48,Approved
4381,4381,2026-08-09,1000000,48,Rejected
4382,3225,2026-06-27,50000,60,Rejected
4383,3135,2026-06-18,400000,48,Disbursed
4384,1713,2026-03-30,100000,48,Rejected
4385,4928,2026-04-28,50000,36,KYC Pending
4386,668,2026-03-18,200000,48,Rejected
4387,1460,2026-02-01,1000000,60,Disbursed
4388,1226,2026-02-12,400000,36,KYC Pending
4389,4706,2026-02-10,250000,24,Disbursed
4390,151,2026-04-16,400000,60,Rejected
4391,2264,2026-03-03,50000,12,Disbursed
4392,3815,2026-08-25,200000,12,Disbursed
4393,2554,2026-02-25,400000,60,Rejected
4394,309,2026-07-29,300000,36,Disbursed
4395,2552,2026-04-29,250000,12,KYC Pending
4396,104,2026-06-11,500000,36,Disbursed
4397,2014,2026-08-04,400000,12,Rejected
4398,93,2026-06-04,100000,36,Disbursed
4399,1778,2026-06-02,150000,24,KYC Pending
4400,415,2026-02-17,500000,36,Approved
4401,4516,2026-06-08,200000,24,Incomplete
4402,3874,2026-06-04,200000,60,KYC Pending
4403,4030,2026-02-20,400000,12,Rejected
4404,385,2026-02-21,400000,60,Approved
4405,4282,2026-05-13,500000,36,Rejected
4406,959,2026-08-30,150000,24,Disbursed
4407,2039,2026-08-30,300000,12,Rejected
4408,2997,2026-04-29,1000000,36,Incomplete
4409,3215,2026-06-27,300000,24,Disbursed
4410,2223,2026-05-28,100000,36,Approved
4411,2135,2026-02-27,750000,60,Approved
4412,3702,2026-06-29,1000000,60,Incomplete
4413,909,2026-08-06,300000,24,Approved
4414,782,2026-07-24,150000,12,Incomplete
4415,648,2026-02-14,100000,48,Disbursed
4416,2838,2026-04-22,1000000,60,Rejected
4417,3614,2026-01-30,750000,12,Disbursed
4418,12,2026-06-24,750000,36,KYC Pending
4419,4169,2026-07-18,750000,48,Rejected
4420,2901,2026-04-10,150000,24,Rejected
4421,602,2026-02-11,1000000,36,Rejected
4422,917,2026-03-07,300000,12,Disbursed
4423,4681,2026-06-16,150000,48,KYC Pending
4424,1578,2026-05-07,1000000,60,KYC Pending
4425,3142,2026-07-09,300000,12,Disbursed
4426,2881,2026-06-28,500000,24,Disbursed
4427,2196,2026-05-25,250000,12,KYC Pending
4428,643,2026-07-07,500000,48,KYC Pending
4429,2844,2026-05-02,500000,60,Approved
4430,4410,2026-03-22,1000000,60,KYC Pending
4431,617,2026-02-10,150000,24,Rejected
4432,1958,2026-08-28,500000,12,Disbursed
4433,4007,2026-07-05,500000,48,Disbursed
4434,79,2026-04-12,1000000,60,Disbursed
4435,2927,2026-08-04,500000,36,Disbursed
4436,280,2026-03-02,50000,60,KYC Pending
4437,3861,2026-05-01,400000,12,Rejected
4438,585,2026-07-19,150000,12,Disbursed
4439,625,2026-03-14,400000,48,Incomplete
4440,4558,2026-06-13,50000,36,Approved
4441,3388,2026-08-12,300000,12,Rejected
4442,3854,2026-02-05,750000,60,Disbursed
4443,43,2026-04-07,1000000,48,Rejected
4444,539,2026-06-15,750000,48,Incomplete
4445,2583,2026-07-23,500000,60,Rejected
4446,4496,2026-06-26,400000,36,Incomplete
4447,1055,2026-05-15,750000,24,Disbursed
4448,3408,2026-05-31,150000,24,Disbursed
4449,4379,2026-03-10,500000,12,Rejected
4450,3637,2026-03-02,50000,48,Approved
4451,211,2026-06-23,50000,60,Rejected
4452,3571,2026-05-13,50000,48,Rejected
4453,4042,2026-01-10,1000000,36,Rejected
4454,2209,2026-02-05,1000000,60,Rejected
4455,1,2026-06-14,200000,12,Disbursed
4456,2348,2026-02-23,100000,36,Incomplete
4457,4515,2026-06-07,250000,12,Approved
4458,2254,2026-06-23,200000,24,Rejected
4459,2544,2026-05-12,100000,48,Disbursed
4460,2408,2026-08-08,50000,48,KYC Pending
4461,2086,2026-06-14,200000,36,Approved
4462,4717,2026-01-25,400000,36,Incomplete
4463,4866,2026-01-13,50000,12,Disbursed
4464,4860,2026-05-02,200000,48,Rejected
4465,3766,2026-07-23,200000,24,KYC Pending
4466,4753,2026-07-22,50000,60,KYC Pending
4467,1585,2026-06-01,300000,12,Rejected
4468,3968,2026-04-02,300000,36,Rejected
4469,139,2026-07-21,500000,12,Disbursed
4470,2032,2026-08-31,150000,12,Disbursed
4471,582,2026-06-15,500000,36,Approved
4472,903,2026-04-13,400000,24,Incomplete
4473,4832,2026-05-13,250000,60,Approved
4474,2268,2026-06-30,100000,48,Disbursed
4475,1470,2026-07-13,200000,12,Incomplete
4476,706,2026-07-08,300000,60,Disbursed
4477,4811,2026-05-22,250000,60,Rejected
4478,1850,2026-06-12,100000,12,Disbursed
4479,509,2026-08-10,300000,60,Incomplete
4480,4910,2026-05-20,400000,48,Rejected
4481,4066,2026-06-26,100000,60,Disbursed
4482,601,2026-02-09,300000,48,KYC Pending
4483,3613,2026-02-11,500000,36,Rejected
4484,1610,2026-07-26,150000,24,Rejected
4485,4063,2026-06-10,50000,12,Disbursed
4486,4016,2026-04-04,200000,60,Approved
4487,4029,2026-07-27,250000,36,Incomplete
4488,1527,2026-07-15,200000,12,Approved
4489,4463,2026-06-23,150000,48,Incomplete
4490,795,2026-04-04,500000,12,Incomplete
4491,3316,2026-06-13,500000,36,Rejected
4492,2587,2026-08-21,150000,48,Rejected
4493,2375,2026-07-16,400000,60,Approved
4494,1489,2026-03-11,200000,12,Disbursed
4495,595,2026-02-17,50000,48,Disbursed
4496,3784,2026-07-26,150000,60,Approved
4497,2605,2026-08-31,100000,60,Rejected
4498,1339,2026-07-22,250000,36,Approved
4499,988,2026-05-02,50000,36,Disbursed
4500,2111,2026-06-24,300000,12,KYC Pending
4501,4021,2026-07-03,200000,36,KYC Pending
4502,2518,2026-08-31,1000000,60,Incomplete
4503,2031,2026-03-26,500000,60,Disbursed
4504,2537,2026-04-24,1000000,36,KYC Pending
4505,56,2026-04-05,50000,36,Approved
4506,2379,2026-04-12,500000,24,Disbursed
4507,1253,2026-06-17,50000,36,Rejected
4508,1285,2026-05-07,500000,48,Disbursed
4509,2730,2026-05-15,200000,48,Rejected
4510,3528,2026-08-22,1000000,48,Rejected
4511,4311,2026-02-14,500000,12,KYC Pending
4512,1224,2026-06-16,500000,60,Incomplete
4513,1707,2026-02-23,200000,24,KYC Pending
4514,3347,2026-02-18,750000,48,Incomplete
4515,4798,2026-07-20,750000,48,Disbursed
4516,88,2026-05-29,400000,60,Approved
4517,2016,2026-06-21,100000,12,Disbursed
4518,2986,2026-04-14,750000,12,Disbursed
4519,3882,2026-08-03,400000,48,Disbursed
4520,4736,2026-03-20,750000,12,Rejected
4521,36,2026-03-31,200000,48,Rejected
4522,1079,2026-02-11,500000,12,KYC Pending
4523,4375,2026-03-13,750000,12,Disbursed
4524,3296,2026-04-03,200000,36,KYC Pending
4525,3032,2026-06-21,300000,48,KYC Pending
4526,279,2026-07-03,50000,12,Disbursed
4527,4738,2026-08-02,100000,12,Approved
4528,4203,2026-05-12,50000,48,Disbursed
4529,3283,2026-06-10,250000,48,Disbursed
4530,2139,2026-07-06,750000,60,Rejected
4531,839,2026-07-19,300000,24,Disbursed
4532,3508,2026-05-14,150000,12,KYC Pending
4533,3495,2026-03-05,300000,48,KYC Pending
4534,3969,2026-02-18,150000,12,Disbursed
4535,254,2026-06-19,500000,36,Disbursed
4536,1159,2026-04-10,200000,12,Disbursed
4537,2565,2026-07-17,750000,12,Rejected
4538,1914,2026-07-15,1000000,48,Approved
4539,4704,2026-03-21,750000,60,Incomplete
4540,4249,2026-02-28,500000,24,Rejected
4541,456,2026-01-09,750000,36,Disbursed
4542,1240,2026-03-10,200000,24,Rejected
4543,4943,2026-08-11,500000,48,Disbursed
4544,2328,2026-04-10,1000000,36,Disbursed
4545,2432,2026-01-17,200000,60,KYC Pending
4546,1110,2026-03-03,150000,60,Rejected
4547,4890,2026-07-24,150000,24,Rejected
4548,2435,2026-06-16,150000,60,KYC Pending
4549,3144,2026-04-26,150000,48,Disbursed
4550,2681,2026-03-05,500000,48,KYC Pending
4551,3562,2026-06-05,750000,48,Rejected
4552,3717,2026-07-01,100000,48,Approved
4553,4745,2026-06-05,200000,48,KYC Pending
4554,4748,2026-07-25,200000,60,Incomplete
4555,3893,2026-06-17,400000,60,Incomplete
4556,4453,2026-06-30,50000,60,Disbursed
4557,4657,2026-01-24,100000,12,Disbursed
4558,4977,2026-03-17,50000,24,Disbursed
4559,3194,2026-05-14,100000,48,Disbursed
4560,4232,2026-05-02,50000,36,Rejected
4561,1520,2026-07-29,100000,48,Rejected
4562,137,2026-07-21,1000000,24,Disbursed
4563,969,2026-05-28,150000,12,KYC Pending
4564,2462,2026-08-07,200000,12,KYC Pending
4565,1784,2026-01-28,100000,60,KYC Pending
4566,580,2026-03-03,1000000,36,Rejected
4567,2329,2026-07-09,50000,60,Disbursed
4568,277,2026-05-01,50000,36,Disbursed
4569,1859,2026-04-12,400000,48,Rejected
4570,2499,2026-05-07,250000,36,KYC Pending
4571,552,2026-07-17,500000,12,Disbursed
4572,2810,2026-02-11,250000,24,Approved
4573,3268,2026-08-07,750000,12,Rejected
4574,3821,2026-05-13,400000,24,Disbursed
4575,407,2026-08-31,500000,48,Rejected
4576,2438,2026-03-03,400000,60,Disbursed
4577,2373,2026-06-30,200000,48,Approved
4578,545,2026-05-09,200000,60,Approved
4579,3036,2026-05-27,400000,24,Disbursed
4580,2916,2026-03-04,150000,12,Disbursed
4581,81,2026-02-22,250000,48,Disbursed
4582,4909,2026-04-17,50000,60,Incomplete
4583,1033,2026-06-18,150000,12,Disbursed
4584,2306,2026-03-03,250000,36,Approved
4585,694,2026-05-08,500000,48,Rejected
4586,1554,2026-03-31,200000,60,Rejected
4587,2894,2026-06-26,500000,60,Rejected
4588,1640,2026-06-06,200000,36,Disbursed
4589,1397,2026-08-01,50000,36,Rejected
4590,296,2026-05-27,50000,60,KYC Pending
4591,4598,2026-06-21,400000,24,Approved
4592,2061,2026-08-31,150000,48,Approved
4593,4287,2026-04-09,100000,60,KYC Pending
4594,401,2026-02-25,250000,36,Disbursed
4595,189,2026-03-21,1000000,36,Disbursed
4596,4303,2026-06-08,500000,60,Rejected
4597,2088,2026-02-07,300000,48,KYC Pending
4598,2024,2026-06-21,200000,48,Rejected
4599,995,2026-03-02,300000,60,Rejected
4600,2467,2026-03-20,250000,60,Incomplete
4601,2931,2026-06-24,250000,60,Disbursed
4602,3554,2026-02-13,50000,24,Incomplete
4603,1257,2026-01-29,750000,24,Disbursed
4604,1535,2026-02-17,200000,60,Approved
4605,3695,2026-01-21,500000,60,Rejected
4606,410,2026-03-24,1000000,36,Rejected
4607,3802,2026-07-12,150000,24,Rejected
4608,4217,2026-04-18,100000,60,Disbursed
4609,1884,2026-07-02,200000,12,Rejected
4610,4194,2026-03-04,150000,48,Incomplete
4611,3912,2026-06-04,1000000,36,Disbursed
4612,4529,2026-01-17,150000,60,Incomplete
4613,1687,2026-02-11,400000,24,Incomplete
4614,1765,2026-05-29,250000,24,Approved
4615,4979,2026-05-09,50000,24,Disbursed
4616,4491,2026-08-10,100000,24,Approved
4617,1265,2026-03-17,300000,12,Disbursed
4618,512,2026-05-15,100000,24,Approved
4619,2825,2026-02-21,250000,24,Approved
4620,3486,2026-02-21,150000,48,Disbursed
4621,1450,2026-08-06,250000,36,KYC Pending
4622,3344,2026-03-21,50000,12,Incomplete
4623,2117,2026-05-16,1000000,12,Incomplete
4624,1849,2026-06-11,400000,60,Disbursed
4625,3262,2026-01-25,400000,48,KYC Pending
4626,3416,2026-06-30,750000,48,KYC Pending
4627,3145,2026-06-07,200000,60,Disbursed
4628,4997,2026-06-14,1000000,24,Rejected
4629,1056,2026-08-09,1000000,36,Disbursed
4630,4618,2026-05-10,500000,36,Incomplete
4631,3365,2026-08-18,750000,12,Approved
4632,1359,2026-07-14,400000,12,Approved
4633,1512,2026-08-09,500000,24,Rejected
4634,3170,2026-04-06,150000,12,Disbursed
4635,4297,2026-04-18,250000,48,Approved
4636,1244,2026-03-22,300000,12,Rejected
4637,2102,2026-02-27,200000,24,Rejected
4638,414,2026-08-15,500000,60,Rejected
4639,3115,2026-03-11,150000,60,Incomplete
4640,1427,2026-04-20,50000,60,Rejected
4641,4724,2026-02-10,300000,24,Disbursed
4642,2543,2026-02-13,150000,36,Rejected
4643,3055,2026-03-28,300000,12,Rejected
4644,1060,2026-02-06,750000,60,Incomplete
4645,604,2026-05-27,750000,12,KYC Pending
4646,2325,2026-06-10,750000,48,Incomplete
4647,4713,2026-02-19,200000,24,Disbursed
4648,2002,2026-06-05,1000000,36,Disbursed
4649,2247,2026-08-20,200000,48,Rejected
4650,1685,2026-06-23,100000,24,Incomplete
4651,3123,2026-05-02,100000,48,KYC Pending
4652,315,2026-06-24,300000,48,Incomplete
4653,4744,2026-03-30,150000,48,Approved
4654,11,2026-04-10,400000,36,Rejected
4655,1427,2026-04-10,100000,24,KYC Pending
4656,1556,2026-02-05,1000000,36,Incomplete
4657,1102,2026-02-10,750000,12,KYC Pending
4658,4985,2026-02-03,1000000,48,Rejected
4659,1730,2026-02-07,500000,36,Disbursed
4660,3037,2026-03-09,300000,60,Incomplete
4661,3027,2026-04-30,750000,12,Rejected
4662,4242,2026-02-01,750000,60,Disbursed
4663,647,2026-03-23,300000,12,Approved
4664,4083,2026-07-04,200000,48,KYC Pending
4665,3701,2026-03-14,250000,36,Incomplete
4666,2886,2026-05-24,150000,36,Rejected
4667,974,2026-03-01,300000,12,Disbursed
4668,1204,2026-02-06,250000,36,Disbursed
4669,4480,2026-05-08,400000,12,Disbursed
4670,4179,2026-08-05,50000,36,Rejected
4671,2229,2026-07-07,1000000,48,Approved
4672,693,2026-02-23,200000,24,Rejected
4673,1992,2026-06-21,1000000,60,Approved
4674,134,2026-04-07,750000,12,Rejected
4675,2281,2026-05-08,750000,48,Rejected
4676,3009,2026-04-15,300000,48,Rejected
4677,3602,2026-07-20,400000,24,Incomplete
4678,4365,2026-03-09,100000,24,KYC Pending
4679,649,2026-04-14,200000,12,Disbursed
4680,1493,2026-06-07,750000,12,Rejected
4681,2096,2026-03-01,150000,48,Disbursed
4682,4765,2026-07-08,200000,48,Disbursed
4683,4398,2026-03-18,750000,12,Rejected
4684,2908,2026-06-13,50000,36,Disbursed
4685,2884,2026-06-05,150000,60,Disbursed
4686,345,2026-08-18,150000,24,Disbursed
4687,2526,2026-02-06,400000,48,Disbursed
4688,1090,2026-03-10,100000,24,Rejected
4689,672,2026-07-18,1000000,48,Disbursed
4690,3076,2026-07-20,400000,24,KYC Pending
4691,513,2026-07-27,150000,48,Disbursed
4692,1638,2026-03-14,50000,48,Rejected
4693,1081,2026-03-28,250000,48,Disbursed
4694,7,2026-02-26,1000000,12,KYC Pending
4695,3678,2026-03-18,400000,48,Rejected
4696,2812,2026-06-14,400000,36,Disbursed
4697,2048,2026-08-31,150000,12,Approved
4698,1101,2026-04-08,50000,12,Disbursed
4699,3319,2026-05-22,50000,48,Disbursed
4700,3254,2026-05-05,250000,36,Disbursed
4701,4669,2026-05-09,1000000,60,Disbursed
4702,2182,2026-06-05,250000,48,Disbursed
4703,4517,2026-07-20,400000,48,Rejected
4704,3631,2026-08-29,250000,48,KYC Pending
4705,74,2026-05-30,1000000,36,Disbursed
4706,2037,2026-01-25,150000,12,Rejected
4707,2984,2026-05-29,750000,12,Incomplete
4708,3757,2026-08-24,750000,12,Rejected
4709,1826,2026-08-31,300000,60,Rejected
4710,1280,2026-02-09,50000,48,Disbursed
4711,350,2026-06-29,250000,60,Disbursed
4712,153,2026-04-20,250000,24,Incomplete
4713,3341,2026-04-04,200000,48,KYC Pending
4714,1761,2026-04-10,300000,60,Disbursed
4715,3064,2026-08-23,100000,36,Disbursed
4716,907,2026-02-01,750000,48,KYC Pending
4717,2444,2026-02-26,100000,60,Incomplete
4718,355,2026-05-30,250000,60,Rejected
4719,2419,2026-03-25,750000,12,Disbursed
4720,90,2026-02-12,400000,48,Disbursed
4721,4639,2026-07-05,200000,60,Disbursed
4722,1119,2026-06-07,200000,12,KYC Pending
4723,49,2026-06-20,100000,36,Incomplete
4724,3970,2026-02-26,300000,12,Rejected
4725,4276,2026-03-28,200000,24,Approved
4726,2737,2026-03-26,250000,36,KYC Pending
4727,2074,2026-01-30,1000000,36,Rejected
4728,1419,2026-05-03,750000,24,KYC Pending
4729,3126,2026-07-13,1000000,24,Disbursed
4730,2672,2026-02-15,400000,24,Disbursed
4731,1789,2026-05-18,300000,12,Incomplete
4732,2207,2026-08-15,50000,24,Incomplete
4733,2299,2026-03-15,100000,24,KYC Pending
4734,2168,2026-08-26,1000000,36,Disbursed
4735,1595,2026-07-21,500000,36,Rejected
4736,2217,2026-03-28,250000,60,KYC Pending
4737,1436,2026-08-18,150000,36,Approved
4738,466,2026-02-26,300000,36,Incomplete
4739,2164,2026-06-26,100000,12,Approved
4740,4888,2026-06-13,50000,48,KYC Pending
4741,1967,2026-03-03,500000,24,Rejected
4742,138,2026-02-15,750000,12,Disbursed
4743,1094,2026-04-07,100000,12,Disbursed
4744,4345,2026-05-19,1000000,12,Rejected
4745,272,2026-01-21,100000,36,Approved
4746,307,2026-08-09,50000,24,KYC Pending
4747,128,2026-04-26,300000,12,Rejected
4748,2919,2026-04-21,300000,24,Approved
4749,3211,2026-08-11,200000,36,Rejected
4750,4383,2026-03-28,250000,24,Disbursed
4751,3869,2026-03-28,500000,48,KYC Pending
4752,1405,2026-06-20,500000,36,Disbursed
4753,903,2026-05-12,50000,60,Disbursed
4754,3153,2026-07-04,500000,60,Rejected
4755,921,2026-06-11,50000,24,Incomplete
4756,3466,2026-07-23,200000,48,Approved
4757,18,2026-03-17,100000,48,Incomplete
4758,4423,2026-03-01,500000,60,Incomplete
4759,3764,2026-08-02,500000,24,KYC Pending
4760,2681,2026-02-11,50000,24,Disbursed
4761,728,2026-06-10,150000,48,Rejected
4762,2258,2026-02-14,1000000,48,Rejected
4763,3826,2026-06-21,250000,12,Rejected
4764,1507,2026-08-13,1000000,36,Rejected
4765,180,2026-06-24,100000,24,KYC Pending
4766,1190,2026-03-01,250000,24,Disbursed
4767,4747,2026-06-10,50000,36,Disbursed
4768,4159,2026-08-16,500000,24,Disbursed
4769,4230,2026-03-04,750000,48,KYC Pending
4770,2543,2026-01-17,250000,24,Approved
4771,3750,2026-05-15,400000,24,Approved
4772,2352,2026-02-21,150000,36,KYC Pending
4773,4868,2026-05-12,250000,60,Disbursed
4774,2673,2026-06-01,250000,24,Approved
4775,4314,2026-02-13,200000,24,KYC Pending
4776,2451,2026-02-05,150000,60,Disbursed
4777,2425,2026-05-04,150000,12,Approved
4778,1425,2026-04-24,300000,12,Rejected
4779,4508,2026-06-11,150000,12,Rejected
4780,3397,2026-06-01,750000,60,Disbursed
4781,4341,2026-02-05,100000,24,KYC Pending
4782,4332,2026-04-07,250000,36,Disbursed
4783,1231,2026-06-30,300000,12,Approved
4784,1561,2026-02-01,400000,12,Disbursed
4785,1306,2026-04-13,500000,36,Rejected
4786,3722,2026-05-10,50000,12,Rejected
4787,1790,2026-04-12,50000,24,Approved
4788,4241,2026-03-03,50000,12,Approved
4789,1454,2026-05-02,250000,12,KYC Pending
4790,4419,2026-02-09,400000,12,Rejected
4791,4204,2026-04-12,500000,24,Disbursed
4792,255,2026-08-01,400000,48,Disbursed
4793,2309,2026-08-11,750000,36,KYC Pending
4794,393,2026-01-10,750000,60,Rejected
4795,3656,2026-05-17,400000,24,Disbursed
4796,349,2026-05-25,750000,12,Approved
4797,2445,2026-06-01,750000,24,Disbursed
4798,3378,2026-06-02,300000,60,Disbursed
4799,1279,2026-04-12,150000,36,Disbursed
4800,446,2026-06-06,1000000,60,Disbursed
4801,3900,2026-04-02,750000,24,Rejected
4802,4625,2026-08-16,50000,48,Disbursed
4803,380,2026-07-21,200000,24,Rejected
4804,3677,2026-08-27,1000000,24,Disbursed
4805,1637,2026-03-13,100000,24,Incomplete
4806,495,2026-07-26,150000,12,Rejected
4807,3816,2026-06-08,250000,24,Approved
4808,2630,2026-03-15,300000,48,Disbursed
4809,4187,2026-03-26,50000,36,Rejected
4810,1515,2026-05-12,750000,36,Incomplete
4811,3992,2026-08-21,500000,36,Rejected
4812,2070,2026-01-13,200000,48,KYC Pending
4813,3110,2026-06-09,200000,12,Rejected
4814,844,2026-02-13,300000,36,Incomplete
4815,425,2026-06-18,1000000,60,Disbursed
4816,4751,2026-06-05,100000,48,Approved
4817,4323,2026-04-28,250000,12,Rejected
4818,2816,2026-03-24,100000,36,Disbursed
4819,934,2026-07-30,50000,60,Disbursed
4820,1817,2026-07-06,300000,60,Disbursed
4821,2221,2026-07-04,500000,48,Rejected
4822,1778,2026-05-02,50000,12,KYC Pending
4823,3166,2026-04-20,300000,12,Disbursed
4824,46,2026-03-16,500000,24,Disbursed
4825,4113,2026-07-01,150000,12,Rejected
4826,3863,2026-08-17,500000,60,Rejected
4827,3394,2026-03-10,50000,48,Approved
4828,915,2026-03-07,200000,60,Disbursed
4829,2887,2026-04-02,1000000,24,KYC Pending
4830,3817,2026-05-20,750000,48,Approved
4831,618,2026-04-28,750000,60,Rejected
4832,2078,2026-07-24,200000,60,Disbursed
4833,445,2026-07-06,500000,36,Disbursed
4834,2010,2026-04-15,50000,24,Disbursed
4835,2139,2026-07-09,300000,12,Disbursed
4836,4200,2026-03-10,300000,48,KYC Pending
4837,4600,2026-04-29,750000,36,Incomplete
4838,1901,2026-03-13,400000,12,Approved
4839,1906,2026-03-19,1000000,36,Rejected
4840,1331,2026-04-20,200000,48,Disbursed
4841,3818,2026-06-16,300000,60,Rejected
4842,2118,2026-03-04,250000,36,Approved
4843,3014,2026-03-30,400000,60,KYC Pending
4844,2010,2026-05-25,750000,24,Disbursed
4845,1556,2026-03-07,50000,12,KYC Pending
4846,3598,2026-04-09,50000,36,Incomplete
4847,4413,2026-07-16,750000,24,Rejected
4848,2786,2026-08-11,750000,60,Incomplete
4849,521,2026-07-04,500000,24,Approved
4850,1472,2026-05-21,150000,36,Rejected
4851,3117,2026-08-07,200000,60,Approved
4852,220,2026-04-03,50000,24,KYC Pending
4853,3684,2026-03-06,1000000,24,Approved
4854,3429,2026-07-30,250000,60,Approved
4855,671,2026-05-02,150000,60,Approved
4856,2940,2026-03-13,750000,24,KYC Pending
4857,2313,2026-07-19,150000,24,Incomplete
4858,926,2026-05-26,200000,36,Disbursed
4859,158,2026-06-09,250000,48,Rejected
4860,2478,2026-02-12,200000,24,Approved
4861,2678,2026-07-22,250000,48,Approved
4862,1945,2026-07-14,400000,12,Approved
4863,2979,2026-04-12,500000,60,Incomplete
4864,4069,2026-08-18,500000,12,Incomplete
4865,4388,2026-04-20,150000,36,Incomplete
4866,959,2026-08-19,300000,60,Rejected
4867,3202,2026-01-19,200000,60,Approved
4868,345,2026-08-23,50000,48,Disbursed
4869,2017,2026-04-07,100000,12,KYC Pending
4870,2392,2026-04-16,100000,60,Disbursed
4871,4812,2026-03-26,100000,24,KYC Pending
4872,160,2026-04-15,250000,60,Rejected
4873,1406,2026-06-14,500000,36,Rejected
4874,4917,2026-06-29,300000,36,Disbursed
4875,2523,2026-02-11,300000,60,Rejected
4876,3078,2026-03-10,200000,24,Rejected
4877,4374,2026-02-27,150000,12,Disbursed
4878,1162,2026-05-03,150000,24,Disbursed
4879,3749,2026-05-12,150000,36,Rejected
4880,741,2026-02-21,250000,24,Rejected
4881,1821,2026-06-11,500000,12,Approved
4882,1912,2026-04-20,100000,48,Rejected
4883,1672,2026-05-21,100000,60,Disbursed
4884,2645,2026-04-04,150000,36,Disbursed
4885,2992,2026-07-14,50000,48,Disbursed
4886,1261,2026-07-14,300000,36,Disbursed
4887,4603,2026-04-24,250000,36,Rejected
4888,984,2026-07-16,1000000,12,Approved
4889,18,2026-04-23,100000,36,Disbursed
4890,4814,2026-05-08,400000,12,KYC Pending
4891,4396,2026-03-31,200000,24,Disbursed
4892,4642,2026-05-16,750000,36,Disbursed
4893,3853,2026-05-21,250000,60,KYC Pending
4894,4170,2026-01-26,1000000,24,Rejected
4895,1453,2026-03-02,500000,24,Rejected
4896,4763,2026-03-31,750000,48,KYC Pending
4897,4754,2026-04-11,400000,12,Approved
4898,1571,2026-07-13,50000,36,Approved
4899,3888,2026-04-14,150000,60,KYC Pending
4900,4993,2026-03-07,750000,12,Disbursed
4901,4734,2026-07-27,500000,60,KYC Pending
4902,1335,2026-06-15,500000,48,Rejected
4903,3295,2026-05-11,250000,12,Rejected
4904,572,2026-03-20,1000000,60,Rejected
4905,349,2026-05-08,750000,12,Incomplete
4906,1531,2026-07-27,300000,36,Disbursed
4907,3755,2026-06-29,1000000,12,KYC Pending
4908,2573,2026-08-10,150000,48,Incomplete
4909,3336,2026-02-25,300000,48,Disbursed
4910,244,2026-07-03,1000000,36,Approved
4911,3628,2026-06-26,1000000,36,Rejected
4912,3178,2026-05-25,500000,48,Approved
4913,4466,2026-04-25,250000,24,Rejected
4914,3248,2026-07-27,150000,60,Disbursed
4915,3462,2026-07-28,300000,36,KYC Pending
4916,4596,2026-03-25,750000,12,Disbursed
4917,2150,2026-03-06,400000,60,Rejected
4918,481,2026-04-22,1000000,24,Rejected
4919,4089,2026-03-15,200000,60,Rejected
4920,967,2026-04-04,500000,12,Disbursed
4921,1139,2026-06-13,500000,12,Rejected
4922,4678,2026-02-01,100000,48,Incomplete
4923,4678,2026-02-25,150000,60,Incomplete
4924,2480,2026-06-06,500000,48,Disbursed
4925,180,2026-07-01,300000,60,Rejected
4926,2644,2026-02-28,250000,24,Approved
4927,2580,2026-02-07,750000,48,Rejected
4928,4529,2026-02-01,400000,48,Incomplete
4929,3276,2026-08-16,300000,24,Rejected
4930,924,2026-04-21,100000,24,Incomplete
4931,4127,2026-05-05,400000,60,Rejected
4932,3648,2026-06-23,300000,48,Disbursed
4933,449,2026-02-23,400000,24,Disbursed
4934,2496,2026-02-04,300000,12,KYC Pending
4935,1675,2026-05-10,300000,60,Disbursed
4936,3398,2026-07-22,400000,12,Disbursed
4937,4692,2026-04-26,200000,24,Incomplete
4938,1682,2026-06-27,400000,12,Rejected
4939,3857,2026-08-03,500000,36,KYC Pending
4940,3173,2026-08-11,200000,36,Rejected
4941,383,2026-02-11,750000,24,Rejected
4942,4898,2026-02-13,400000,60,Disbursed
4943,2275,2026-07-09,500000,36,Rejected
4944,4116,2026-07-29,750000,36,Approved
4945,1787,2026-03-26,300000,24,Approved
4946,2696,2026-03-25,500000,24,Incomplete
4947,3530,2026-07-25,750000,12,Approved
4948,4233,2026-03-25,250000,48,Disbursed
4949,4163,2026-05-27,250000,36,KYC Pending
4950,3704,2026-08-08,50000,12,Approved
4951,4194,2026-02-16,150000,12,Approved
4952,133,2026-08-01,200000,24,KYC Pending
4953,666,2026-08-20,750000,36,Incomplete
4954,2304,2026-06-24,50000,12,Rejected
4955,4708,2026-03-18,200000,24,Rejected
4956,1236,2026-05-04,400000,36,Approved
4957,494,2026-05-29,50000,36,Disbursed
4958,2850,2026-04-23,250000,48,KYC Pending
4959,2848,2026-07-13,500000,24,Disbursed
4960,1500,2026-08-20,750000,36,Rejected
4961,1112,2026-06-19,200000,36,Disbursed
4962,4490,2026-07-16,250000,48,KYC Pending
4963,986,2026-05-18,1000000,36,Disbursed
4964,3859,2026-06-24,250000,24,Approved
4965,3295,2026-05-27,300000,48,Incomplete
4966,183,2026-01-23,400000,60,Disbursed
4967,1729,2026-05-24,750000,36,Approved
4968,3605,2026-06-05,250000,60,Rejected
4969,598,2026-02-25,400000,24,Disbursed
4970,3247,2026-02-23,200000,60,Disbursed
4971,222,2026-07-22,400000,12,Disbursed
4972,1731,2026-07-13,500000,60,Incomplete
4973,4684,2026-06-28,50000,24,Disbursed
4974,4172,2026-06-23,250000,24,Disbursed
4975,4133,2026-06-25,250000,12,Approved
4976,4047,2026-02-04,200000,36,Incomplete
4977,2692,2026-03-18,200000,12,Disbursed
4978,3639,2026-04-20,500000,12,KYC Pending
4979,2032,2026-08-31,750000,12,Disbursed
4980,1867,2026-02-18,100000,36,Approved
4981,833,2026-08-30,500000,60,Disbursed
4982,2765,2026-06-21,1000000,48,Incomplete
4983,273,2026-04-06,500000,60,Rejected
4984,940,2026-03-06,1000000,24,Incomplete
4985,3375,2026-03-25,1000000,24,Disbursed
4986,3505,2026-03-06,750000,12,Approved
4987,1935,2026-07-10,200000,12,Rejected
4988,2377,2026-07-27,150000,36,Disbursed
4989,168,2026-03-04,50000,24,Incomplete
4990,4533,2026-01-28,400000,36,KYC Pending
4991,4605,2026-06-24,500000,48,Disbursed
4992,2798,2026-06-26,100000,60,Rejected
4993,336,2026-01-10,750000,36,Rejected
4994,2741,2026-06-28,300000,12,KYC Pending
4995,2524,2026-05-18,400000,60,Disbursed
4996,3363,2026-03-04,1000000,24,Disbursed
4997,91,2026-04-26,250000,48,Approved
4998,902,2026-07-03,200000,12,KYC Pending
4999,4726,2026-07-11,400000,36,Incomplete
5000,1368,2026-04-27,150000,36,KYC Pending
5001,3895,2026-06-10,400000,48,Incomplete
5002,3710,2026-06-11,150000,48,Disbursed
5003,1222,2026-08-20,250000,36,Approved
5004,490,2026-04-28,250000,12,KYC Pending
5005,275,2026-07-19,200000,36,Disbursed
5006,2101,2026-02-04,1000000,36,Incomplete
5007,4989,2026-05-22,1000000,36,KYC Pending
5008,4240,2026-07-29,250000,48,Disbursed
5009,3054,2026-04-21,1000000,24,Approved
5010,4256,2026-04-09,750000,24,KYC Pending
5011,714,2026-06-19,250000,36,Approved
5012,2433,2026-07-19,1000000,12,KYC Pending
5013,3013,2026-07-11,400000,36,Incomplete
5014,1339,2026-07-19,100000,48,Incomplete
5015,3177,2026-05-02,1000000,24,Rejected
5016,2047,2026-08-06,200000,36,Incomplete
5017,1916,2026-06-24,400000,24,Disbursed
5018,3177,2026-05-06,250000,60,Disbursed
5019,2873,2026-07-19,250000,36,Rejected
5020,3829,2026-04-20,50000,24,Incomplete
5021,3393,2026-07-23,50000,48,Approved
5022,2101,2026-02-19,150000,36,Disbursed
5023,3405,2026-07-15,400000,12,Disbursed
5024,2879,2026-01-15,150000,36,Rejected
5025,3698,2026-06-20,750000,36,Approved
5026,1256,2026-04-05,1000000,36,Disbursed
5027,4200,2026-02-26,100000,24,Approved
5028,3074,2026-07-26,100000,48,Disbursed
5029,3246,2026-03-18,400000,36,Incomplete
5030,420,2026-04-29,100000,60,Incomplete
5031,3745,2026-08-17,750000,24,Rejected
5032,1739,2026-02-22,750000,48,Rejected
5033,2260,2026-04-24,200000,12,Incomplete
5034,1278,2026-05-01,300000,36,Disbursed
5035,4281,2026-07-25,400000,36,Rejected
5036,2848,2026-08-20,400000,48,Rejected
5037,3733,2026-02-03,200000,12,Disbursed
5038,935,2026-07-24,300000,48,Rejected
5039,2406,2026-05-23,400000,24,KYC Pending
5040,769,2026-01-24,200000,60,Disbursed
5041,3364,2026-05-21,50000,48,Approved
5042,4004,2026-05-01,50000,60,Rejected
5043,2497,2026-04-20,750000,36,Rejected
5044,4937,2026-02-17,50000,60,Disbursed
5045,3501,2026-07-21,750000,12,Disbursed
5046,2146,2026-05-26,200000,24,Rejected
5047,4700,2026-04-06,400000,24,Disbursed
5048,4372,2026-02-03,300000,36,Disbursed
5049,3908,2026-07-17,150000,36,Incomplete
5050,3157,2026-07-29,400000,60,KYC Pending
5051,4765,2026-07-02,1000000,48,Disbursed
5052,1117,2026-05-17,100000,24,Approved
5053,4597,2026-05-16,50000,60,Disbursed
5054,4944,2026-02-26,50000,60,Approved
5055,4834,2026-02-24,250000,24,Disbursed
5056,2632,2026-07-15,500000,12,Rejected
5057,3392,2026-07-13,400000,24,Incomplete
5058,2282,2026-03-15,150000,24,Disbursed
5059,3202,2026-01-24,100000,48,Disbursed
5060,749,2026-01-29,200000,24,KYC Pending
5061,1429,2026-03-02,150000,12,Incomplete
5062,2195,2026-02-20,300000,60,KYC Pending
5063,3947,2026-02-07,300000,36,Rejected
5064,2564,2026-02-21,50000,36,Disbursed
5065,2763,2026-07-03,500000,48,Rejected
5066,4104,2026-07-09,300000,24,Rejected
5067,524,2026-08-13,200000,24,KYC Pending
5068,4871,2026-06-06,300000,12,Disbursed
5069,4880,2026-03-14,100000,24,Approved
5070,27,2026-05-19,750000,48,Approved
5071,100,2026-06-05,100000,12,Rejected
5072,518,2026-03-18,50000,36,Disbursed
5073,901,2026-03-01,100000,36,Approved
5074,3555,2026-05-23,250000,12,Disbursed
5075,4225,2026-04-17,100000,48,Disbursed
5076,1621,2026-02-10,100000,60,Disbursed
5077,3954,2026-04-13,750000,24,KYC Pending
5078,4879,2026-05-16,1000000,48,Approved
5079,2301,2026-06-28,750000,36,Rejected
5080,2519,2026-06-07,150000,12,Disbursed
5081,2889,2026-07-01,100000,60,Approved
5082,4583,2026-03-20,300000,24,Disbursed
5083,298,2026-07-25,500000,36,Disbursed
5084,4209,2026-06-17,400000,24,Approved
5085,3101,2026-05-02,300000,36,KYC Pending
5086,4277,2026-05-29,1000000,24,Rejected
5087,3029,2026-03-24,150000,60,Disbursed
5088,4392,2026-02-08,50000,36,Rejected
5089,1941,2026-04-22,50000,36,Rejected
5090,2941,2026-06-04,100000,24,Approved
5091,1356,2026-07-09,300000,48,Disbursed
5092,3698,2026-06-21,400000,60,Approved
5093,4672,2026-06-24,400000,12,KYC Pending
5094,1326,2026-01-29,750000,24,Incomplete
5095,2094,2026-01-17,50000,12,Disbursed
5096,1339,2026-07-24,50000,12,Approved
5097,3185,2026-02-24,100000,24,Disbursed
5098,4105,2026-02-09,500000,36,Rejected
5099,1609,2026-04-30,50000,24,Approved
5100,2747,2026-03-23,50000,48,Approved
5101,3510,2026-01-12,750000,24,Disbursed
5102,2830,2026-05-12,200000,12,Rejected
5103,2469,2026-03-05,1000000,36,Rejected
5104,1855,2026-03-27,250000,12,Approved
5105,3495,2026-04-03,300000,12,KYC Pending
5106,4065,2026-02-22,300000,60,Rejected
5107,638,2026-03-21,500000,48,Rejected
5108,2190,2026-05-18,500000,24,Incomplete
5109,2185,2026-04-22,100000,60,Disbursed
5110,2521,2026-05-05,300000,36,Disbursed
5111,3648,2026-05-27,50000,24,Disbursed
5112,4693,2026-03-26,750000,24,Disbursed
5113,4591,2026-07-14,150000,60,Disbursed
5114,2352,2026-01-28,250000,48,Disbursed
5115,1382,2026-03-17,200000,12,Disbursed
5116,3058,2026-03-30,1000000,24,Disbursed
5117,1498,2026-01-21,200000,48,Approved
5118,2456,2026-03-30,100000,60,KYC Pending
5119,1413,2026-08-30,400000,60,Rejected
5120,1547,2026-04-26,100000,48,KYC Pending
5121,4626,2026-05-31,500000,12,Disbursed
5122,1170,2026-06-07,100000,36,KYC Pending
5123,406,2026-07-04,100000,12,Disbursed
5124,1030,2026-04-20,1000000,60,Rejected
5125,709,2026-02-17,500000,60,Rejected
5126,162,2026-05-18,750000,60,Rejected
5127,3616,2026-03-15,750000,24,Incomplete
5128,3284,2026-05-13,400000,24,Disbursed
5129,4192,2026-01-06,200000,36,KYC Pending
5130,820,2026-08-26,750000,48,Disbursed
5131,2787,2026-07-31,150000,48,Incomplete
5132,2686,2026-02-24,400000,36,Disbursed
5133,3870,2026-03-16,750000,24,Rejected
5134,570,2026-04-08,1000000,48,Disbursed
5135,3511,2026-04-22,250000,24,Disbursed
5136,2273,2026-04-25,1000000,12,Incomplete
5137,369,2026-04-07,300000,36,Approved
5138,52,2026-03-09,750000,12,Rejected
5139,1476,2026-06-18,100000,48,Disbursed
5140,2395,2026-03-14,200000,48,Disbursed
5141,4696,2026-08-31,400000,60,KYC Pending
5142,2057,2026-06-09,150000,60,Rejected
5143,1708,2026-08-04,50000,60,Rejected
5144,3457,2026-07-12,750000,24,Disbursed
5145,4194,2026-02-11,200000,24,Disbursed
5146,3443,2026-04-28,150000,12,Incomplete
5147,3905,2026-03-24,100000,12,Disbursed
5148,2966,2026-03-28,500000,24,Approved
5149,2643,2026-02-06,200000,60,Approved
5150,4988,2026-02-18,250000,12,Disbursed
5151,3850,2026-06-25,50000,12,Incomplete
5152,3801,2026-08-31,300000,12,Disbursed
5153,1464,2026-05-29,1000000,24,Disbursed
5154,1471,2026-02-23,150000,24,Disbursed
5155,575,2026-04-10,200000,36,Rejected
5156,953,2026-07-25,100000,24,Disbursed
5157,2357,2026-02-14,100000,12,Disbursed
5158,1815,2026-02-04,300000,48,Disbursed
5159,2859,2026-03-02,50000,48,Disbursed
5160,3188,2026-07-11,150000,24,Incomplete
5161,813,2026-03-27,1000000,60,Disbursed
5162,1259,2026-06-13,750000,48,Disbursed
5163,1125,2026-06-29,400000,48,Approved
5164,2455,2026-08-13,100000,60,Rejected
5165,1784,2026-02-06,50000,60,Approved
5166,764,2026-02-18,100000,48,Disbursed
5167,2320,2026-03-19,200000,24,Disbursed
5168,2122,2026-03-30,750000,48,KYC Pending
5169,3562,2026-06-16,750000,12,Approved
5170,102,2026-07-04,1000000,24,Disbursed
5171,940,2026-02-14,300000,60,Disbursed
5172,3362,2026-01-06,150000,36,Approved
5173,1624,2026-03-30,1000000,48,Disbursed
5174,1685,2026-07-15,250000,12,Rejected
5175,571,2026-05-10,150000,48,Approved
5176,1827,2026-05-26,1000000,48,Rejected
5177,1202,2026-05-19,750000,12,Disbursed
5178,3487,2026-07-04,250000,12,Disbursed
5179,3643,2026-07-15,1000000,24,Rejected
5180,739,2026-07-04,400000,36,Rejected
5181,3471,2026-04-13,300000,24,Rejected
5182,2224,2026-02-21,50000,36,Approved
5183,1638,2026-04-05,750000,60,Disbursed
5184,1422,2026-03-01,400000,48,Incomplete
5185,3794,2026-04-26,500000,36,Approved
5186,480,2026-02-09,1000000,24,Rejected
5187,2668,2026-04-11,250000,12,Approved
5188,4263,2026-07-29,1000000,60,KYC Pending
5189,1460,2026-02-21,400000,12,Rejected
5190,332,2026-03-12,250000,12,Disbursed
5191,2900,2026-07-28,200000,12,Rejected
5192,4307,2026-06-15,50000,48,Approved
5193,1790,2026-03-28,400000,48,Incomplete
5194,2306,2026-03-10,250000,24,Rejected
5195,3203,2026-06-29,750000,24,Disbursed
5196,3646,2026-05-31,50000,60,Rejected
5197,3572,2026-06-14,400000,24,Rejected
5198,3884,2026-08-19,500000,60,KYC Pending
5199,2862,2026-07-07,150000,12,Incomplete
5200,3425,2026-03-03,300000,24,KYC Pending
5201,1968,2026-01-17,300000,60,KYC Pending
5202,2632,2026-07-15,200000,48,KYC Pending
5203,2302,2026-04-22,250000,36,Rejected
5204,3277,2026-02-10,750000,36,Disbursed
5205,2625,2026-06-07,500000,36,Incomplete
5206,306,2026-03-06,400000,60,Incomplete
5207,3981,2026-02-01,100000,36,Rejected
5208,4308,2026-02-11,50000,36,KYC Pending
5209,1177,2026-02-14,200000,48,Incomplete
5210,4333,2026-04-26,150000,60,Disbursed
5211,175,2026-01-27,100000,48,KYC Pending
5212,3440,2026-07-16,150000,36,Disbursed
5213,3541,2026-04-15,1000000,60,KYC Pending
5214,48,2026-07-26,750000,12,Disbursed
5215,2707,2026-07-01,400000,24,KYC Pending
5216,745,2026-02-22,300000,12,Approved
5217,4849,2026-05-07,150000,48,Disbursed
5218,2518,2026-08-18,300000,36,Disbursed
5219,768,2026-07-02,300000,48,Disbursed
5220,3799,2026-08-23,400000,60,Disbursed
5221,2441,2026-07-24,1000000,24,Disbursed
5222,1314,2026-08-20,300000,60,Rejected
5223,1102,2026-02-02,300000,60,KYC Pending
5224,2371,2026-02-16,750000,12,Approved
5225,1323,2026-03-09,100000,12,Disbursed
5226,4414,2026-08-07,150000,60,Disbursed
5227,1645,2026-04-14,50000,24,Disbursed
5228,3038,2026-03-26,150000,48,Disbursed
5229,3804,2026-07-14,400000,12,KYC Pending
5230,1800,2026-03-14,250000,60,Disbursed
5231,1482,2026-04-04,750000,12,Rejected
5232,692,2026-08-23,1000000,24,Rejected
5233,377,2026-07-27,250000,24,Disbursed
5234,614,2026-03-13,300000,12,Rejected
5235,4079,2026-04-15,400000,60,Approved
5236,1898,2026-08-01,750000,60,Incomplete
5237,154,2026-05-01,750000,48,Disbursed
5238,1527,2026-07-29,750000,48,Incomplete
5239,2336,2026-03-09,250000,36,Incomplete
5240,3910,2026-05-25,150000,48,KYC Pending
5241,547,2026-07-20,750000,48,Incomplete
5242,1517,2026-05-24,400000,36,KYC Pending
5243,4369,2026-06-30,500000,48,Incomplete
5244,3526,2026-02-02,1000000,60,Rejected
5245,2960,2026-03-21,300000,12,Approved
5246,4758,2026-08-25,150000,48,KYC Pending
5247,432,2026-07-01,250000,48,Disbursed
5248,2808,2026-03-17,150000,36,Disbursed
5249,2149,2026-03-22,300000,12,Disbursed
5250,3,2026-06-24,200000,24,Rejected
5251,3265,2026-05-10,300000,48,Rejected
5252,428,2026-04-27,150000,12,Approved
5253,1101,2026-04-27,400000,24,Disbursed
5254,326,2026-07-28,300000,48,Disbursed
5255,3633,2026-04-25,300000,12,KYC Pending
5256,1395,2026-08-05,400000,48,KYC Pending
5257,4190,2026-06-24,750000,12,KYC Pending
5258,351,2026-03-29,500000,36,Rejected
5259,4961,2026-05-21,200000,12,Disbursed
5260,111,2026-08-31,200000,60,Disbursed
5261,94,2026-05-25,100000,36,Disbursed
5262,4867,2026-01-16,100000,12,Disbursed
5263,1434,2026-04-20,200000,36,Approved
5264,4698,2026-08-18,400000,36,KYC Pending
5265,4668,2026-02-15,1000000,36,Disbursed
5266,2355,2026-07-10,150000,36,Incomplete
5267,2105,2026-07-20,100000,48,Approved
5268,2241,2026-05-30,50000,24,Rejected
5269,2013,2026-05-08,500000,48,Rejected
5270,1332,2026-06-28,200000,48,Incomplete
5271,1389,2026-02-10,250000,48,Incomplete
5272,743,2026-01-07,100000,36,Disbursed
5273,105,2026-07-02,1000000,48,Rejected
5274,3059,2026-05-29,1000000,12,KYC Pending
5275,2279,2026-06-22,150000,24,KYC Pending
5276,2857,2026-06-14,100000,36,Disbursed
5277,1546,2026-07-24,150000,48,Disbursed
5278,3369,2026-04-27,750000,36,Approved
5279,1805,2026-03-24,500000,48,Rejected
5280,1510,2026-02-10,50000,60,Rejected
5281,3664,2026-03-16,300000,48,Disbursed
5282,4757,2026-02-20,500000,24,Incomplete
5283,1377,2026-07-23,200000,48,Approved
5284,3324,2026-05-11,250000,24,Disbursed
5285,4019,2026-06-21,500000,60,Disbursed
5286,2890,2026-02-16,500000,36,Rejected
5287,1503,2026-04-28,200000,12,Incomplete
5288,4369,2026-07-13,1000000,12,Approved
5289,2209,2026-01-05,750000,24,Incomplete
5290,71,2026-06-18,150000,24,Rejected
5291,2871,2026-03-09,1000000,60,Incomplete
5292,4373,2026-03-20,100000,48,KYC Pending
5293,1415,2026-03-26,750000,36,Disbursed
5294,1303,2026-04-02,50000,24,Rejected
5295,4551,2026-06-07,500000,24,Rejected
5296,1383,2026-03-15,100000,24,Rejected
5297,3210,2026-08-17,100000,48,Disbursed
5298,4798,2026-08-02,500000,24,Rejected
5299,4558,2026-06-06,750000,60,KYC Pending
5300,3058,2026-05-06,200000,36,Rejected
5301,2613,2026-05-24,50000,12,Disbursed
5302,4463,2026-07-10,50000,60,Rejected
5303,1776,2026-04-24,750000,48,Rejected
5304,773,2026-06-20,250000,24,KYC Pending
5305,2969,2026-02-04,200000,36,KYC Pending
5306,1379,2026-07-03,150000,60,Disbursed
5307,1460,2026-01-29,200000,36,Rejected
5308,1027,2026-08-05,250000,48,Disbursed
5309,3951,2026-08-09,150000,48,Approved
5310,3260,2026-08-14,300000,48,KYC Pending
5311,2387,2026-04-03,1000000,48,Incomplete
5312,4161,2026-02-23,1000000,60,Disbursed
5313,148,2026-03-11,150000,24,Incomplete
5314,1409,2026-05-14,100000,60,Approved
5315,1176,2026-02-03,100000,60,KYC Pending
5316,4748,2026-08-24,1000000,60,Approved
5317,3915,2026-01-22,150000,12,KYC Pending
5318,859,2026-05-31,500000,12,Incomplete
5319,2627,2026-07-11,200000,48,Incomplete
5320,1882,2026-04-29,750000,48,Disbursed
5321,4436,2026-07-14,300000,60,Disbursed
5322,1574,2026-08-17,100000,48,Approved
5323,4346,2026-04-24,150000,12,Approved
5324,4320,2026-04-05,200000,48,KYC Pending
5325,4590,2026-02-17,200000,24,Rejected
5326,4125,2026-01-26,150000,24,Approved
5327,3587,2026-06-29,250000,12,Disbursed
5328,3891,2026-03-07,400000,60,Disbursed
5329,4258,2026-01-25,50000,60,Incomplete
5330,470,2026-02-20,400000,60,Disbursed
5331,2253,2026-05-04,500000,36,Rejected
5332,2782,2026-03-07,300000,48,Rejected
5333,2375,2026-07-02,100000,24,KYC Pending
5334,4448,2026-06-01,500000,60,KYC Pending
5335,3828,2026-02-10,300000,48,Rejected
5336,2788,2026-03-24,200000,48,Incomplete
5337,2342,2026-06-25,150000,36,Disbursed
5338,1183,2026-03-07,300000,24,Disbursed
5339,4376,2026-07-15,50000,48,Rejected
5340,2933,2026-06-06,400000,24,Approved
5341,781,2026-03-01,150000,48,KYC Pending
5342,2903,2026-04-02,300000,12,Disbursed
5343,3523,2026-03-29,750000,24,Rejected
5344,2260,2026-03-22,50000,60,KYC Pending
5345,3834,2026-06-17,100000,12,Incomplete
5346,4825,2026-02-16,500000,60,Approved
5347,1394,2026-02-16,400000,24,KYC Pending
5348,1921,2026-05-24,300000,24,KYC Pending
5349,1712,2026-01-08,300000,36,Rejected
5350,1010,2026-07-24,750000,24,KYC Pending
5351,4707,2026-07-17,250000,36,Rejected
5352,1943,2026-08-21,400000,12,Approved
5353,3791,2026-01-14,50000,12,KYC Pending
5354,4714,2026-03-26,400000,12,Disbursed
5355,3535,2026-03-29,300000,12,Disbursed
5356,340,2026-07-17,200000,36,Rejected
5357,4036,2026-05-08,200000,60,Approved
5358,3958,2026-04-27,150000,60,Disbursed
5359,4447,2026-05-29,200000,48,Disbursed
5360,2479,2026-02-27,200000,24,Disbursed
5361,61,2026-03-05,100000,60,Disbursed
5362,1478,2026-06-12,500000,48,Approved
5363,4840,2026-08-19,400000,48,Rejected
5364,897,2026-03-17,300000,60,Disbursed
5365,4422,2026-08-31,100000,36,Disbursed
5366,2633,2026-06-23,500000,36,Rejected
5367,3018,2026-03-23,400000,24,Disbursed
5368,2084,2026-06-10,300000,60,Rejected
5369,1936,2026-06-06,100000,12,Rejected
5370,4467,2026-05-30,250000,60,Disbursed
5371,4111,2026-03-29,200000,12,Rejected
5372,3245,2026-07-04,750000,48,Approved
5373,1257,2026-02-19,500000,12,KYC Pending
5374,1076,2026-04-04,400000,24,Approved
5375,74,2026-05-14,400000,12,KYC Pending
5376,3067,2026-03-13,1000000,60,Rejected
5377,2124,2026-03-01,50000,12,Approved
5378,4960,2026-04-30,150000,24,Incomplete
5379,3819,2026-01-19,50000,36,KYC Pending
5380,2138,2026-07-16,750000,24,Rejected
5381,1145,2026-07-08,200000,12,Disbursed
5382,3444,2026-06-24,150000,12,Disbursed
5383,3777,2026-05-08,200000,24,Disbursed
5384,4844,2026-05-01,150000,60,Disbursed
5385,2814,2026-06-24,250000,36,Incomplete
5386,4881,2026-05-16,50000,24,Disbursed
5387,4239,2026-05-02,300000,36,Approved
5388,405,2026-05-07,100000,36,Rejected
5389,1948,2026-05-10,1000000,24,Approved
5390,2454,2026-03-21,100000,24,Rejected
5391,2500,2026-05-07,200000,12,Rejected
5392,2744,2026-04-27,300000,12,Approved
5393,4373,2026-02-22,100000,12,KYC Pending
5394,823,2026-06-01,100000,60,Rejected
5395,1144,2026-03-19,150000,36,Rejected
5396,4058,2026-04-19,50000,36,Disbursed
5397,2220,2026-06-05,200000,12,Disbursed
5398,771,2026-03-23,500000,60,KYC Pending
5399,3676,2026-03-18,150000,24,Rejected
5400,2747,2026-04-10,150000,60,Rejected
5401,2906,2026-06-18,400000,36,Approved
5402,2719,2026-08-08,750000,12,Rejected
5403,1887,2026-06-03,1000000,36,Approved
5404,2899,2026-08-24,150000,48,Disbursed
5405,515,2026-03-15,750000,36,Incomplete
5406,868,2026-05-14,500000,24,Disbursed
5407,3232,2026-06-19,1000000,48,KYC Pending
5408,1566,2026-03-16,1000000,36,KYC Pending
5409,3291,2026-06-01,500000,36,Disbursed
5410,4163,2026-05-30,200000,12,Disbursed
5411,1126,2026-07-16,400000,48,Disbursed
5412,2584,2026-08-06,150000,12,Incomplete
5413,3258,2026-04-14,300000,12,Incomplete
5414,4367,2026-06-25,500000,24,Disbursed
5415,502,2026-04-18,300000,48,Approved
5416,1298,2026-05-08,50000,12,Incomplete
5417,4859,2026-03-08,750000,60,Rejected
5418,4679,2026-03-11,200000,60,Rejected
5419,1648,2026-04-02,400000,48,KYC Pending
5420,217,2026-03-01,1000000,48,Rejected
5421,1344,2026-05-11,100000,24,Rejected
5422,3675,2026-07-25,50000,12,Rejected
5423,2813,2026-07-16,200000,12,Rejected
5424,3488,2026-07-28,1000000,36,Rejected
5425,1464,2026-05-19,750000,48,Disbursed
5426,4447,2026-06-08,500000,24,Incomplete
5427,1582,2026-03-26,100000,36,Approved
5428,843,2026-05-08,750000,12,Rejected
5429,3139,2026-05-10,250000,24,Rejected
5430,2064,2026-03-07,50000,48,Rejected
5431,3266,2026-06-10,50000,12,Approved
5432,139,2026-07-25,200000,48,Approved
5433,4168,2026-05-17,1000000,36,Incomplete
5434,1239,2026-05-12,50000,24,Incomplete
5435,2926,2026-07-10,300000,36,Disbursed
5436,3879,2026-04-16,1000000,12,Rejected
5437,2246,2026-05-20,500000,48,KYC Pending
5438,3470,2026-04-17,200000,24,Approved
5439,1050,2026-03-18,100000,36,Disbursed
5440,3284,2026-04-13,300000,48,Disbursed
5441,1902,2026-07-12,500000,12,Disbursed
5442,3051,2026-04-15,150000,60,Approved
5443,3946,2026-07-25,750000,12,Rejected
5444,819,2026-02-20,50000,12,Disbursed
5445,1877,2026-03-06,100000,48,Disbursed
5446,623,2026-07-12,500000,36,Disbursed
5447,3657,2026-08-29,1000000,60,Incomplete
5448,3241,2026-04-25,100000,24,Approved
5449,1482,2026-02-24,100000,36,Disbursed
5450,1085,2026-02-26,300000,36,Rejected
5451,4801,2026-08-09,400000,60,Disbursed
5452,802,2026-08-31,150000,48,Disbursed
5453,1985,2026-03-22,400000,60,Disbursed
5454,2801,2026-06-20,200000,24,Approved
5455,3672,2026-04-12,300000,12,Approved
5456,1665,2026-07-05,200000,12,Disbursed
5457,641,2026-08-02,500000,36,Approved
5458,762,2026-08-18,100000,12,Rejected
5459,568,2026-02-06,500000,48,Rejected
5460,16,2026-03-19,100000,24,Disbursed
5461,4877,2026-03-22,50000,60,Disbursed
5462,1494,2026-06-05,50000,24,Incomplete
5463,3146,2026-07-16,300000,24,KYC Pending
5464,122,2026-03-13,50000,60,Rejected
5465,538,2026-06-07,750000,60,Approved
5466,741,2026-02-17,150000,60,KYC Pending
5467,2277,2026-07-12,100000,48,Incomplete
5468,3045,2026-02-24,750000,12,Rejected
5469,4817,2026-03-09,50000,24,Rejected
5470,4286,2026-07-17,750000,36,Rejected
5471,164,2026-07-04,250000,60,KYC Pending
5472,1760,2026-02-10,1000000,60,KYC Pending
5473,617,2026-03-13,100000,24,Incomplete
5474,1623,2026-07-05,750000,12,Disbursed
5475,835,2026-01-24,150000,12,Disbursed
5476,4931,2026-06-13,500000,48,Rejected
5477,1989,2026-04-17,200000,36,KYC Pending
5478,1169,2026-07-15,750000,12,Rejected
5479,1336,2026-07-16,300000,24,Disbursed
5480,463,2026-02-23,100000,12,Rejected
5481,1097,2026-04-20,1000000,24,Incomplete
5482,4143,2026-07-15,200000,36,Disbursed
5483,4925,2026-08-01,500000,24,KYC Pending
5484,3881,2026-06-15,50000,12,Rejected
5485,460,2026-08-31,400000,48,Incomplete
5486,3218,2026-06-09,400000,48,Disbursed
5487,4903,2026-07-26,100000,12,Approved
5488,2731,2026-02-10,150000,48,Rejected
5489,3640,2026-05-26,400000,60,Rejected
5490,1292,2026-06-07,200000,60,KYC Pending
5491,4750,2026-07-10,1000000,12,Disbursed
5492,1325,2026-07-16,250000,36,Incomplete
5493,742,2026-03-27,1000000,36,Disbursed
5494,2214,2026-04-20,150000,48,KYC Pending
5495,2208,2026-07-20,750000,48,Disbursed
5496,1035,2026-07-30,750000,36,Incomplete
5497,4267,2026-05-25,1000000,48,Disbursed
5498,1889,2026-02-08,750000,60,Incomplete
5499,1650,2026-02-08,300000,12,Rejected
5500,4411,2026-03-26,50000,36,Rejected
5501,4623,2026-03-13,100000,48,Rejected
5502,686,2026-06-08,1000000,24,Rejected
5503,219,2026-04-24,100000,24,Rejected
5504,4403,2026-06-18,750000,12,Disbursed
5505,60,2026-07-20,400000,12,KYC Pending
5506,1084,2026-06-16,400000,48,Approved
5507,3588,2026-04-15,400000,60,Disbursed
5508,4851,2026-07-29,750000,48,KYC Pending
5509,1338,2026-06-07,300000,24,Approved
5510,3229,2026-03-28,250000,12,Approved
5511,2018,2026-01-28,150000,36,Incomplete
5512,1226,2026-02-28,1000000,48,Rejected
5513,1329,2026-07-27,50000,12,Disbursed
5514,238,2026-02-04,50000,36,Disbursed
5515,2012,2026-04-09,500000,48,KYC Pending
5516,1587,2026-06-30,500000,60,Incomplete
5517,3978,2026-08-29,150000,36,KYC Pending
5518,2747,2026-03-24,50000,12,Rejected
5519,2400,2026-01-19,50000,24,KYC Pending
5520,4590,2026-02-07,250000,48,Approved
5521,4542,2026-06-19,500000,24,KYC Pending
5522,4132,2026-03-16,50000,48,Disbursed
5523,4759,2026-07-16,200000,36,Rejected
5524,3317,2026-02-25,750000,12,Rejected
5525,1852,2026-05-16,50000,48,Incomplete
5526,274,2026-06-25,500000,60,Disbursed
5527,2692,2026-03-24,750000,36,Disbursed
5528,2324,2026-05-14,300000,12,Disbursed
5529,2766,2026-03-09,750000,24,Disbursed
5530,1854,2026-04-02,150000,48,Disbursed
5531,3626,2026-04-23,250000,60,Rejected
5532,930,2026-03-16,50000,48,Rejected
5533,487,2026-08-20,400000,12,KYC Pending
5534,2819,2026-03-03,300000,12,Disbursed
5535,2715,2026-02-26,300000,60,Rejected
5536,4297,2026-04-15,750000,60,KYC Pending
5537,1964,2026-03-25,250000,24,Rejected
5538,1262,2026-06-28,200000,24,Disbursed
5539,334,2026-02-07,300000,24,Disbursed
5540,551,2026-05-06,500000,12,Rejected
5541,2929,2026-05-11,1000000,12,KYC Pending
5542,2005,2026-05-15,500000,12,KYC Pending
5543,1375,2026-07-03,1000000,60,KYC Pending
5544,54,2026-02-03,200000,12,Disbursed
5545,1420,2026-07-13,500000,60,KYC Pending
5546,4249,2026-02-17,50000,12,KYC Pending
5547,2026,2026-05-25,100000,48,Disbursed
5548,1577,2026-07-08,750000,24,Rejected
5549,2855,2026-03-20,400000,12,KYC Pending
5550,1286,2026-06-28,50000,12,KYC Pending
5551,1421,2026-06-01,300000,48,Rejected
5552,1845,2026-02-25,400000,24,KYC Pending
5553,4791,2026-01-29,300000,12,KYC Pending
5554,817,2026-08-02,150000,24,Disbursed
5555,4690,2026-07-02,150000,12,Rejected
5556,4442,2026-03-25,500000,24,KYC Pending
5557,244,2026-08-02,150000,12,KYC Pending
5558,2290,2026-07-29,150000,60,Incomplete
5559,4437,2026-01-18,500000,36,Approved
5560,3951,2026-08-31,400000,36,Disbursed
5561,1952,2026-08-11,500000,60,Disbursed
5562,2452,2026-05-01,50000,24,Approved
5563,3043,2026-08-07,400000,60,Approved
5564,637,2026-03-27,300000,24,Rejected
5565,2057,2026-05-19,200000,24,Incomplete
5566,1360,2026-05-15,200000,48,Approved
5567,7,2026-03-01,250000,60,Disbursed
5568,4875,2026-08-31,150000,60,Disbursed
5569,1408,2026-08-31,250000,36,KYC Pending
5570,4629,2026-07-15,750000,24,KYC Pending
5571,1658,2026-02-16,750000,24,Incomplete
5572,3224,2026-03-04,1000000,48,Rejected
5573,4110,2026-06-24,50000,12,Approved
5574,4470,2026-08-31,100000,48,Rejected
5575,366,2026-02-08,400000,36,KYC Pending
5576,1390,2026-04-06,300000,48,Disbursed
5577,178,2026-06-28,400000,12,Rejected
5578,1788,2026-04-20,1000000,36,Disbursed
5579,2977,2026-05-14,50000,36,Disbursed
5580,4057,2026-02-16,150000,24,Rejected
5581,3104,2026-06-01,1000000,48,Disbursed
5582,23,2026-04-07,500000,48,Rejected
5583,51,2026-07-07,50000,36,KYC Pending
5584,3563,2026-04-01,50000,60,Incomplete
5585,4474,2026-06-04,400000,48,Disbursed
5586,4143,2026-06-20,500000,36,Approved
5587,5,2026-01-26,1000000,60,KYC Pending
5588,3709,2026-02-15,150000,12,Rejected
5589,192,2026-03-29,500000,36,Rejected
5590,3061,2026-07-30,250000,48,Approved
5591,4804,2026-02-07,500000,36,Incomplete
5592,3164,2026-07-26,300000,24,Incomplete
5593,857,2026-06-07,100000,60,Approved
5594,2170,2026-07-04,400000,36,Incomplete
5595,4008,2026-07-30,750000,60,Approved
5596,1119,2026-05-25,50000,36,Disbursed
5597,1683,2026-03-30,1000000,48,Rejected
5598,2916,2026-03-19,750000,36,KYC Pending
5599,2489,2026-07-14,150000,24,Approved
5600,4859,2026-02-27,400000,24,Incomplete
5601,4530,2026-07-18,150000,12,Rejected
5602,1362,2026-02-05,750000,48,Disbursed
5603,3717,2026-07-31,750000,60,Rejected
5604,1753,2026-02-06,500000,12,Rejected
5605,2713,2026-06-19,500000,48,Rejected
5606,271,2026-03-26,50000,12,Incomplete
5607,3237,2026-08-12,300000,24,KYC Pending
5608,3708,2026-02-25,300000,12,Disbursed
5609,1328,2026-04-05,750000,60,Disbursed
5610,3527,2026-03-13,150000,48,Disbursed
5611,1263,2026-05-20,750000,24,Approved
5612,488,2026-06-07,200000,36,KYC Pending
5613,3517,2026-03-11,150000,36,Rejected
5614,1474,2026-04-04,200000,12,Rejected
5615,2446,2026-04-27,200000,24,Incomplete
5616,392,2026-05-22,250000,36,KYC Pending
5617,4669,2026-05-14,150000,36,Incomplete
5618,2852,2026-05-03,750000,60,Rejected
5619,4994,2026-08-07,150000,48,Disbursed
5620,3176,2026-07-23,300000,24,Rejected
5621,966,2026-04-24,100000,24,Approved
5622,4691,2026-08-12,300000,24,KYC Pending
5623,1312,2026-02-26,50000,12,Rejected
5624,713,2026-04-27,50000,48,Disbursed
5625,4432,2026-06-20,50000,48,Disbursed
5626,849,2026-05-28,750000,36,Disbursed
5627,4041,2026-03-15,200000,60,Disbursed
5628,1295,2026-03-08,200000,12,Rejected
5629,3785,2026-05-08,300000,60,Rejected
5630,1043,2026-08-31,100000,48,Incomplete
5631,1843,2026-08-06,300000,36,Disbursed
5632,4954,2026-07-17,200000,48,Rejected
5633,1794,2026-05-29,500000,36,Approved
5634,4945,2026-03-23,250000,24,Rejected
5635,891,2026-03-24,500000,48,Incomplete
5636,2663,2026-08-12,500000,60,Incomplete
5637,790,2026-06-18,150000,60,KYC Pending
5638,714,2026-05-28,50000,12,KYC Pending
5639,1022,2026-05-03,250000,60,Approved
5640,2866,2026-04-18,200000,60,Approved
5641,1281,2026-08-11,200000,12,KYC Pending
5642,488,2026-06-02,100000,60,KYC Pending
5643,2131,2026-03-03,500000,24,Incomplete
5644,1023,2026-01-17,750000,60,Rejected
5645,3258,2026-03-26,50000,12,Disbursed
5646,3356,2026-03-01,200000,48,Incomplete
5647,3658,2026-05-06,150000,48,KYC Pending
5648,1822,2026-03-02,50000,48,KYC Pending
5649,4424,2026-05-31,1000000,48,Disbursed
5650,44,2026-02-14,750000,12,Rejected
5651,2800,2026-08-06,1000000,24,Rejected
5652,1980,2026-08-11,50000,36,KYC Pending
5653,3550,2026-03-02,300000,12,Disbursed
5654,3634,2026-03-29,150000,12,Disbursed
5655,3744,2026-07-29,300000,36,Disbursed
5656,4614,2026-06-30,1000000,48,Disbursed
5657,1310,2026-08-17,200000,12,KYC Pending
5658,3610,2026-02-27,150000,36,Rejected
5659,927,2026-02-17,500000,12,KYC Pending
5660,1834,2026-05-16,100000,48,KYC Pending
5661,4732,2026-06-29,50000,12,Rejected
5662,3087,2026-03-07,200000,12,Rejected
5663,2291,2026-07-11,250000,36,Incomplete
5664,4457,2026-04-03,750000,24,Approved
5665,1504,2026-02-20,150000,60,Approved
5666,948,2026-03-18,150000,36,Disbursed
5667,2888,2026-06-17,400000,24,Disbursed
5668,1514,2026-02-04,500000,36,Rejected
5669,1710,2026-02-15,300000,24,Approved
5670,1625,2026-07-21,100000,36,Approved
5671,70,2026-07-18,400000,48,Disbursed
5672,2386,2026-07-13,500000,36,Rejected
5673,270,2026-03-25,250000,48,Approved
5674,89,2026-03-25,500000,60,Disbursed
5675,2426,2026-03-12,750000,48,Rejected
5676,2806,2026-01-17,100000,24,KYC Pending
5677,323,2026-07-20,1000000,48,Disbursed
5678,4414,2026-07-27,500000,36,Disbursed
5679,1590,2026-02-26,50000,60,Disbursed
5680,3278,2026-04-12,300000,12,Disbursed
5681,659,2026-05-18,500000,36,Approved
5682,1770,2026-07-25,300000,48,Disbursed
5683,159,2026-06-05,1000000,48,KYC Pending
5684,3806,2026-03-04,250000,48,Rejected
5685,3692,2026-03-09,100000,24,KYC Pending
5686,586,2026-04-06,300000,24,KYC Pending
5687,208,2026-04-27,100000,60,Approved
5688,4476,2026-04-09,100000,12,Rejected
5689,3460,2026-03-24,300000,36,KYC Pending
5690,497,2026-06-15,200000,24,Disbursed
5691,635,2026-05-03,500000,48,Rejected
5692,4059,2026-03-03,500000,36,KYC Pending
5693,2201,2026-05-20,150000,48,KYC Pending
5694,880,2026-05-21,500000,36,KYC Pending
5695,134,2026-04-06,1000000,12,Rejected
5696,1511,2026-05-10,200000,36,Approved
5697,2181,2026-02-10,250000,60,Rejected
5698,784,2026-01-23,50000,12,KYC Pending
5699,114,2026-07-30,150000,48,Disbursed
5700,4503,2026-05-04,1000000,36,Disbursed
5701,4659,2026-04-22,100000,24,Disbursed
5702,3386,2026-07-02,500000,36,Incomplete
5703,4115,2026-03-28,400000,48,KYC Pending
5704,2337,2026-06-30,100000,60,KYC Pending
5705,1534,2026-04-05,750000,60,Disbursed
5706,1468,2026-04-17,750000,24,Rejected
5707,4789,2026-03-02,400000,36,Disbursed
5708,1699,2026-03-28,200000,12,Approved
5709,65,2026-07-01,50000,36,Incomplete
5710,4740,2026-05-03,250000,24,KYC Pending
5711,3481,2026-07-31,300000,36,Approved
5712,849,2026-04-21,400000,60,Disbursed
5713,4451,2026-08-08,1000000,36,Disbursed
5714,3071,2026-06-08,400000,36,KYC Pending
5715,856,2026-03-31,250000,12,Disbursed
5716,2636,2026-08-31,250000,12,Disbursed
5717,4534,2026-02-06,250000,48,Approved
5718,4728,2026-07-24,50000,48,Disbursed
5719,3311,2026-03-29,750000,36,Rejected
5720,4526,2026-07-07,300000,24,Rejected
5721,2198,2026-05-17,750000,24,Incomplete
5722,3356,2026-02-24,500000,24,Rejected
5723,935,2026-06-12,50000,12,KYC Pending
5724,3048,2026-05-10,500000,36,Approved
5725,4450,2026-07-07,400000,36,Approved
5726,4590,2026-03-02,250000,60,Disbursed
5727,1292,2026-05-29,250000,24,Disbursed
5728,2413,2026-07-04,500000,36,Approved
5729,469,2026-03-16,100000,60,Approved
5730,1347,2026-07-24,750000,24,Incomplete
5731,3465,2026-02-27,250000,36,Rejected
5732,874,2026-04-17,250000,48,Rejected
5733,3721,2026-07-27,100000,48,Rejected
5734,4935,2026-04-10,100000,12,Incomplete
5735,4971,2026-07-19,250000,60,KYC Pending
5736,3490,2026-05-22,1000000,12,Rejected
5737,4015,2026-07-07,150000,24,Rejected
5738,2867,2026-04-21,250000,60,Rejected
5739,1570,2026-04-30,300000,48,Disbursed
5740,3808,2026-05-28,50000,24,Incomplete
5741,615,2026-03-25,250000,60,Rejected
5742,872,2026-06-27,300000,48,Incomplete
5743,847,2026-05-03,500000,48,Rejected
5744,3950,2026-04-21,1000000,24,Rejected
5745,1207,2026-06-02,750000,12,KYC Pending
5746,2533,2026-03-10,500000,12,Rejected
5747,1438,2026-04-11,750000,60,Rejected
5748,1443,2026-07-16,750000,24,Incomplete
5749,489,2026-01-28,50000,36,Disbursed
5750,3316,2026-05-26,150000,24,KYC Pending
5751,1690,2026-04-21,150000,60,Incomplete
5752,3731,2026-08-27,200000,12,Disbursed
5753,1067,2026-07-15,400000,24,Approved
5754,3297,2026-08-05,150000,60,Rejected
5755,1721,2026-02-25,300000,48,Disbursed
5756,3907,2026-08-31,400000,48,Approved
5757,1483,2026-03-15,1000000,36,Approved
5758,1206,2026-03-01,300000,24,Disbursed
5759,4953,2026-06-15,250000,24,Incomplete
5760,4317,2026-05-04,250000,12,Disbursed
5761,1977,2026-06-19,1000000,36,Rejected
5762,227,2026-03-04,300000,48,Rejected
5763,3396,2026-04-03,100000,48,Disbursed
5764,631,2026-01-16,150000,36,Approved
5765,3575,2026-04-21,50000,60,Disbursed
5766,1301,2026-04-04,500000,12,Incomplete
5767,2087,2026-06-14,500000,12,Approved
5768,2821,2026-07-18,400000,24,Disbursed
5769,2778,2026-02-28,150000,36,KYC Pending
5770,4095,2026-07-13,1000000,48,Disbursed
5771,3796,2026-02-16,250000,60,Rejected
5772,4878,2026-05-05,250000,48,Disbursed
5773,1709,2026-05-31,1000000,36,KYC Pending
5774,3881,2026-06-11,1000000,60,Disbursed
5775,474,2026-06-25,300000,48,Rejected
5776,3689,2026-07-21,300000,12,KYC Pending
5777,3371,2026-08-16,50000,48,Disbursed
5778,2636,2026-08-31,50000,48,Approved
5779,3359,2026-08-31,750000,48,Rejected
5780,3919,2026-04-07,100000,24,Rejected
5781,1572,2026-08-26,150000,48,Disbursed
5782,2575,2026-03-20,300000,60,Incomplete
5783,3807,2026-03-01,150000,12,Rejected
5784,2109,2026-02-03,200000,12,Approved
5785,4877,2026-03-23,300000,48,KYC Pending
5786,3682,2026-03-14,150000,36,Rejected
5787,4884,2026-06-10,150000,36,Approved
5788,2288,2026-04-27,100000,36,Disbursed
5789,687,2026-05-28,250000,36,KYC Pending
5790,3426,2026-07-21,200000,12,Disbursed
5791,4733,2026-08-18,750000,60,Rejected
5792,1639,2026-07-02,100000,24,Rejected
5793,3886,2026-03-18,150000,36,Disbursed
5794,1187,2026-03-10,250000,12,Disbursed
5795,4948,2026-02-12,1000000,60,KYC Pending
5796,4300,2026-06-13,250000,24,KYC Pending
5797,4477,2026-08-05,100000,24,Disbursed
5798,209,2026-07-24,1000000,12,Disbursed
5799,2842,2026-05-21,100000,60,Rejected
5800,50,2026-05-29,200000,24,Rejected
5801,3931,2026-04-05,400000,24,Disbursed
5802,4378,2026-04-03,500000,24,Rejected
5803,3036,2026-04-26,500000,24,Disbursed
5804,2742,2026-05-21,150000,48,Disbursed
5805,3752,2026-05-29,750000,24,Approved
5806,472,2026-04-27,150000,60,Incomplete
5807,1445,2026-02-10,150000,24,Rejected
5808,1915,2026-06-04,150000,24,Disbursed
5809,2685,2026-07-24,250000,60,Disbursed
5810,4845,2026-05-03,250000,36,Disbursed
5811,3223,2026-07-12,750000,24,Disbursed
5812,2014,2026-08-25,250000,36,Approved
5813,4236,2026-01-24,750000,36,Incomplete
5814,2157,2026-05-05,50000,24,Rejected
5815,248,2026-08-31,200000,60,KYC Pending
5816,4207,2026-07-09,400000,24,Incomplete
5817,1901,2026-03-14,200000,48,Disbursed
5818,3330,2026-07-26,400000,24,Disbursed
5819,427,2026-06-16,50000,60,Disbursed
5820,4976,2026-03-05,100000,12,Disbursed
5821,3893,2026-05-20,400000,60,Rejected
5822,4129,2026-05-31,200000,60,Rejected
5823,3533,2026-03-30,500000,48,Rejected
5824,4334,2026-03-12,150000,12,Approved
5825,1713,2026-03-03,750000,36,KYC Pending
5826,1028,2026-07-12,300000,60,Disbursed
5827,4946,2026-02-23,750000,24,Rejected
5828,1060,2026-02-17,1000000,24,KYC Pending
5829,1134,2026-06-09,400000,36,Disbursed
5830,2309,2026-07-18,250000,24,KYC Pending
5831,3421,2026-03-17,250000,12,KYC Pending
5832,3899,2026-03-17,1000000,12,KYC Pending
5833,3285,2026-07-01,150000,12,Incomplete
5834,4176,2026-04-02,300000,60,Approved
5835,1983,2026-07-08,150000,24,Rejected
5836,2772,2026-08-31,300000,36,KYC Pending
5837,1692,2026-06-24,750000,12,KYC Pending
5838,3589,2026-04-27,250000,48,Rejected
5839,554,2026-07-31,300000,60,Rejected
5840,3918,2026-02-20,1000000,24,Disbursed
5841,1179,2026-03-12,300000,12,Rejected
5842,1695,2026-07-10,1000000,60,Disbursed
5843,460,2026-08-04,150000,60,Rejected
5844,3091,2026-06-13,150000,36,Disbursed
5845,3194,2026-05-09,400000,60,Disbursed
5846,3649,2026-06-24,500000,60,Disbursed
5847,85,2026-04-16,50000,48,KYC Pending
5848,1115,2026-04-27,50000,36,Rejected
5849,2054,2026-08-01,250000,24,Rejected
5850,3512,2026-05-11,250000,60,Disbursed
5851,3413,2026-08-26,400000,36,Rejected
5852,3676,2026-04-03,100000,48,KYC Pending
5853,375,2026-02-24,300000,12,Disbursed
5854,733,2026-07-20,500000,48,Disbursed
5855,1739,2026-03-17,300000,36,Approved
5856,4547,2026-02-09,250000,48,KYC Pending
5857,1524,2026-05-16,50000,24,Approved
5858,3694,2026-07-19,500000,36,Approved
5859,1209,2026-03-21,400000,36,KYC Pending
5860,3300,2026-06-13,150000,24,Approved
5861,4327,2026-02-16,250000,60,Approved
5862,2425,2026-05-10,750000,60,Disbursed
5863,3232,2026-06-22,150000,60,KYC Pending
5864,3979,2026-04-16,200000,36,Rejected
5865,2723,2026-02-16,500000,60,Rejected
5866,1416,2026-05-27,400000,12,Disbursed
5867,4610,2026-08-08,300000,12,Rejected
5868,1328,2026-03-27,50000,12,KYC Pending
5869,409,2026-08-10,500000,24,Rejected
5870,2504,2026-07-13,50000,36,KYC Pending
5871,1047,2026-06-13,50000,48,Approved
5872,2468,2026-03-31,400000,36,Rejected
5873,3761,2026-08-28,500000,12,KYC Pending
5874,1911,2026-04-26,750000,12,Approved
5875,2657,2026-02-10,150000,36,Incomplete
5876,4123,2026-03-16,150000,12,KYC Pending
5877,2472,2026-07-16,300000,60,Approved
5878,598,2026-01-22,200000,24,Disbursed
5879,2429,2026-06-13,1000000,12,Incomplete
5880,3624,2026-05-08,400000,60,Disbursed
5881,1522,2026-07-17,150000,12,Incomplete
5882,131,2026-05-22,100000,48,Disbursed
5883,922,2026-06-28,200000,12,Rejected
5884,1870,2026-04-03,50000,36,Disbursed
5885,2515,2026-02-11,100000,48,Disbursed
5886,2606,2026-04-08,750000,48,Rejected
5887,3987,2026-03-17,200000,60,Rejected
5888,801,2026-03-27,150000,36,Approved
5889,1774,2026-07-05,250000,12,Disbursed
5890,502,2026-03-26,250000,60,Disbursed
5891,941,2026-03-28,300000,48,Incomplete
5892,3565,2026-07-18,100000,24,KYC Pending
5893,1884,2026-06-23,400000,60,Rejected
5894,193,2026-03-09,150000,60,Approved
5895,4355,2026-04-26,1000000,60,Disbursed
5896,3938,2026-02-21,50000,12,Approved
5897,321,2026-07-27,50000,12,Rejected
5898,2160,2026-04-01,50000,36,KYC Pending
5899,3641,2026-08-26,1000000,12,Rejected
5900,4882,2026-06-07,250000,60,Disbursed
5901,1004,2026-02-12,300000,36,Disbursed
5902,3800,2026-03-17,300000,12,Incomplete
5903,4097,2026-05-11,50000,60,Disbursed
5904,501,2026-04-08,250000,48,Approved
5905,1668,2026-05-01,150000,36,Disbursed
5906,3774,2026-02-03,400000,12,Incomplete
5907,224,2026-04-03,50000,24,KYC Pending
5908,834,2026-07-31,750000,48,Approved
5909,421,2026-02-07,1000000,48,Rejected
5910,530,2026-08-16,150000,36,Disbursed
5911,2934,2026-03-13,200000,60,Disbursed
5912,301,2026-07-05,1000000,36,KYC Pending
5913,1158,2026-01-18,500000,24,KYC Pending
5914,3839,2026-07-09,400000,24,Disbursed
5915,3790,2026-06-15,50000,48,Approved
5916,3464,2026-01-31,200000,60,Incomplete
5917,2296,2026-05-10,400000,24,Incomplete
5918,3030,2026-02-16,500000,12,Disbursed
5919,3565,2026-08-30,1000000,48,Disbursed
5920,2398,2026-05-11,500000,36,Disbursed
5921,2422,2026-03-23,1000000,36,Disbursed
5922,1258,2026-03-15,200000,12,Incomplete
5923,155,2026-04-10,400000,12,Approved
5924,3141,2026-04-30,200000,60,Disbursed
5925,1861,2026-07-11,1000000,12,KYC Pending
5926,1318,2026-06-01,250000,24,Disbursed
5927,3784,2026-08-06,200000,24,Rejected
5928,4904,2026-03-16,500000,12,Rejected
5929,883,2026-08-29,750000,24,KYC Pending
5930,3265,2026-05-15,500000,12,KYC Pending
5931,253,2026-05-03,100000,12,Disbursed
5932,3084,2026-06-21,150000,60,Rejected
5933,1268,2026-05-23,300000,12,Rejected
5934,45,2026-01-13,1000000,24,Rejected
5935,2968,2026-05-22,300000,60,KYC Pending
5936,2797,2026-05-15,50000,60,KYC Pending
5937,4867,2026-01-09,750000,48,KYC Pending
5938,4151,2026-01-18,400000,60,Rejected
5939,563,2026-05-18,1000000,60,Rejected
5940,4611,2026-05-28,500000,24,Disbursed
5941,3049,2026-05-30,150000,12,Incomplete
5942,1557,2026-07-16,150000,24,Incomplete
5943,1919,2026-06-15,250000,36,Disbursed
5944,175,2026-03-02,750000,36,Rejected
5945,807,2026-02-27,1000000,12,Disbursed
5946,2700,2026-02-20,1000000,60,Incomplete
5947,4037,2026-08-08,50000,24,Approved
5948,1098,2026-04-23,150000,24,Approved
5949,626,2026-04-21,250000,36,Rejected
5950,4473,2026-07-31,50000,24,Rejected
5951,1121,2026-05-15,150000,60,Disbursed
5952,911,2026-08-18,250000,60,Rejected
5953,2630,2026-04-17,750000,60,KYC Pending
5954,2761,2026-08-21,300000,60,Incomplete
5955,4521,2026-02-13,400000,48,Rejected
5956,2022,2026-02-08,200000,36,Rejected
5957,3871,2026-04-27,50000,12,Disbursed
5958,2622,2026-06-28,400000,12,Disbursed
5959,1002,2026-08-12,400000,60,Disbursed
5960,3478,2026-03-04,400000,24,KYC Pending
5961,4795,2026-07-07,500000,36,KYC Pending
5962,4142,2026-07-19,300000,24,Approved
5963,4019,2026-07-16,400000,60,KYC Pending
5964,1274,2026-08-08,500000,12,KYC Pending
5965,823,2026-06-15,500000,36,KYC Pending
5966,3446,2026-05-03,500000,48,KYC Pending
5967,4086,2026-04-17,150000,48,Rejected
5968,2263,2026-03-17,100000,24,Rejected
5969,4887,2026-01-29,200000,36,Approved
5970,4957,2026-01-30,1000000,48,KYC Pending
5971,2670,2026-05-30,500000,36,KYC Pending
5972,26,2026-01-31,200000,12,Disbursed
5973,766,2026-02-24,500000,12,KYC Pending
5974,744,2026-06-12,500000,60,Rejected
5975,4506,2026-08-06,750000,12,Rejected
5976,2539,2026-04-18,1000000,12,Disbursed
5977,1907,2026-05-21,100000,48,Disbursed
5978,2704,2026-02-28,750000,36,Disbursed
5979,4974,2026-02-13,250000,60,Disbursed
5980,1550,2026-05-12,50000,60,Disbursed
5981,1894,2026-08-22,500000,60,Disbursed
5982,2008,2026-06-22,1000000,36,Rejected
5983,796,2026-05-09,750000,36,Incomplete
5984,3312,2026-03-25,200000,60,Disbursed
5985,2383,2026-03-05,500000,24,Approved
5986,4568,2026-04-01,200000,48,Rejected
5987,3180,2026-07-23,100000,48,Incomplete
5988,4507,2026-07-09,250000,36,Disbursed
5989,3106,2026-06-06,100000,48,KYC Pending
5990,1766,2026-05-24,300000,60,KYC Pending
5991,3623,2026-03-03,250000,24,Disbursed
5992,3902,2026-02-21,100000,24,Disbursed
5993,3089,2026-05-18,500000,24,Rejected
5994,584,2026-05-20,200000,36,Rejected
5995,3018,2026-03-11,200000,24,Disbursed
5996,827,2026-03-01,200000,12,Disbursed
5997,1208,2026-06-15,750000,36,Approved
5998,384,2026-02-19,200000,36,Approved
5999,1873,2026-08-02,250000,48,Approved
6000,2592,2026-03-04,100000,12,Incomplete
6001,2857,2026-06-16,500000,36,Rejected
6002,612,2026-03-04,150000,36,Disbursed
6003,4921,2026-05-07,500000,12,Disbursed
6004,3483,2026-07-02,250000,36,Disbursed
6005,3779,2026-08-12,400000,12,Disbursed
6006,2470,2026-06-11,400000,60,Disbursed
6007,84,2026-08-10,300000,48,Rejected
6008,1754,2026-06-03,750000,36,KYC Pending
6009,1806,2026-08-31,250000,12,Disbursed
6010,2739,2026-02-06,200000,12,KYC Pending
6011,4124,2026-06-01,750000,12,Disbursed
6012,2399,2026-06-09,300000,48,Incomplete
6013,170,2026-05-11,500000,24,Incomplete
6014,2364,2026-06-26,1000000,60,Disbursed
6015,1122,2026-08-19,250000,12,Incomplete
6016,4735,2026-04-20,50000,12,Approved
6017,1820,2026-08-16,1000000,12,KYC Pending
6018,4409,2026-08-23,200000,24,Disbursed
6019,1262,2026-07-10,750000,12,Disbursed
6020,922,2026-07-27,500000,60,Rejected
6021,606,2026-08-22,1000000,60,Incomplete
6022,2220,2026-05-19,50000,12,KYC Pending
6023,1736,2026-07-17,300000,24,Disbursed
6024,2311,2026-04-08,300000,48,Disbursed
6025,1283,2026-06-14,100000,36,Incomplete
6026,3484,2026-01-30,100000,24,Approved
6027,149,2026-08-06,250000,24,Disbursed
6028,4664,2026-03-17,750000,24,Disbursed
6029,381,2026-03-20,150000,48,Disbursed
6030,2982,2026-06-26,150000,60,Rejected
6031,1619,2026-06-07,750000,24,Disbursed
6032,1783,2026-07-28,200000,60,KYC Pending
6033,3077,2026-02-02,200000,24,Disbursed
6034,3935,2026-06-06,300000,24,Disbursed
6035,37,2026-08-01,1000000,36,Rejected
6036,596,2026-06-26,1000000,48,Rejected
6037,3182,2026-06-17,100000,12,Disbursed
6038,1190,2026-02-13,100000,48,KYC Pending
6039,2443,2026-03-28,100000,24,Disbursed
6040,3331,2026-02-10,150000,60,Disbursed
6041,946,2026-07-01,150000,60,Approved
6042,891,2026-03-08,200000,36,Rejected
6043,450,2026-03-20,500000,60,Disbursed
6044,2637,2026-07-21,750000,36,Rejected
6045,5,2026-01-21,200000,60,Rejected
6046,1164,2026-07-02,300000,60,Disbursed
6047,897,2026-04-12,50000,24,KYC Pending
6048,4764,2026-04-14,500000,60,Disbursed
6049,4736,2026-04-02,150000,24,Incomplete
6050,2015,2026-08-06,100000,60,Approved
6051,970,2026-07-03,400000,48,Rejected
6052,4144,2026-07-11,200000,60,Approved
6053,2743,2026-07-02,100000,36,Disbursed
6054,3580,2026-02-01,400000,12,Disbursed
6055,544,2026-08-11,500000,60,Rejected
6056,2921,2026-02-18,1000000,24,Rejected
6057,1422,2026-03-12,300000,36,Approved
6058,2846,2026-05-05,500000,12,Disbursed
6059,3625,2026-06-18,1000000,48,Disbursed
6060,3187,2026-04-04,250000,36,Approved
6061,164,2026-06-02,100000,60,Disbursed
6062,3868,2026-03-24,500000,24,Incomplete
6063,19,2026-07-26,1000000,36,Disbursed
6064,3264,2026-03-30,250000,12,Approved
6065,2127,2026-05-11,1000000,36,Rejected
6066,3735,2026-06-09,250000,24,Incomplete
6067,2887,2026-03-21,200000,60,Approved
6068,4518,2026-02-03,500000,48,Approved
6069,3133,2026-04-16,200000,48,KYC Pending
6070,4441,2026-08-03,100000,36,Incomplete
6071,4936,2026-07-25,1000000,60,Disbursed
6072,3495,2026-03-12,1000000,24,Incomplete
6073,312,2026-03-25,1000000,24,Disbursed
6074,4793,2026-06-30,500000,48,Approved
6075,3201,2026-03-03,1000000,36,Incomplete
6076,996,2026-07-31,200000,36,Incomplete
6077,1330,2026-07-27,1000000,24,Rejected
6078,1526,2026-08-03,150000,60,Incomplete
6079,3238,2026-05-30,150000,12,Rejected
6080,1748,2026-08-09,500000,24,Disbursed
6081,1106,2026-05-06,100000,12,Rejected
6082,1591,2026-04-22,50000,60,Disbursed
6083,286,2026-02-15,250000,48,Rejected
6084,3040,2026-08-06,50000,48,KYC Pending
6085,2105,2026-08-06,100000,12,Disbursed
6086,2456,2026-04-20,200000,60,Rejected
6087,1391,2026-02-14,250000,12,Disbursed
6088,121,2026-08-06,750000,24,Rejected
6089,258,2026-06-17,200000,48,Rejected
6090,1124,2026-05-09,750000,24,KYC Pending
6091,3814,2026-03-22,250000,36,Rejected
6092,2883,2026-05-22,1000000,36,Rejected
6093,3002,2026-07-22,500000,12,Rejected
6094,3257,2026-04-02,500000,48,Rejected
6095,1037,2026-03-07,750000,12,KYC Pending
6096,1500,2026-08-31,750000,36,Incomplete
6097,411,2026-02-07,300000,60,Incomplete
6098,123,2026-07-10,1000000,60,Approved
6099,4482,2026-07-19,750000,24,Rejected
6100,3481,2026-07-07,750000,36,Approved
6101,1492,2026-06-29,50000,60,Rejected
6102,58,2026-01-12,750000,24,Rejected
6103,869,2026-05-29,50000,12,Approved
6104,4585,2026-04-26,400000,48,Rejected
6105,4893,2026-06-17,150000,24,Approved
6106,3666,2026-06-24,150000,24,Rejected
6107,331,2026-02-27,500000,48,KYC Pending
6108,4608,2026-03-27,250000,60,Rejected
6109,2776,2026-07-16,500000,60,Approved
6110,3975,2026-07-27,500000,36,Rejected
6111,1622,2026-03-31,150000,60,Incomplete
6112,4387,2026-02-12,100000,36,Disbursed
6113,989,2026-08-11,300000,12,KYC Pending
6114,4018,2026-04-02,300000,36,Rejected
6115,3942,2026-07-22,300000,48,KYC Pending
6116,2059,2026-05-16,150000,24,Disbursed
6117,3148,2026-03-20,250000,36,Incomplete
6118,1996,2026-05-02,300000,24,Disbursed
6119,4818,2026-02-08,250000,12,Rejected
6120,4881,2026-05-21,500000,12,Approved
6121,3459,2026-06-07,750000,24,Disbursed
6122,1662,2026-04-06,200000,24,KYC Pending
6123,1064,2026-05-25,150000,24,Rejected
6124,1267,2026-05-23,100000,12,Incomplete
6125,3851,2026-03-25,400000,24,Disbursed
6126,116,2026-03-06,150000,36,KYC Pending
6127,910,2026-07-21,500000,24,Disbursed
6128,4195,2026-01-22,250000,60,Disbursed
6129,526,2026-06-14,500000,60,Rejected
6130,4527,2026-03-27,500000,24,KYC Pending
6131,226,2026-06-25,100000,24,Disbursed
6132,3496,2026-05-17,500000,48,Rejected
6133,2621,2026-08-06,50000,60,Rejected
6134,3404,2026-07-22,100000,24,Disbursed
6135,2693,2026-04-10,50000,48,Approved
6136,3747,2026-06-07,200000,36,Disbursed
6137,1858,2026-02-13,250000,12,Approved
6138,774,2026-07-01,1000000,12,Incomplete
6139,461,2026-08-08,750000,12,Rejected
6140,4905,2026-08-02,300000,48,Incomplete
6141,3834,2026-07-10,750000,12,Incomplete
6142,1128,2026-05-03,150000,36,Approved
6143,3864,2026-02-19,1000000,48,Rejected
6144,29,2026-02-21,100000,48,Incomplete
6145,1134,2026-07-03,250000,36,Disbursed
6146,4282,2026-05-07,150000,24,Rejected
6147,3635,2026-06-14,500000,36,Incomplete
6148,3004,2026-08-16,250000,24,KYC Pending
6149,4330,2026-07-15,50000,24,Rejected
6150,4573,2026-03-16,500000,24,Rejected
6151,705,2026-07-05,100000,60,KYC Pending
6152,1677,2026-08-29,750000,36,Approved
6153,1823,2026-07-22,100000,12,Rejected
6154,978,2026-04-15,500000,24,Rejected
6155,4080,2026-03-12,500000,60,Rejected
6156,1357,2026-03-28,200000,48,Disbursed
6157,4343,2026-04-21,200000,60,KYC Pending
6158,2767,2026-05-15,500000,36,Rejected
6159,1831,2026-06-23,50000,24,Disbursed
6160,2792,2026-05-28,150000,36,Disbursed
6161,3585,2026-01-27,1000000,24,Disbursed
6162,1688,2026-08-01,300000,60,Disbursed
6163,632,2026-02-16,50000,60,Incomplete
6164,987,2026-02-03,1000000,60,Approved
6165,590,2026-04-07,750000,12,KYC Pending
6166,78,2026-03-12,200000,36,Disbursed
6167,2988,2026-07-25,750000,36,Approved
6168,2693,2026-04-17,200000,36,Incomplete
6169,4292,2026-06-12,150000,36,Disbursed
6170,3250,2026-02-22,50000,48,Disbursed
6171,4932,2026-06-24,150000,60,Disbursed
6172,2334,2026-05-21,250000,24,Disbursed
6173,3616,2026-03-30,100000,60,Disbursed
6174,4767,2026-03-08,300000,60,Disbursed
6175,808,2026-06-15,200000,60,KYC Pending
6176,2117,2026-04-15,100000,12,Rejected
6177,4157,2026-07-06,300000,24,Disbursed
6178,2427,2026-03-01,50000,24,Incomplete
6179,3304,2026-06-22,150000,12,Incomplete
6180,4130,2026-08-29,150000,24,Disbursed
6181,1499,2026-05-21,100000,60,KYC Pending
6182,4270,2026-08-28,750000,48,Rejected
6183,4556,2026-06-07,1000000,48,Rejected
6184,2907,2026-03-29,100000,48,KYC Pending
6185,1275,2026-06-21,100000,12,Disbursed
6186,3179,2026-03-27,400000,12,Disbursed
6187,1733,2026-04-20,300000,48,Disbursed
6188,860,2026-05-08,250000,48,KYC Pending
6189,1109,2026-01-30,150000,12,KYC Pending
6190,374,2026-06-30,50000,48,KYC Pending
6191,3400,2026-05-19,250000,24,Rejected
6192,4545,2026-06-25,100000,48,Rejected
6193,2748,2026-01-31,200000,60,Disbursed
6194,3823,2026-07-10,200000,36,Disbursed
6195,4831,2026-03-31,150000,36,Incomplete
6196,811,2026-05-22,200000,48,Incomplete
6197,2197,2026-07-11,500000,60,Incomplete
6198,4067,2026-03-27,1000000,24,Incomplete
6199,1216,2026-05-17,750000,60,KYC Pending
6200,2884,2026-06-15,100000,48,Disbursed
6201,877,2026-03-09,100000,12,Disbursed
6202,1972,2026-02-24,150000,36,Rejected
6203,957,2026-07-18,250000,24,Disbursed
6204,3890,2026-06-15,500000,12,KYC Pending
6205,2440,2026-06-21,50000,48,Rejected
6206,1720,2026-06-19,250000,36,Incomplete
6207,109,2026-04-20,50000,24,Approved
6208,266,2026-05-15,250000,12,Approved
6209,2685,2026-07-15,200000,24,Rejected
6210,291,2026-07-31,50000,24,KYC Pending
6211,657,2026-04-12,400000,60,KYC Pending
6212,406,2026-07-08,750000,24,Approved
6213,4952,2026-04-17,750000,48,Disbursed
6214,455,2026-08-16,300000,48,Disbursed
6215,4852,2026-08-27,750000,12,Rejected
6216,4512,2026-02-23,200000,48,Incomplete
6217,2356,2026-04-17,200000,36,Incomplete
6218,4872,2026-02-17,400000,48,Rejected
6219,861,2026-04-11,100000,36,Disbursed
6220,4364,2026-07-13,500000,60,Rejected
6221,2955,2026-01-22,750000,12,KYC Pending
6222,512,2026-05-17,400000,12,KYC Pending
6223,546,2026-05-06,400000,60,Approved
6224,1660,2026-06-13,500000,36,Approved
6225,479,2026-08-14,750000,24,KYC Pending
6226,434,2026-04-25,500000,12,Incomplete
6227,3155,2026-08-20,500000,12,Rejected
6228,4139,2026-02-19,100000,36,KYC Pending
6229,4613,2026-07-23,750000,36,KYC Pending
6230,2214,2026-04-17,150000,24,Incomplete
6231,4410,2026-03-19,300000,12,Rejected
6232,824,2026-07-15,1000000,36,Rejected
6233,1166,2026-03-30,50000,36,Disbursed
6234,4069,2026-08-23,100000,60,KYC Pending
6235,1964,2026-03-27,150000,12,Incomplete
6236,35,2026-02-27,100000,12,Disbursed
6237,3473,2026-06-29,1000000,36,Rejected
6238,4325,2026-01-22,300000,36,KYC Pending
6239,4374,2026-02-23,750000,36,Disbursed
6240,1428,2026-02-25,250000,60,Disbursed
6241,4632,2026-02-27,200000,36,KYC Pending
6242,418,2026-04-27,400000,12,KYC Pending
6243,3289,2026-07-14,250000,24,Rejected
6244,1097,2026-04-13,100000,60,Rejected
6245,971,2026-07-13,200000,48,Approved
6246,307,2026-07-17,250000,24,Disbursed
6247,2025,2026-05-03,750000,12,Incomplete
6248,1528,2026-02-24,150000,36,Incomplete
6249,1318,2026-06-25,250000,24,Disbursed
6250,1811,2026-04-18,200000,24,Disbursed
6251,2286,2026-08-05,750000,48,Rejected
6252,2515,2026-02-25,1000000,60,Disbursed
6253,4308,2026-03-23,150000,24,KYC Pending
6254,1607,2026-08-04,1000000,48,KYC Pending
6255,2548,2026-04-29,100000,12,Disbursed
6256,3040,2026-08-11,500000,12,Disbursed
6257,1319,2026-04-24,250000,60,Approved
6258,747,2026-02-27,500000,36,KYC Pending
6259,1489,2026-03-20,750000,24,KYC Pending
6260,359,2026-06-05,400000,60,Incomplete
6261,826,2026-04-27,1000000,60,Rejected
6262,806,2026-03-09,200000,60,Disbursed
6263,2846,2026-05-28,150000,24,KYC Pending
6264,150,2026-02-24,400000,12,Disbursed
6265,2128,2026-05-05,400000,24,Disbursed
6266,970,2026-07-26,500000,36,Incomplete
6267,3320,2026-03-10,100000,24,Rejected
6268,191,2026-05-29,1000000,24,KYC Pending
6269,4398,2026-04-11,100000,24,Disbursed
6270,3439,2026-03-23,300000,36,KYC Pending
6271,2224,2026-02-10,500000,60,Rejected
6272,864,2026-08-24,200000,48,Approved
6273,4234,2026-04-11,1000000,36,Disbursed
6274,4328,2026-06-17,400000,24,Disbursed
6275,531,2026-07-07,200000,60,Disbursed
6276,924,2026-04-23,750000,60,Disbursed
6277,1465,2026-02-19,300000,24,Disbursed
6278,4119,2026-04-16,1000000,12,Incomplete
6279,4100,2026-05-08,400000,60,Incomplete
6280,2356,2026-04-17,100000,60,KYC Pending
6281,4807,2026-02-17,500000,12,Disbursed
6282,3481,2026-07-07,400000,36,Disbursed
6283,2764,2026-05-05,200000,60,KYC Pending
6284,1847,2026-06-11,400000,24,Disbursed
6285,2513,2026-08-06,100000,36,Rejected
6286,1913,2026-07-10,250000,48,Rejected
6287,3515,2026-07-31,200000,48,KYC Pending
6288,594,2026-05-23,400000,36,Disbursed
6289,21,2026-03-26,400000,24,Incomplete
6290,186,2026-05-02,150000,48,Rejected
6291,840,2026-04-06,150000,48,KYC Pending
6292,1203,2026-05-17,400000,48,KYC Pending
6293,4352,2026-03-18,400000,36,Disbursed
6294,658,2026-05-18,150000,36,Disbursed
6295,2856,2026-04-15,300000,60,KYC Pending
6296,4479,2026-08-27,50000,48,Incomplete
6297,1603,2026-03-22,100000,24,KYC Pending
6298,4040,2026-05-30,300000,60,Rejected
6299,3468,2026-05-28,400000,36,Rejected
6300,2588,2026-05-10,400000,60,Rejected
6301,2540,2026-08-01,50000,36,KYC Pending
6302,829,2026-08-01,100000,60,Approved
6303,1014,2026-06-26,200000,12,KYC Pending
6304,390,2026-07-28,750000,12,Rejected
6305,721,2026-04-05,1000000,60,Incomplete
6306,1150,2026-08-06,1000000,36,Rejected
6307,2319,2026-07-13,250000,36,KYC Pending
6308,2265,2026-04-28,500000,60,Incomplete
6309,4792,2026-02-03,400000,12,Disbursed
6310,1420,2026-07-27,300000,12,Rejected
6311,3275,2026-05-26,50000,60,KYC Pending
6312,141,2026-04-21,300000,12,Rejected
6313,1410,2026-06-29,50000,36,Rejected
6314,4710,2026-02-08,50000,60,Rejected
6315,464,2026-04-16,100000,12,KYC Pending
6316,2924,2026-01-23,200000,60,Disbursed
6317,1341,2026-05-19,1000000,24,Disbursed
6318,2919,2026-05-16,1000000,60,Approved
6319,4983,2026-04-24,750000,36,Rejected
6320,4329,2026-03-05,100000,24,KYC Pending
6321,4953,2026-06-04,1000000,48,Disbursed
6322,2071,2026-07-10,300000,48,KYC Pending
6323,3546,2026-06-16,750000,24,Approved
6324,303,2026-05-26,750000,48,Disbursed
6325,2755,2026-04-19,300000,48,Disbursed
6326,712,2026-05-22,200000,36,Disbursed
6327,1236,2026-04-13,200000,12,Rejected
6328,2280,2026-03-07,500000,12,KYC Pending
6329,1249,2026-05-18,1000000,24,Rejected
6330,1702,2026-06-14,500000,60,Disbursed
6331,3100,2026-02-15,100000,36,Rejected
6332,2173,2026-07-25,1000000,36,Incomplete
6333,4039,2026-07-14,750000,36,Disbursed
6334,3435,2026-05-02,300000,60,Approved
6335,4316,2026-02-15,50000,60,KYC Pending
6336,2517,2026-02-25,300000,36,KYC Pending
6337,4247,2026-08-20,100000,24,Disbursed
6338,2520,2026-03-18,750000,36,Disbursed
6339,1717,2026-01-31,500000,36,Approved
6340,2228,2026-03-22,100000,60,KYC Pending
6341,2566,2026-07-27,400000,36,Rejected
6342,1928,2026-05-31,300000,12,Disbursed
6343,1029,2026-03-30,400000,36,KYC Pending
6344,1193,2026-08-31,500000,48,KYC Pending
6345,2469,2026-04-04,500000,24,Rejected
6346,3960,2026-05-20,750000,12,Disbursed
6347,4634,2026-06-28,750000,48,Approved
6348,4101,2026-07-04,250000,48,Rejected
6349,2485,2026-08-31,400000,48,Disbursed
6350,4181,2026-04-09,100000,36,Disbursed
6351,892,2026-02-19,400000,12,Incomplete
6352,3382,2026-05-25,500000,12,KYC Pending
6353,300,2026-05-03,750000,60,Rejected
6354,124,2026-07-21,100000,48,KYC Pending
6355,2963,2026-06-17,400000,60,Disbursed
6356,1702,2026-06-10,150000,24,Rejected
6357,2694,2026-04-03,400000,48,Disbursed
6358,493,2026-03-23,200000,60,Approved
6359,4737,2026-04-27,150000,24,Rejected
6360,1308,2026-02-09,200000,24,Approved
6361,84,2026-08-02,300000,24,Rejected
6362,660,2026-03-07,400000,48,KYC Pending
6363,3827,2026-06-01,200000,60,Disbursed
6364,3878,2026-03-05,500000,12,Approved
6365,2404,2026-03-08,200000,36,Rejected
6366,1936,2026-05-27,1000000,36,KYC Pending
6367,2209,2026-02-04,1000000,48,Disbursed
6368,4184,2026-03-08,1000000,60,Incomplete
6369,4392,2026-01-29,750000,12,Rejected
6370,4472,2026-01-21,100000,36,Approved
6371,3349,2026-08-10,250000,48,Incomplete
6372,3621,2026-02-13,100000,12,Disbursed
6373,1500,2026-08-28,250000,12,Approved
6374,628,2026-02-19,750000,12,KYC Pending
6375,2262,2026-06-08,300000,36,Approved
6376,1066,2026-02-13,500000,12,Rejected
6377,1251,2026-02-07,250000,36,KYC Pending
6378,3279,2026-05-25,100000,60,Disbursed
6379,176,2026-03-03,300000,24,KYC Pending
6380,2877,2026-04-24,750000,36,Rejected
6381,3174,2026-08-10,300000,60,Rejected
6382,3093,2026-07-06,1000000,48,Incomplete
6383,3427,2026-03-07,1000000,48,Rejected
6384,3212,2026-06-20,300000,12,Disbursed
6385,1502,2026-06-14,300000,36,Disbursed
6386,32,2026-06-21,50000,12,Disbursed
6387,3712,2026-03-09,750000,12,Rejected
6388,3230,2026-06-08,150000,60,Rejected
6389,1502,2026-05-02,1000000,60,Rejected
6390,3249,2026-07-23,400000,12,Disbursed
6391,3759,2026-05-19,300000,60,Approved
6392,1034,2026-04-01,300000,48,Incomplete
6393,1766,2026-05-07,1000000,12,Approved
6394,4877,2026-03-05,750000,48,KYC Pending
6395,832,2026-06-22,1000000,60,Disbursed
6396,4460,2026-08-15,150000,36,KYC Pending
6397,2604,2026-08-18,750000,24,Rejected
6398,1337,2026-06-08,150000,48,Rejected
6399,1386,2026-07-18,100000,24,KYC Pending
6400,4381,2026-07-24,50000,48,Rejected
6401,3358,2026-05-10,1000000,12,Approved
6402,4024,2026-07-06,750000,36,Rejected
6403,681,2026-06-29,750000,60,Incomplete
6404,3456,2026-02-22,50000,24,Disbursed
6405,4574,2026-07-30,1000000,48,Rejected
6406,2865,2026-02-02,50000,60,Disbursed
6407,1925,2026-03-28,250000,24,KYC Pending
6408,2126,2026-04-26,750000,60,Rejected
6409,1220,2026-06-11,150000,12,Disbursed
6410,4029,2026-08-04,1000000,36,KYC Pending
6411,2533,2026-03-04,500000,24,Rejected
6412,3262,2026-02-08,150000,24,Rejected
6413,1680,2026-06-13,150000,36,Incomplete
6414,2350,2026-06-06,200000,36,Rejected
6415,3690,2026-08-02,500000,60,Approved
6416,1456,2026-05-02,300000,24,Disbursed
6417,4090,2026-05-01,150000,12,KYC Pending
6418,2998,2026-01-21,200000,12,Rejected
6419,57,2026-03-30,150000,48,Rejected
6420,1939,2026-03-24,200000,60,KYC Pending
6421,2728,2026-05-11,250000,60,Approved
6422,722,2026-07-04,250000,12,Incomplete
6423,3192,2026-04-14,200000,24,Rejected
6424,878,2026-05-16,150000,12,Approved
6425,207,2026-03-18,300000,48,KYC Pending
6426,3137,2026-04-13,50000,48,Disbursed
6427,2457,2026-01-27,1000000,24,Approved
6428,3306,2026-04-01,300000,24,Approved
6429,1793,2026-02-09,100000,12,KYC Pending
6430,3433,2026-06-23,1000000,36,Approved
6431,3603,2026-08-31,150000,12,Approved
6432,1183,2026-03-05,500000,36,Disbursed
6433,1456,2026-05-10,50000,60,Rejected
6434,4705,2026-08-01,300000,24,Disbursed
6435,2503,2026-05-23,1000000,48,Disbursed
6436,377,2026-07-19,100000,24,KYC Pending
6437,4818,2026-01-30,1000000,36,Disbursed
6438,3128,2026-03-28,1000000,12,Incomplete
6439,2557,2026-04-15,100000,60,Rejected
6440,2119,2026-05-18,250000,48,Rejected
6441,2376,2026-08-20,500000,12,Incomplete
6442,4505,2026-05-02,300000,48,Rejected
6443,2119,2026-06-12,750000,12,Incomplete
6444,1839,2026-02-21,150000,12,Rejected
6445,2664,2026-08-24,200000,12,Disbursed
6446,2477,2026-05-13,400000,24,Rejected
6447,3566,2026-05-06,50000,24,Disbursed
6448,3518,2026-07-21,50000,60,Approved
6449,3556,2026-06-15,50000,60,Approved
6450,4078,2026-06-27,1000000,48,Rejected
6451,95,2026-03-18,200000,12,Disbursed
6452,3066,2026-02-09,400000,48,Incomplete
6453,625,2026-03-02,500000,48,KYC Pending
6454,4362,2026-06-14,500000,48,Disbursed
6455,1743,2026-05-01,750000,12,Incomplete
6456,2004,2026-06-07,1000000,60,KYC Pending
6457,241,2026-04-18,100000,60,Incomplete
6458,1025,2026-08-01,150000,24,Disbursed
6459,734,2026-07-09,100000,36,Disbursed
6460,2875,2026-06-03,300000,60,Disbursed
6461,563,2026-04-15,1000000,48,Rejected
6462,3500,2026-03-10,750000,36,Rejected
6463,3901,2026-02-03,200000,24,Approved
6464,3727,2026-03-31,750000,36,Disbursed
6465,4652,2026-02-24,400000,24,Disbursed
6466,1042,2026-06-23,300000,60,Disbursed
6467,1643,2026-07-26,500000,24,Rejected
6468,1440,2026-04-12,500000,12,Disbursed
6469,1332,2026-07-13,1000000,36,KYC Pending
6470,2330,2026-07-30,250000,36,Rejected
6471,736,2026-05-11,300000,36,Disbursed
6472,243,2026-02-19,750000,24,Disbursed
6473,710,2026-04-10,100000,48,Disbursed
6474,3755,2026-06-22,200000,12,Rejected
6475,1175,2026-04-02,300000,24,Incomplete
6476,4280,2026-06-25,250000,24,Disbursed
6477,1985,2026-04-11,1000000,60,Incomplete
6478,4601,2026-08-31,750000,48,Rejected
6479,1047,2026-07-04,750000,60,Rejected
6480,699,2026-03-03,50000,48,Approved
6481,2200,2026-05-14,400000,24,Incomplete
6482,193,2026-04-06,500000,60,Incomplete
6483,3346,2026-04-07,750000,24,Approved
6484,3494,2026-04-11,750000,48,Rejected
6485,2167,2026-05-05,400000,48,Incomplete
6486,454,2026-06-14,300000,36,Disbursed
6487,1795,2026-08-16,250000,60,Approved
6488,1417,2026-05-14,250000,36,Disbursed
6489,4929,2026-01-11,150000,36,Incomplete
6490,3807,2026-02-22,1000000,60,KYC Pending
6491,499,2026-05-31,400000,60,Rejected
6492,260,2026-04-23,400000,60,Disbursed
6493,938,2026-01-29,150000,36,Disbursed
6494,3257,2026-04-23,500000,36,Disbursed
6495,3209,2026-08-25,100000,48,Incomplete
6496,2350,2026-06-23,250000,12,KYC Pending
6497,147,2026-06-16,150000,36,Incomplete
6498,3059,2026-06-23,300000,48,Disbursed
6499,2835,2026-08-16,250000,60,Disbursed
6500,2682,2026-01-14,100000,48,Disbursed
6501,5,2026-02-16,500000,48,Rejected
6502,249,2026-02-15,500000,12,Rejected
6503,1448,2026-06-05,100000,36,Disbursed
6504,709,2026-02-20,250000,60,Disbursed
6505,569,2026-02-01,750000,60,Rejected
6506,3430,2026-05-22,400000,24,Disbursed
6507,427,2026-07-04,250000,24,Rejected
6508,952,2026-03-06,1000000,60,Rejected
6509,4498,2026-07-07,50000,48,Rejected
6510,879,2026-06-24,300000,60,KYC Pending
6511,2720,2026-07-24,100000,36,Approved
6512,2412,2026-05-04,300000,24,KYC Pending
6513,4520,2026-04-17,400000,60,Rejected
6514,1143,2026-08-21,500000,48,Incomplete
6515,4588,2026-05-23,200000,36,Incomplete
6516,2416,2026-02-25,50000,60,KYC Pending
6517,776,2026-04-15,500000,12,Incomplete
6518,2393,2026-04-17,150000,60,Rejected
6519,1307,2026-06-27,200000,36,KYC Pending
6520,715,2026-05-12,50000,36,Approved
6521,2414,2026-08-08,150000,48,Rejected
6522,69,2026-02-14,400000,36,KYC Pending
6523,143,2026-05-16,750000,36,Incomplete
6524,3723,2026-06-25,150000,24,Disbursed
6525,2822,2026-06-11,200000,36,Rejected
6526,1821,2026-06-24,150000,48,Incomplete
6527,1309,2026-02-22,1000000,36,Rejected
6528,2553,2026-04-12,50000,36,Rejected
6529,3372,2026-04-05,200000,48,Rejected
6530,1579,2026-03-04,750000,60,Disbursed
6531,4725,2026-04-08,1000000,60,Rejected
6532,2937,2026-04-28,300000,12,KYC Pending
6533,3893,2026-05-28,50000,60,Rejected
6534,1863,2026-03-25,1000000,60,Incomplete
6535,3831,2026-04-08,300000,48,Disbursed
6536,1114,2026-05-25,750000,48,Rejected
6537,2661,2026-05-18,150000,12,Rejected
6538,410,2026-03-24,300000,12,KYC Pending
6539,2147,2026-06-10,300000,36,Disbursed
6540,4071,2026-03-29,150000,24,Rejected
6541,574,2026-02-10,500000,36,Rejected
6542,4103,2026-03-21,750000,24,Disbursed
6543,2840,2026-04-26,1000000,36,Rejected
6544,4349,2026-08-01,50000,60,KYC Pending
6545,276,2026-04-26,100000,12,Rejected
6546,1153,2026-06-13,500000,48,Incomplete
6547,3204,2026-05-06,400000,36,Approved
6548,1223,2026-06-17,400000,36,KYC Pending
6549,10,2026-08-20,200000,12,Rejected
6550,2368,2026-03-13,200000,12,KYC Pending
6551,2065,2026-01-19,100000,24,Rejected
6552,4887,2026-02-21,250000,48,Incomplete
6553,3660,2026-07-04,150000,24,KYC Pending
6554,4206,2026-08-08,200000,60,Approved
6555,1823,2026-08-10,200000,24,Disbursed
6556,2308,2026-07-30,250000,48,Disbursed
6557,1129,2026-05-31,750000,24,Disbursed
6558,1247,2026-03-21,200000,24,Rejected
6559,4154,2026-08-18,50000,60,Incomplete
6560,2161,2026-06-18,300000,12,Approved
6561,751,2026-05-01,1000000,48,Rejected
6562,4417,2026-04-17,750000,12,Disbursed
6563,3914,2026-01-09,300000,12,KYC Pending
6564,2613,2026-04-21,300000,48,Rejected
6565,1141,2026-08-13,50000,36,Disbursed
6566,132,2026-01-29,400000,24,Rejected
6567,2547,2026-03-31,100000,12,Approved
6568,3285,2026-07-01,250000,24,Disbursed
6569,2188,2026-06-27,100000,24,Disbursed
6570,1131,2026-05-12,300000,36,Approved
6571,4510,2026-02-27,1000000,36,Approved
6572,480,2026-01-27,50000,60,Rejected
6573,783,2026-06-30,100000,36,Incomplete
6574,440,2026-08-30,1000000,36,Disbursed
6575,1259,2026-06-08,1000000,24,Incomplete
6576,1215,2026-06-25,250000,60,Disbursed
6577,3618,2026-08-31,1000000,48,Disbursed
6578,3539,2026-04-16,400000,36,Disbursed
6579,3314,2026-07-09,500000,48,Approved
6580,2240,2026-08-11,750000,12,Incomplete
6581,2566,2026-06-16,150000,48,Disbursed
6582,654,2026-07-08,150000,24,Disbursed
6583,2322,2026-08-15,300000,36,KYC Pending
6584,2052,2026-06-22,400000,60,KYC Pending
6585,4893,2026-05-18,100000,36,Rejected
6586,4975,2026-05-05,50000,36,Approved
6587,4709,2026-07-02,500000,60,Approved
6588,3073,2026-07-30,500000,36,Disbursed
6589,2635,2026-05-05,750000,36,Incomplete
6590,3658,2026-06-08,400000,60,Rejected
6591,1392,2026-02-15,500000,12,Disbursed
6592,3368,2026-04-03,400000,60,Disbursed
6593,3383,2026-04-25,200000,36,KYC Pending
6594,2276,2026-04-10,750000,60,Rejected
6595,1960,2026-08-01,50000,12,Disbursed
6596,142,2026-05-05,500000,12,Rejected
6597,2654,2026-05-18,500000,36,Rejected
6598,1667,2026-02-07,200000,36,KYC Pending
6599,2974,2026-06-10,1000000,60,Rejected
6600,4629,2026-08-13,500000,12,Incomplete
6601,99,2026-04-02,750000,60,Disbursed
6602,1672,2026-06-15,150000,60,Rejected
6603,3205,2026-03-20,300000,24,Disbursed
6604,2129,2026-03-10,500000,36,Disbursed
6605,1896,2026-07-09,1000000,60,Approved
6606,1550,2026-05-04,1000000,48,KYC Pending
6607,4912,2026-06-26,200000,12,Incomplete
6608,1230,2026-06-29,300000,36,Rejected
6609,2532,2026-08-20,50000,36,Disbursed
6610,672,2026-08-08,150000,12,Approved
6611,4697,2026-06-27,100000,36,Incomplete
6612,4431,2026-02-18,300000,24,Approved
6613,1160,2026-05-05,1000000,60,KYC Pending
6614,4107,2026-07-13,100000,24,KYC Pending
6615,2702,2026-04-13,150000,24,Approved
6616,2123,2026-04-08,750000,24,Incomplete
6617,1931,2026-05-14,300000,36,Disbursed
6618,3026,2026-04-13,750000,12,Rejected
6619,2709,2026-05-02,500000,48,Rejected
6620,4549,2026-08-31,750000,24,Disbursed
6621,4950,2026-08-18,250000,24,Disbursed
6622,306,2026-02-01,1000000,24,Incomplete
6623,758,2026-02-21,50000,60,Disbursed
6624,2608,2026-05-05,50000,48,Rejected
6625,698,2026-06-14,200000,24,Disbursed
6626,4288,2026-03-14,750000,36,Rejected
6627,788,2026-08-22,750000,48,Incomplete
6628,676,2026-06-02,400000,60,Disbursed
6629,3651,2026-01-28,100000,36,Rejected
6630,2002,2026-05-24,500000,48,Incomplete
6631,141,2026-05-10,400000,12,KYC Pending
6632,793,2026-05-05,750000,48,KYC Pending
6633,973,2026-07-11,100000,60,Disbursed
6634,3560,2026-02-25,100000,24,Rejected
6635,2041,2026-08-31,1000000,48,Incomplete
6636,1796,2026-07-23,150000,24,Rejected
6637,1926,2026-02-28,100000,48,Disbursed
6638,2272,2026-07-21,50000,60,Rejected
6639,4220,2026-08-28,100000,24,KYC Pending
6640,4830,2026-04-30,100000,12,KYC Pending
6641,4889,2026-05-18,250000,48,Incomplete
6642,189,2026-03-16,50000,48,KYC Pending
6643,416,2026-08-02,400000,24,KYC Pending
6644,333,2026-07-18,150000,36,Disbursed
6645,544,2026-07-04,1000000,48,Incomplete
6646,3183,2026-02-28,50000,48,Approved
6647,2114,2026-08-31,400000,24,Disbursed
6648,3933,2026-05-03,200000,12,Approved
6649,3484,2026-03-03,150000,48,Rejected
6650,4487,2026-02-17,400000,36,Disbursed
6651,674,2026-05-26,500000,24,Disbursed
6652,4451,2026-07-19,100000,36,KYC Pending
6653,2460,2026-03-28,400000,12,Approved
6654,2760,2026-04-05,1000000,48,Approved
6655,1695,2026-06-30,200000,36,Approved
6656,1720,2026-06-21,100000,12,Disbursed
6657,4439,2026-03-13,750000,60,Incomplete
6658,73,2026-01-19,100000,60,Rejected
6659,3181,2026-04-23,100000,24,Incomplete
6660,367,2026-03-26,250000,36,KYC Pending
6661,3298,2026-01-11,100000,12,KYC Pending
6662,4452,2026-02-05,1000000,36,Approved
6663,4410,2026-02-18,200000,60,Rejected
6664,3767,2026-06-09,500000,48,Rejected
6665,4502,2026-04-04,250000,12,Rejected
6666,4729,2026-05-26,750000,12,KYC Pending
6667,4922,2026-07-27,400000,48,KYC Pending
6668,4358,2026-04-28,100000,48,Disbursed
6669,4662,2026-01-15,400000,12,Disbursed
6670,4768,2026-05-26,300000,12,Incomplete
6671,3433,2026-06-22,150000,24,Disbursed
6672,3742,2026-04-03,300000,48,Rejected
6673,2043,2026-03-26,250000,48,Disbursed
6674,4051,2026-03-24,750000,36,KYC Pending
6675,558,2026-03-23,750000,48,Incomplete
6676,1138,2026-06-28,250000,24,Disbursed
6677,1926,2026-01-24,300000,36,Disbursed
6678,1248,2026-08-04,150000,12,Rejected
6679,4659,2026-04-26,200000,60,Rejected
6680,957,2026-07-07,500000,48,Rejected
6681,4369,2026-08-08,300000,24,Incomplete
6682,4651,2026-08-10,400000,48,KYC Pending
6683,3150,2026-07-03,750000,36,Approved
6684,757,2026-08-08,300000,48,Disbursed
6685,4749,2026-03-01,750000,48,KYC Pending
6686,190,2026-06-17,150000,48,Disbursed
6687,22,2026-04-21,50000,60,Rejected
6688,4731,2026-08-02,200000,12,Disbursed
6689,3328,2026-02-19,50000,60,Rejected
6690,976,2026-08-06,750000,36,KYC Pending
6691,2066,2026-06-11,150000,60,Disbursed
6692,994,2026-04-15,200000,36,Disbursed
6693,738,2026-03-22,750000,48,Disbursed
6694,4655,2026-01-14,1000000,60,KYC Pending
6695,2839,2026-06-03,50000,48,Approved
6696,3457,2026-07-08,400000,24,Rejected
6697,4684,2026-07-27,200000,36,KYC Pending
6698,4269,2026-08-02,100000,36,Disbursed
6699,4229,2026-06-14,400000,36,KYC Pending
6700,28,2026-05-23,200000,24,Disbursed
6701,40,2026-07-24,1000000,60,KYC Pending
6702,1059,2026-05-13,150000,60,Disbursed
6703,912,2026-07-13,250000,24,Approved
6704,4864,2026-02-06,400000,12,KYC Pending
6705,1961,2026-04-09,300000,60,KYC Pending
6706,3715,2026-02-19,250000,24,Approved
6707,3304,2026-06-29,250000,12,KYC Pending
6708,1839,2026-03-11,300000,12,Disbursed
6709,3271,2026-03-24,750000,36,Rejected
6710,2390,2026-07-19,400000,12,Rejected
6711,2397,2026-06-21,300000,60,Rejected
6712,2038,2026-07-01,750000,48,Disbursed
6713,3088,2026-04-28,300000,36,KYC Pending
6714,4252,2026-02-25,100000,60,KYC Pending
6715,4494,2026-07-30,300000,60,Disbursed
6716,149,2026-07-23,150000,36,Disbursed
6717,169,2026-06-15,150000,24,Rejected
6718,500,2026-08-12,200000,60,Disbursed
6719,17,2026-03-16,500000,36,Approved
6720,1785,2026-03-18,100000,48,Approved
6721,1744,2026-06-29,200000,12,Disbursed
6722,4195,2026-02-16,100000,60,Approved
6723,13,2026-01-29,250000,60,Rejected
6724,2694,2026-04-18,100000,24,KYC Pending
6725,2944,2026-06-06,250000,12,Approved
6726,120,2026-08-21,400000,60,Disbursed
6727,1216,2026-06-16,750000,48,Rejected
6728,2024,2026-06-24,100000,48,Disbursed
6729,1085,2026-03-22,400000,12,Rejected
6730,4028,2026-08-25,1000000,12,Disbursed
6731,164,2026-06-04,150000,24,Approved
6732,2536,2026-06-09,750000,48,KYC Pending
6733,1633,2026-07-28,1000000,60,KYC Pending
6734,1364,2026-04-25,50000,48,KYC Pending
6735,541,2026-03-13,200000,24,Incomplete
6736,1378,2026-03-30,1000000,12,Rejected
6737,3459,2026-05-02,400000,24,Disbursed
6738,1287,2026-02-16,100000,60,Disbursed
6739,1213,2026-06-22,250000,36,Approved
6740,1536,2026-06-29,300000,36,KYC Pending
6741,3537,2026-05-09,300000,24,Disbursed
6742,2248,2026-07-26,400000,24,Rejected
6743,2610,2026-08-03,100000,36,Rejected
6744,3361,2026-08-17,150000,24,KYC Pending
6745,4324,2026-08-31,200000,12,Disbursed
6746,4703,2026-04-18,100000,48,Approved
6747,1836,2026-05-23,750000,60,Disbursed
6748,961,2026-04-26,250000,24,Disbursed
6749,1293,2026-03-15,300000,12,Rejected
6750,4131,2026-07-23,250000,48,Disbursed
6751,321,2026-08-01,150000,36,Approved
6752,3679,2026-06-20,300000,36,KYC Pending
6753,2216,2026-07-09,750000,36,KYC Pending
6754,3581,2026-07-13,200000,60,Approved
6755,4177,2026-06-05,300000,36,Rejected
6756,2204,2026-05-21,100000,48,Disbursed
6757,4427,2026-06-23,250000,60,Rejected
6758,2283,2026-08-24,400000,36,Rejected
6759,1888,2026-01-24,250000,24,Disbursed
6760,2671,2026-06-17,1000000,24,Approved
6761,1665,2026-06-16,300000,60,Rejected
6762,1617,2026-02-10,100000,48,Approved
6763,1048,2026-08-27,1000000,48,Disbursed
6764,3157,2026-08-05,50000,60,KYC Pending
6765,103,2026-04-30,100000,48,Approved
6766,4981,2026-04-12,300000,36,Incomplete
6767,3220,2026-07-23,250000,60,KYC Pending
6768,1652,2026-02-02,1000000,36,Incomplete
6769,3066,2026-03-11,400000,48,Rejected
6770,3219,2026-06-28,100000,36,KYC Pending
6771,4335,2026-04-02,400000,60,Disbursed
6772,3539,2026-04-19,250000,24,Rejected
6773,791,2026-06-07,500000,48,Incomplete
6774,1249,2026-05-12,500000,48,Disbursed
6775,4680,2026-04-25,750000,12,Rejected
6776,3307,2026-05-13,200000,36,Disbursed
6777,413,2026-08-29,300000,48,Disbursed
6778,358,2026-03-07,150000,60,Rejected
6779,2464,2026-06-24,200000,48,Rejected
6780,3582,2026-03-28,300000,60,KYC Pending
6781,703,2026-06-13,1000000,60,Disbursed
6782,1071,2026-02-20,250000,12,Disbursed
6783,4647,2026-01-30,400000,12,Rejected
6784,4977,2026-03-11,100000,24,KYC Pending
6785,2389,2026-07-06,1000000,12,Approved
6786,4020,2026-03-20,50000,36,Rejected
6787,267,2026-05-04,150000,24,Disbursed
6788,4685,2026-03-24,300000,60,KYC Pending
6789,898,2026-01-23,200000,48,KYC Pending
6790,4625,2026-08-26,200000,36,Disbursed
6791,726,2026-05-09,1000000,36,KYC Pending
6792,4567,2026-04-25,200000,24,KYC Pending
6793,2689,2026-02-09,1000000,24,Incomplete
6794,2736,2026-06-20,400000,48,Approved
6795,3591,2026-08-19,750000,60,Disbursed
6796,1891,2026-06-23,500000,24,Disbursed
6797,32,2026-06-15,100000,12,Approved
6798,4188,2026-03-18,200000,60,Rejected
6799,194,2026-06-25,1000000,60,Disbursed
6800,2121,2026-04-04,50000,36,Rejected
6801,3738,2026-05-14,100000,60,Disbursed
6802,2556,2026-06-06,250000,24,Disbursed
6803,2206,2026-07-09,300000,36,Rejected
6804,4306,2026-04-11,50000,36,KYC Pending
6805,4098,2026-02-15,50000,60,Disbursed
6806,80,2026-02-20,300000,12,Rejected
6807,482,2026-05-12,750000,24,Rejected
6808,3108,2026-03-19,150000,60,Incomplete
6809,3798,2026-07-15,150000,12,Incomplete
6810,1753,2026-03-15,200000,12,Rejected
6811,1040,2026-06-30,1000000,48,Incomplete
6812,3452,2026-01-26,750000,60,Incomplete
6813,528,2026-03-10,750000,60,KYC Pending
6814,4209,2026-06-04,400000,60,Incomplete
6815,2505,2026-06-11,200000,36,KYC Pending
6816,3506,2026-02-25,300000,48,Disbursed
6817,4555,2026-08-31,400000,60,Disbursed
6818,3924,2026-05-23,200000,48,KYC Pending
6819,2092,2026-04-28,250000,36,Disbursed
6820,3389,2026-07-15,50000,12,Approved
6821,4390,2026-03-17,300000,12,Rejected
6822,1036,2026-05-27,1000000,60,Rejected
6823,4970,2026-08-01,250000,12,KYC Pending
6824,3573,2026-01-11,400000,24,Incomplete
6825,2340,2026-01-16,200000,36,Disbursed
6826,171,2026-06-07,500000,12,Disbursed
6827,2938,2026-07-31,750000,48,KYC Pending
6828,3315,2026-03-26,250000,24,Incomplete
6829,4428,2026-08-04,1000000,24,Disbursed
6830,3522,2026-02-19,150000,24,Disbursed
6831,4335,2026-04-23,750000,12,Rejected
6832,1399,2026-08-09,400000,24,KYC Pending
6833,745,2026-02-20,500000,48,KYC Pending
6834,4764,2026-05-21,100000,24,Incomplete
6835,4400,2026-06-19,300000,12,Rejected
6836,2619,2026-04-21,500000,24,Disbursed
6837,905,2026-04-23,250000,36,Disbursed
6838,2954,2026-05-12,50000,60,Disbursed
6839,4711,2026-05-23,500000,24,Disbursed
6840,871,2026-01-23,400000,24,Disbursed
6841,867,2026-05-23,500000,24,Rejected
6842,1077,2026-04-06,750000,12,Approved
6843,304,2026-05-05,100000,36,Disbursed
6844,3132,2026-06-23,750000,60,Disbursed
6845,918,2026-05-07,750000,12,Disbursed
6846,2874,2026-08-08,100000,36,KYC Pending
6847,4425,2026-06-13,1000000,12,Disbursed
6848,4787,2026-05-14,150000,48,KYC Pending
6849,2942,2026-03-14,250000,60,Rejected
6850,2027,2026-05-05,500000,12,KYC Pending
6851,3377,2026-08-19,750000,24,Rejected
6852,2826,2026-03-02,200000,60,KYC Pending
6853,2215,2026-05-01,400000,24,Rejected
6854,1098,2026-05-11,200000,48,Rejected
6855,1485,2026-06-02,1000000,24,Rejected
6856,198,2026-06-01,150000,60,Rejected
6857,4565,2026-08-13,400000,12,KYC Pending
6858,2570,2026-05-02,250000,60,Approved
6859,2459,2026-07-30,750000,48,KYC Pending
6860,2812,2026-06-28,400000,48,Disbursed
6861,4938,2026-07-04,500000,24,Disbursed
6862,3815,2026-08-12,1000000,36,Rejected
6863,642,2026-05-08,250000,36,Approved
6864,647,2026-03-28,300000,24,Incomplete
6865,3351,2026-04-28,150000,36,Disbursed
6866,3853,2026-05-20,250000,60,KYC Pending
6867,1070,2026-07-12,500000,60,Rejected
6868,1841,2026-08-09,200000,12,Rejected
6869,774,2026-07-15,500000,24,Rejected
6870,2588,2026-05-29,300000,24,Disbursed
6871,2893,2026-01-19,500000,48,Incomplete
6872,3288,2026-08-04,50000,48,Disbursed
6873,3098,2026-04-16,150000,24,Disbursed
6874,3447,2026-02-24,50000,48,Rejected
6875,1497,2026-03-21,200000,36,Disbursed
6876,2344,2026-05-24,500000,36,Disbursed
6877,1706,2026-07-26,150000,60,Disbursed
6878,186,2026-04-12,500000,48,Disbursed
6879,735,2026-02-28,1000000,24,KYC Pending
6880,3079,2026-07-09,150000,24,Rejected
6881,1477,2026-01-23,1000000,24,Approved
6882,3887,2026-07-02,200000,36,Incomplete
6883,4540,2026-05-10,750000,12,Disbursed
6884,3655,2026-07-16,1000000,36,Disbursed
6885,948,2026-03-24,750000,60,Approved
6886,2887,2026-03-15,400000,48,Rejected
6887,2500,2026-05-04,400000,60,Incomplete
6888,2225,2026-06-11,150000,12,Rejected
6889,4779,2026-05-25,400000,60,Disbursed
6890,140,2026-03-08,100000,60,KYC Pending
6891,1925,2026-03-10,250000,48,Disbursed
6892,874,2026-04-21,150000,48,Incomplete
6893,2000,2026-06-24,150000,24,Disbursed
6894,1163,2026-02-26,150000,48,Incomplete
6895,675,2026-06-02,500000,12,Rejected
6896,258,2026-06-12,1000000,60,Rejected
6897,2211,2026-02-04,300000,24,Disbursed
6898,4815,2026-05-08,250000,36,Disbursed
6899,1759,2026-04-21,50000,36,Disbursed
6900,1484,2026-02-26,400000,48,Approved
6901,2805,2026-06-06,750000,24,Rejected
6902,1181,2026-05-03,750000,24,Approved
6903,127,2026-04-11,250000,24,Rejected
6904,3255,2026-03-26,250000,60,KYC Pending
6905,3805,2026-04-11,500000,48,Rejected
6906,761,2026-07-01,400000,12,Incomplete
6907,1182,2026-05-15,1000000,60,Rejected
6908,2954,2026-06-19,200000,12,Rejected
6909,1505,2026-06-22,50000,60,Disbursed
6910,1080,2026-04-09,300000,48,Approved
6911,1600,2026-04-23,300000,12,Rejected
6912,2402,2026-03-08,400000,12,Disbursed
6913,2471,2026-03-29,50000,12,Rejected
6914,4875,2026-08-27,100000,60,Disbursed
6915,1848,2026-06-27,400000,48,Disbursed
6916,231,2026-03-13,50000,36,Disbursed
6917,1186,2026-07-23,1000000,36,Disbursed
6918,441,2026-01-27,250000,48,Disbursed
6919,3335,2026-03-22,400000,12,KYC Pending
6920,2007,2026-04-12,100000,24,Rejected
6921,2510,2026-04-06,50000,12,Approved
6922,2104,2026-03-16,250000,60,KYC Pending
6923,3726,2026-04-21,150000,60,Approved
6924,52,2026-03-15,200000,36,Approved
6925,4143,2026-06-08,150000,36,Rejected
6926,3883,2026-05-10,150000,12,Incomplete
6927,561,2026-01-24,50000,12,Rejected
6928,4327,2026-02-14,750000,12,Rejected
6929,4483,2026-02-20,200000,24,Disbursed
6930,1370,2026-06-28,1000000,36,Rejected
6931,4666,2026-08-11,100000,12,KYC Pending
6932,909,2026-07-27,250000,48,Disbursed
6933,4064,2026-01-27,500000,24,Disbursed
6934,917,2026-03-18,750000,36,Disbursed
6935,832,2026-06-06,150000,12,Disbursed
6936,3339,2026-06-23,250000,48,Disbursed
6937,3202,2026-02-20,50000,12,Rejected
6938,2289,2026-03-26,150000,60,Disbursed
6939,3581,2026-06-29,500000,24,Rejected
6940,1243,2026-07-19,750000,24,Disbursed
6941,2591,2026-06-26,250000,24,KYC Pending
6942,2080,2026-07-02,50000,60,Disbursed
6943,2378,2026-05-22,250000,36,Disbursed
6944,4333,2026-05-22,100000,60,Disbursed
6945,205,2026-05-15,1000000,60,Rejected
6946,983,2026-04-23,500000,60,Rejected
6947,1521,2026-07-10,200000,36,Approved
6948,1168,2026-02-21,300000,48,Disbursed
6949,4061,2026-05-10,300000,12,Disbursed
6950,3194,2026-04-28,100000,36,Rejected
6951,1987,2026-03-26,200000,48,KYC Pending
6952,620,2026-05-01,150000,12,Rejected
6953,3872,2026-05-07,250000,36,KYC Pending
6954,4173,2026-04-15,300000,12,Rejected
6955,137,2026-06-24,250000,48,Disbursed
6956,338,2026-03-08,50000,24,Disbursed
6957,4640,2026-08-07,50000,24,Incomplete
6958,3119,2026-04-12,300000,60,Rejected
6959,1599,2026-02-20,300000,60,KYC Pending
6960,4429,2026-07-05,400000,60,KYC Pending
6961,1673,2026-06-18,500000,36,Disbursed
6962,895,2026-06-11,400000,24,Disbursed
6963,767,2026-04-22,300000,24,Disbursed
6964,1313,2026-04-10,400000,60,Incomplete
6965,1407,2026-01-06,200000,24,Disbursed
6966,3699,2026-07-30,400000,24,Incomplete
6967,3241,2026-03-17,150000,48,Approved
6968,284,2026-03-12,250000,60,Approved
6969,2661,2026-04-09,250000,12,Rejected
6970,3266,2026-06-02,50000,12,Rejected
6971,1553,2026-05-04,300000,48,Disbursed
6972,733,2026-07-04,200000,24,Disbursed
6973,3781,2026-04-27,750000,36,Disbursed
6974,317,2026-03-04,400000,60,Rejected
6975,1772,2026-05-27,750000,48,Approved
6976,3780,2026-07-07,300000,60,Rejected
6977,4353,2026-08-06,300000,12,Disbursed
6978,213,2026-02-26,750000,48,Rejected
6979,101,2026-05-02,300000,24,Rejected
6980,4613,2026-08-16,50000,48,Disbursed
6981,2788,2026-04-22,300000,48,Incomplete
6982,2733,2026-05-28,100000,12,Rejected
6983,1119,2026-06-14,500000,48,Approved
6984,1994,2026-08-19,50000,12,Disbursed
6985,4055,2026-02-22,300000,60,KYC Pending
6986,785,2026-04-15,500000,60,Rejected
6987,491,2026-03-30,300000,60,KYC Pending
6988,246,2026-06-14,100000,60,Incomplete
6989,2565,2026-08-05,250000,24,Disbursed
6990,4956,2026-04-25,750000,48,Rejected
6991,3898,2026-08-07,750000,48,KYC Pending
6992,3809,2026-07-23,150000,12,Disbursed
6993,2777,2026-08-07,150000,48,KYC Pending
6994,82,2026-07-12,100000,36,Disbursed
6995,256,2026-03-31,500000,24,Approved
6996,4780,2026-08-18,1000000,36,Disbursed
6997,4455,2026-07-14,750000,60,Rejected
6998,3353,2026-02-08,1000000,24,Disbursed
6999,1611,2026-06-17,750000,12,KYC Pending
7000,2953,2026-05-10,200000,12,Disbursed
