user_id,signup_date,city,age,acquisition_channel
1,2026-06-13,Mumbai,22,Organic
2,2026-03-04,Gurugram,29,Organic
3,2026-06-23,Mumbai,48,Google Ads
4,2026-01-24,Gurugram,35,Instagram
5,2026-01-07,Gurugram,55,Instagram
6,2026-04-25,Pune,21,Organic
7,2026-02-10,Chennai,42,Google Ads
8,2026-02-25,Hyderabad,27,Google Ads
9,2026-01-25,Hyderabad,43,Organic
10,2026-07-26,Delhi,50,Instagram
11,2026-04-07,Mumbai,39,Referral
12,2026-06-08,Hyderabad,33,Organic
13,2026-01-12,Gurugram,39,Referral
14,2026-03-01,Mumbai,45,Google Ads
15,2026-06-12,Hyderabad,31,Instagram
16,2026-02-23,Pune,25,Organic
17,2026-02-13,Gurugram,31,Instagram
18,2026-03-11,Gurugram,41,Referral
19,2026-07-18,Delhi,35,Referral
20,2026-07-26,Hyderabad,46,Google Ads
21,2026-02-24,Hyderabad,34,Organic
22,2026-04-12,Jaipur,30,Google Ads
23,2026-03-05,Pune,48,Referral
24,2026-04-13,Hyderabad,35,Referral
25,2026-02-05,Jaipur,26,Organic
26,2026-01-29,Bengaluru,31,Organic
27,2026-04-19,Mumbai,45,Instagram
28,2026-04-30,Pune,21,Organic
29,2026-01-30,Pune,42,Google Ads
30,2026-04-22,Bengaluru,50,Google Ads
31,2026-07-04,Pune,53,Organic
32,2026-05-10,Mumbai,40,Referral
33,2026-05-10,Gurugram,30,Instagram
34,2026-02-11,Delhi,41,Instagram
35,2026-01-29,Hyderabad,40,Google Ads
36,2026-03-03,Mumbai,26,Organic
37,2026-07-28,Mumbai,55,Organic
38,2026-02-02,Jaipur,31,Google Ads
39,2026-06-05,Chennai,34,Referral
40,2026-07-13,Gurugram,40,Instagram
41,2026-06-21,Hyderabad,49,Referral
42,2026-04-26,Mumbai,36,Google Ads
43,2026-03-28,Delhi,35,Organic
44,2026-01-02,Mumbai,24,Google Ads
45,2026-01-09,Hyderabad,25,Instagram
46,2026-03-13,Jaipur,34,Instagram
47,2026-07-05,Jaipur,36,Organic
48,2026-07-26,Chennai,33,Google Ads
49,2026-06-18,Chennai,43,Instagram
50,2026-04-30,Delhi,27,Google Ads
51,2026-07-06,Hyderabad,27,Google Ads
52,2026-02-18,Jaipur,29,Instagram
53,2026-03-13,Jaipur,36,Referral
54,2026-01-20,Jaipur,27,Google Ads
55,2026-05-19,Delhi,26,Referral
56,2026-03-02,Bengaluru,47,Instagram
57,2026-02-24,Chennai,24,Google Ads
58,2026-01-01,Chennai,37,Referral
59,2026-07-20,Jaipur,39,Instagram
60,2026-07-07,Jaipur,30,Google Ads
61,2026-02-25,Delhi,55,Google Ads
62,2026-03-22,Delhi,24,Organic
63,2026-05-09,Bengaluru,24,Referral
64,2026-01-21,Bengaluru,25,Organic
65,2026-06-22,Gurugram,46,Google Ads
66,2026-05-26,Gurugram,23,Organic
67,2026-04-18,Hyderabad,37,Google Ads
68,2026-07-03,Hyderabad,36,Google Ads
69,2026-02-03,Pune,50,Instagram
70,2026-07-12,Mumbai,21,Instagram
71,2026-05-25,Mumbai,25,Instagram
72,2026-05-10,Pune,29,Referral
73,2026-01-18,Gurugram,44,Google Ads
74,2026-04-23,Pune,54,Google Ads
75,2026-07-29,Pune,27,Referral
76,2026-02-04,Pune,28,Referral
77,2026-07-10,Bengaluru,38,Google Ads
78,2026-02-23,Hyderabad,34,Organic
79,2026-03-09,Jaipur,37,Referral
80,2026-01-14,Mumbai,48,Referral
81,2026-01-12,Delhi,42,Organic
82,2026-06-13,Pune,31,Organic
83,2026-05-22,Chennai,21,Google Ads
84,2026-06-26,Bengaluru,55,Google Ads
85,2026-04-05,Bengaluru,48,Google Ads
86,2026-03-20,Hyderabad,23,Referral
87,2026-02-23,Gurugram,27,Instagram
88,2026-05-24,Chennai,30,Referral
89,2026-03-02,Bengaluru,32,Referral
90,2026-01-07,Bengaluru,42,Organic
91,2026-04-16,Gurugram,38,Google Ads
92,2026-06-29,Mumbai,45,Referral
93,2026-05-01,Gurugram,33,Referral
94,2026-04-28,Hyderabad,40,Referral
95,2026-02-28,Gurugram,22,Organic
96,2026-04-13,Hyderabad,38,Referral
97,2026-07-17,Pune,43,Organic
98,2026-04-13,Hyderabad,22,Google Ads
99,2026-03-08,Bengaluru,37,Google Ads
100,2026-06-02,Chennai,43,Organic
101,2026-03-22,Chennai,53,Google Ads
102,2026-05-28,Gurugram,37,Google Ads
103,2026-04-22,Delhi,54,Referral
104,2026-05-18,Gurugram,44,Instagram
105,2026-06-20,Hyderabad,41,Organic
106,2026-02-01,Pune,53,Instagram
107,2026-04-15,Hyderabad,46,Organic
108,2026-05-22,Bengaluru,33,Instagram
109,2026-04-08,Bengaluru,40,Instagram
110,2026-01-01,Pune,39,Google Ads
111,2026-07-21,Hyderabad,50,Instagram
112,2026-06-22,Gurugram,53,Instagram
113,2026-07-23,Bengaluru,26,Google Ads
114,2026-06-19,Hyderabad,26,Referral
115,2026-07-12,Gurugram,40,Google Ads
116,2026-02-20,Bengaluru,22,Google Ads
117,2026-05-02,Mumbai,50,Instagram
118,2026-06-11,Gurugram,45,Instagram
119,2026-03-04,Bengaluru,21,Referral
120,2026-07-17,Mumbai,48,Google Ads
121,2026-07-25,Jaipur,24,Organic
122,2026-02-01,Jaipur,29,Referral
123,2026-06-20,Hyderabad,49,Organic
124,2026-07-04,Chennai,49,Referral
125,2026-07-10,Jaipur,49,Google Ads
126,2026-03-05,Pune,54,Instagram
127,2026-03-03,Pune,49,Google Ads
128,2026-03-15,Gurugram,38,Instagram
129,2026-05-19,Mumbai,29,Google Ads
130,2026-04-09,Bengaluru,34,Google Ads
131,2026-04-15,Hyderabad,55,Instagram
132,2026-01-16,Gurugram,47,Instagram
133,2026-07-17,Delhi,45,Instagram
134,2026-04-01,Pune,45,Referral
135,2026-04-18,Gurugram,52,Google Ads
136,2026-04-22,Jaipur,22,Instagram
137,2026-06-21,Chennai,31,Referral
138,2026-02-02,Delhi,46,Organic
139,2026-06-19,Delhi,26,Organic
140,2026-02-04,Jaipur,32,Google Ads
141,2026-04-08,Hyderabad,34,Instagram
142,2026-03-28,Chennai,38,Organic
143,2026-04-18,Pune,26,Instagram
144,2026-07-11,Delhi,43,Google Ads
145,2026-01-18,Delhi,22,Referral
146,2026-02-21,Delhi,30,Google Ads
147,2026-05-02,Mumbai,34,Instagram
148,2026-03-07,Hyderabad,31,Organic
149,2026-07-11,Mumbai,31,Referral
150,2026-01-28,Delhi,40,Organic
151,2026-04-07,Chennai,33,Google Ads
152,2026-06-26,Gurugram,27,Organic
153,2026-03-19,Mumbai,23,Instagram
154,2026-04-20,Hyderabad,25,Instagram
155,2026-03-29,Delhi,47,Referral
156,2026-01-28,Chennai,44,Organic
157,2026-04-28,Bengaluru,48,Google Ads
158,2026-05-14,Pune,55,Organic
159,2026-04-30,Chennai,38,Instagram
160,2026-03-04,Mumbai,38,Referral
161,2026-03-04,Jaipur,45,Instagram
162,2026-05-07,Hyderabad,32,Instagram
163,2026-04-01,Pune,42,Google Ads
164,2026-06-02,Pune,21,Instagram
165,2026-02-18,Mumbai,36,Organic
166,2026-05-06,Gurugram,51,Organic
167,2026-05-06,Jaipur,22,Google Ads
168,2026-02-26,Chennai,36,Instagram
169,2026-05-29,Hyderabad,51,Organic
170,2026-03-30,Chennai,42,Instagram
171,2026-04-27,Pune,40,Google Ads
172,2026-01-31,Gurugram,41,Google Ads
173,2026-05-18,Bengaluru,33,Google Ads
174,2026-05-04,Pune,54,Organic
175,2026-01-26,Gurugram,39,Google Ads
176,2026-02-15,Pune,21,Organic
177,2026-02-02,Pune,23,Referral
178,2026-05-22,Pune,29,Organic
179,2026-07-12,Jaipur,27,Referral
180,2026-05-27,Pune,51,Instagram
181,2026-03-29,Bengaluru,24,Google Ads
182,2026-05-03,Mumbai,25,Instagram
183,2026-01-19,Delhi,30,Google Ads
184,2026-05-25,Pune,26,Referral
185,2026-01-31,Chennai,35,Organic
186,2026-04-08,Jaipur,49,Google Ads
187,2026-05-31,Chennai,40,Organic
188,2026-01-16,Mumbai,34,Organic
189,2026-03-09,Mumbai,31,Google Ads
190,2026-05-22,Mumbai,31,Google Ads
191,2026-04-26,Jaipur,39,Google Ads
192,2026-03-15,Pune,50,Google Ads
193,2026-03-01,Pune,33,Instagram
194,2026-05-20,Gurugram,30,Referral
195,2026-07-31,Bengaluru,25,Google Ads
196,2026-07-22,Pune,39,Instagram
197,2026-04-30,Pune,46,Referral
198,2026-05-09,Jaipur,49,Google Ads
199,2026-01-11,Chennai,41,Organic
200,2026-01-07,Mumbai,35,Referral
201,2026-05-28,Delhi,38,Organic
202,2026-07-15,Bengaluru,51,Instagram
203,2026-04-24,Pune,32,Referral
204,2026-04-22,Jaipur,26,Instagram
205,2026-04-15,Hyderabad,41,Organic
206,2026-02-11,Hyderabad,47,Organic
207,2026-03-15,Chennai,23,Instagram
208,2026-03-22,Pune,41,Google Ads
209,2026-07-17,Chennai,53,Referral
210,2026-01-01,Jaipur,47,Google Ads
211,2026-05-13,Hyderabad,52,Organic
212,2026-07-14,Delhi,34,Google Ads
213,2026-02-03,Pune,49,Referral
214,2026-05-05,Mumbai,22,Referral
215,2026-06-05,Gurugram,31,Instagram
216,2026-01-04,Chennai,26,Google Ads
217,2026-01-30,Jaipur,28,Organic
218,2026-02-09,Jaipur,39,Instagram
219,2026-03-11,Chennai,51,Referral
220,2026-03-04,Jaipur,30,Instagram
221,2026-06-03,Bengaluru,25,Google Ads
222,2026-07-22,Chennai,42,Referral
223,2026-05-10,Pune,21,Google Ads
224,2026-03-18,Jaipur,30,Instagram
225,2026-05-04,Hyderabad,42,Organic
226,2026-05-20,Chennai,50,Referral
227,2026-02-18,Gurugram,45,Google Ads
228,2026-07-18,Chennai,23,Instagram
229,2026-05-02,Chennai,45,Referral
230,2026-07-22,Bengaluru,52,Referral
231,2026-02-02,Hyderabad,27,Referral
232,2026-04-23,Mumbai,54,Referral
233,2026-01-04,Bengaluru,47,Referral
234,2026-02-09,Mumbai,51,Organic
235,2026-03-09,Hyderabad,46,Organic
236,2026-03-26,Chennai,41,Organic
237,2026-07-14,Jaipur,55,Google Ads
238,2026-01-18,Gurugram,39,Referral
239,2026-07-11,Mumbai,48,Referral
240,2026-07-14,Mumbai,49,Google Ads
241,2026-03-18,Delhi,23,Instagram
242,2026-01-15,Pune,43,Instagram
243,2026-02-07,Gurugram,54,Instagram
244,2026-06-24,Bengaluru,31,Google Ads
245,2026-06-06,Chennai,36,Instagram
246,2026-05-30,Bengaluru,35,Instagram
247,2026-03-07,Jaipur,37,Organic
248,2026-07-25,Jaipur,39,Organic
249,2026-02-10,Mumbai,49,Referral
250,2026-05-31,Pune,48,Organic
251,2026-04-27,Pune,33,Referral
252,2026-05-04,Mumbai,36,Instagram
253,2026-04-02,Pune,39,Google Ads
254,2026-06-18,Chennai,38,Google Ads
255,2026-06-25,Delhi,52,Referral
256,2026-03-15,Gurugram,43,Google Ads
257,2026-02-18,Pune,29,Organic
258,2026-06-10,Delhi,40,Organic
259,2026-01-09,Hyderabad,29,Google Ads
260,2026-03-17,Hyderabad,47,Google Ads
261,2026-02-03,Hyderabad,54,Instagram
262,2026-03-11,Bengaluru,37,Referral
263,2026-05-04,Pune,42,Referral
264,2026-04-30,Mumbai,30,Organic
265,2026-02-27,Chennai,44,Google Ads
266,2026-04-12,Delhi,37,Instagram
267,2026-04-27,Hyderabad,37,Organic
268,2026-07-30,Hyderabad,27,Organic
269,2026-05-01,Delhi,41,Referral
270,2026-02-26,Mumbai,50,Referral
271,2026-03-19,Chennai,28,Google Ads
272,2026-01-10,Pune,52,Google Ads
273,2026-03-02,Bengaluru,45,Instagram
274,2026-06-21,Chennai,30,Referral
275,2026-06-17,Mumbai,52,Organic
276,2026-03-13,Delhi,44,Google Ads
277,2026-04-24,Gurugram,44,Google Ads
278,2026-06-25,Hyderabad,55,Referral
279,2026-06-15,Hyderabad,24,Instagram
280,2026-02-18,Mumbai,50,Google Ads
281,2026-02-24,Delhi,24,Organic
282,2026-03-04,Bengaluru,34,Google Ads
283,2026-07-15,Gurugram,34,Referral
284,2026-03-01,Hyderabad,30,Organic
285,2026-06-02,Delhi,38,Referral
286,2026-02-07,Bengaluru,55,Google Ads
287,2026-02-14,Mumbai,22,Google Ads
288,2026-04-02,Gurugram,41,Google Ads
289,2026-03-09,Delhi,29,Organic
290,2026-05-15,Mumbai,25,Instagram
291,2026-07-19,Hyderabad,53,Organic
292,2026-04-26,Gurugram,23,Organic
293,2026-06-18,Pune,50,Organic
294,2026-01-08,Delhi,51,Referral
295,2026-04-20,Mumbai,52,Organic
296,2026-04-24,Mumbai,26,Instagram
297,2026-02-07,Mumbai,29,Google Ads
298,2026-06-12,Hyderabad,45,Referral
299,2026-05-16,Pune,50,Instagram
300,2026-04-21,Mumbai,28,Referral
301,2026-06-16,Gurugram,48,Instagram
302,2026-02-28,Chennai,42,Referral
303,2026-04-13,Chennai,27,Instagram
304,2026-03-22,Pune,44,Referral
305,2026-06-25,Jaipur,25,Google Ads
306,2026-01-22,Mumbai,48,Google Ads
307,2026-07-09,Hyderabad,29,Organic
308,2026-05-31,Hyderabad,28,Instagram
309,2026-06-20,Chennai,24,Referral
310,2026-06-03,Pune,43,Google Ads
311,2026-05-10,Gurugram,30,Organic
312,2026-02-27,Mumbai,43,Referral
313,2026-04-05,Mumbai,38,Organic
314,2026-07-26,Chennai,22,Organic
315,2026-06-18,Pune,22,Google Ads
316,2026-06-29,Pune,42,Instagram
317,2026-02-16,Bengaluru,46,Google Ads
318,2026-07-09,Delhi,26,Organic
319,2026-02-25,Chennai,47,Instagram
320,2026-02-10,Hyderabad,40,Organic
321,2026-07-18,Mumbai,24,Google Ads
322,2026-07-13,Delhi,26,Google Ads
323,2026-06-19,Chennai,52,Organic
324,2026-04-17,Pune,34,Organic
325,2026-01-30,Hyderabad,48,Google Ads
326,2026-06-23,Jaipur,54,Organic
327,2026-01-12,Gurugram,46,Referral
328,2026-01-15,Delhi,34,Instagram
329,2026-02-24,Bengaluru,37,Google Ads
330,2026-01-31,Delhi,52,Organic
331,2026-02-14,Bengaluru,45,Instagram
332,2026-02-28,Hyderabad,25,Instagram
333,2026-07-09,Delhi,48,Google Ads
334,2026-01-20,Hyderabad,48,Organic
335,2026-07-01,Chennai,39,Google Ads
336,2026-01-06,Hyderabad,31,Referral
337,2026-06-08,Jaipur,44,Google Ads
338,2026-01-28,Gurugram,48,Organic
339,2026-05-15,Mumbai,46,Referral
340,2026-07-10,Hyderabad,35,Instagram
341,2026-02-13,Mumbai,53,Organic
342,2026-05-16,Gurugram,43,Instagram
343,2026-07-29,Bengaluru,36,Google Ads
344,2026-03-07,Gurugram,32,Organic
345,2026-07-14,Mumbai,32,Referral
346,2026-06-10,Jaipur,50,Organic
347,2026-07-14,Jaipur,41,Referral
348,2026-06-10,Hyderabad,30,Instagram
349,2026-05-01,Jaipur,40,Organic
350,2026-06-01,Delhi,43,Instagram
351,2026-03-21,Jaipur,49,Google Ads
352,2026-04-05,Pune,25,Organic
353,2026-01-24,Chennai,50,Organic
354,2026-07-22,Delhi,49,Referral
355,2026-05-27,Gurugram,41,Organic
356,2026-05-09,Bengaluru,24,Instagram
357,2026-07-27,Hyderabad,26,Instagram
358,2026-02-14,Delhi,36,Organic
359,2026-04-23,Bengaluru,44,Instagram
360,2026-03-14,Chennai,47,Organic
361,2026-06-23,Delhi,42,Google Ads
362,2026-01-25,Chennai,39,Google Ads
363,2026-06-18,Bengaluru,42,Google Ads
364,2026-06-19,Bengaluru,43,Instagram
365,2026-06-17,Chennai,29,Organic
366,2026-01-22,Pune,45,Organic
367,2026-03-26,Bengaluru,54,Google Ads
368,2026-06-21,Chennai,53,Instagram
369,2026-04-03,Pune,32,Referral
370,2026-03-29,Jaipur,33,Google Ads
371,2026-02-05,Bengaluru,25,Google Ads
372,2026-07-21,Mumbai,53,Organic
373,2026-07-09,Delhi,42,Referral
374,2026-06-08,Bengaluru,45,Google Ads
375,2026-02-16,Bengaluru,49,Google Ads
376,2026-04-04,Gurugram,49,Organic
377,2026-07-12,Jaipur,35,Instagram
378,2026-03-21,Jaipur,33,Instagram
379,2026-05-27,Jaipur,50,Organic
380,2026-07-19,Chennai,53,Instagram
381,2026-02-11,Gurugram,29,Referral
382,2026-01-14,Jaipur,44,Organic
383,2026-01-27,Mumbai,39,Google Ads
384,2026-02-11,Pune,49,Referral
385,2026-02-07,Chennai,26,Referral
386,2026-02-26,Jaipur,43,Referral
387,2026-04-17,Delhi,46,Instagram
388,2026-03-02,Chennai,26,Instagram
389,2026-01-08,Hyderabad,27,Referral
390,2026-06-16,Hyderabad,30,Google Ads
391,2026-03-15,Jaipur,29,Organic
392,2026-05-01,Jaipur,21,Referral
393,2026-01-05,Pune,34,Referral
394,2026-05-21,Chennai,28,Organic
395,2026-03-02,Pune,28,Google Ads
396,2026-04-18,Jaipur,25,Google Ads
397,2026-05-08,Delhi,53,Organic
398,2026-07-03,Bengaluru,39,Instagram
399,2026-06-07,Hyderabad,36,Organic
400,2026-02-17,Mumbai,54,Referral
401,2026-01-18,Delhi,45,Referral
402,2026-01-12,Chennai,44,Google Ads
403,2026-01-05,Hyderabad,25,Instagram
404,2026-07-07,Mumbai,42,Google Ads
405,2026-04-01,Hyderabad,32,Referral
406,2026-06-25,Jaipur,51,Organic
407,2026-07-27,Bengaluru,25,Organic
408,2026-04-28,Delhi,39,Google Ads
409,2026-07-22,Gurugram,23,Instagram
410,2026-03-21,Chennai,55,Instagram
411,2026-01-10,Gurugram,39,Instagram
412,2026-07-19,Delhi,42,Google Ads
413,2026-07-24,Hyderabad,48,Referral
414,2026-07-10,Jaipur,45,Instagram
415,2026-02-17,Jaipur,52,Instagram
416,2026-07-24,Pune,26,Organic
417,2026-01-21,Chennai,32,Instagram
418,2026-03-24,Mumbai,26,Instagram
419,2026-03-17,Pune,49,Organic
420,2026-04-20,Bengaluru,49,Instagram
421,2026-01-11,Hyderabad,48,Google Ads
422,2026-07-22,Delhi,25,Organic
423,2026-04-14,Hyderabad,53,Referral
424,2026-06-23,Bengaluru,22,Google Ads
425,2026-06-05,Jaipur,23,Google Ads
426,2026-03-02,Hyderabad,44,Instagram
427,2026-05-26,Delhi,30,Organic
428,2026-04-05,Hyderabad,49,Organic
429,2026-05-27,Bengaluru,54,Instagram
430,2026-03-22,Pune,36,Referral
431,2026-01-07,Bengaluru,52,Instagram
432,2026-05-24,Mumbai,37,Organic
433,2026-06-30,Jaipur,34,Referral
434,2026-03-15,Jaipur,33,Google Ads
435,2026-01-19,Jaipur,32,Referral
436,2026-04-24,Mumbai,41,Organic
437,2026-07-01,Mumbai,55,Google Ads
438,2026-03-18,Bengaluru,32,Organic
439,2026-05-11,Gurugram,28,Referral
440,2026-07-22,Bengaluru,36,Organic
441,2026-01-07,Hyderabad,44,Instagram
442,2026-05-22,Bengaluru,26,Google Ads
443,2026-04-12,Jaipur,54,Instagram
444,2026-04-15,Mumbai,29,Referral
445,2026-06-14,Mumbai,49,Instagram
446,2026-05-13,Hyderabad,29,Referral
447,2026-07-19,Bengaluru,29,Instagram
448,2026-01-15,Mumbai,54,Google Ads
449,2026-02-12,Bengaluru,41,Referral
450,2026-02-27,Hyderabad,54,Referral
451,2026-01-21,Pune,33,Organic
452,2026-05-22,Pune,29,Organic
453,2026-06-07,Mumbai,53,Organic
454,2026-06-01,Bengaluru,31,Organic
455,2026-07-04,Hyderabad,23,Referral
456,2026-01-08,Mumbai,23,Referral
457,2026-07-17,Pune,34,Organic
458,2026-04-17,Delhi,52,Referral
459,2026-05-20,Pune,40,Instagram
460,2026-07-26,Chennai,40,Instagram
461,2026-06-26,Delhi,31,Instagram
462,2026-05-04,Jaipur,34,Instagram
463,2026-02-06,Hyderabad,41,Organic
464,2026-03-30,Chennai,29,Organic
465,2026-05-12,Mumbai,41,Google Ads
466,2026-02-01,Pune,49,Google Ads
467,2026-01-25,Delhi,39,Referral
468,2026-06-07,Chennai,36,Referral
469,2026-02-10,Hyderabad,41,Google Ads
470,2026-02-10,Jaipur,53,Instagram
471,2026-03-20,Jaipur,22,Google Ads
472,2026-04-11,Jaipur,36,Google Ads
473,2026-04-01,Delhi,24,Google Ads
474,2026-06-02,Jaipur,39,Instagram
475,2026-01-28,Chennai,29,Referral
476,2026-07-06,Hyderabad,46,Instagram
477,2026-04-13,Delhi,33,Instagram
478,2026-03-15,Mumbai,45,Instagram
479,2026-07-15,Pune,28,Google Ads
480,2026-01-25,Chennai,44,Organic
481,2026-03-28,Hyderabad,30,Google Ads
482,2026-05-11,Chennai,53,Google Ads
483,2026-01-10,Bengaluru,42,Referral
484,2026-05-13,Jaipur,30,Organic
485,2026-05-12,Bengaluru,41,Referral
486,2026-03-23,Bengaluru,46,Referral
487,2026-07-09,Pune,42,Instagram
488,2026-05-11,Jaipur,40,Instagram
489,2026-01-05,Hyderabad,42,Organic
490,2026-04-17,Pune,22,Organic
491,2026-03-09,Gurugram,24,Organic
492,2026-02-13,Chennai,30,Referral
493,2026-03-04,Delhi,28,Google Ads
494,2026-04-23,Hyderabad,47,Google Ads
495,2026-06-26,Gurugram,47,Instagram
496,2026-06-06,Jaipur,24,Organic
497,2026-05-13,Gurugram,41,Referral
498,2026-05-03,Chennai,41,Referral
499,2026-04-28,Hyderabad,55,Instagram
500,2026-07-17,Pune,51,Google Ads
501,2026-03-05,Pune,40,Google Ads
502,2026-03-18,Pune,34,Organic
503,2026-05-06,Hyderabad,51,Instagram
504,2026-07-23,Pune,39,Google Ads
505,2026-06-23,Chennai,46,Referral
506,2026-07-17,Bengaluru,39,Google Ads
507,2026-07-02,Mumbai,43,Referral
508,2026-06-17,Pune,51,Google Ads
509,2026-07-31,Pune,38,Google Ads
510,2026-06-07,Gurugram,36,Google Ads
511,2026-05-16,Gurugram,35,Google Ads
512,2026-04-16,Hyderabad,51,Google Ads
513,2026-07-17,Bengaluru,21,Referral
514,2026-02-10,Chennai,51,Instagram
515,2026-02-21,Pune,41,Google Ads
516,2026-01-16,Mumbai,35,Instagram
517,2026-07-05,Delhi,32,Instagram
518,2026-02-15,Delhi,46,Organic
519,2026-02-17,Pune,23,Google Ads
520,2026-05-26,Mumbai,42,Google Ads
521,2026-06-14,Jaipur,29,Referral
522,2026-04-30,Pune,33,Referral
523,2026-03-26,Bengaluru,50,Organic
524,2026-07-03,Bengaluru,21,Organic
525,2026-07-22,Pune,33,Google Ads
526,2026-06-13,Chennai,48,Instagram
527,2026-01-23,Chennai,27,Google Ads
528,2026-02-05,Jaipur,41,Referral
529,2026-01-02,Pune,45,Google Ads
530,2026-07-12,Pune,42,Instagram
531,2026-07-05,Delhi,37,Organic
532,2026-06-27,Gurugram,24,Organic
533,2026-04-30,Pune,31,Instagram
534,2026-05-09,Pune,28,Organic
535,2026-03-17,Hyderabad,35,Google Ads
536,2026-02-04,Jaipur,30,Instagram
537,2026-06-05,Hyderabad,47,Organic
538,2026-05-01,Gurugram,36,Organic
539,2026-06-02,Mumbai,54,Instagram
540,2026-06-30,Hyderabad,25,Referral
541,2026-01-29,Delhi,53,Google Ads
542,2026-05-18,Bengaluru,31,Instagram
543,2026-05-14,Jaipur,28,Organic
544,2026-07-03,Jaipur,26,Referral
545,2026-04-25,Delhi,50,Google Ads
546,2026-04-17,Jaipur,24,Organic
547,2026-06-22,Pune,22,Instagram
548,2026-07-29,Delhi,34,Organic
549,2026-01-12,Chennai,43,Organic
550,2026-05-19,Delhi,25,Referral
551,2026-05-01,Delhi,39,Instagram
552,2026-07-16,Bengaluru,47,Instagram
553,2026-04-08,Jaipur,45,Instagram
554,2026-06-24,Bengaluru,43,Google Ads
555,2026-05-18,Chennai,54,Google Ads
556,2026-02-27,Delhi,22,Referral
557,2026-04-29,Chennai,55,Instagram
558,2026-02-28,Gurugram,50,Instagram
559,2026-03-12,Gurugram,28,Google Ads
560,2026-06-19,Chennai,22,Google Ads
561,2026-01-18,Mumbai,23,Instagram
562,2026-06-22,Delhi,36,Organic
563,2026-04-13,Jaipur,35,Instagram
564,2026-07-13,Delhi,29,Instagram
565,2026-03-16,Gurugram,41,Organic
566,2026-07-17,Hyderabad,36,Instagram
567,2026-02-06,Gurugram,47,Instagram
568,2026-01-16,Bengaluru,48,Organic
569,2026-01-13,Hyderabad,45,Organic
570,2026-03-23,Chennai,47,Google Ads
571,2026-04-07,Bengaluru,55,Instagram
572,2026-02-27,Pune,30,Referral
573,2026-01-15,Chennai,47,Organic
574,2026-02-04,Chennai,36,Google Ads
575,2026-03-26,Mumbai,49,Referral
576,2026-01-24,Gurugram,24,Google Ads
577,2026-06-22,Delhi,25,Google Ads
578,2026-07-14,Gurugram,51,Google Ads
579,2026-03-27,Pune,21,Google Ads
580,2026-02-18,Mumbai,51,Referral
581,2026-06-28,Gurugram,46,Referral
582,2026-05-22,Hyderabad,39,Instagram
583,2026-05-17,Hyderabad,40,Google Ads
584,2026-05-12,Jaipur,50,Google Ads
585,2026-07-04,Jaipur,41,Referral
586,2026-04-05,Hyderabad,47,Google Ads
587,2026-02-26,Bengaluru,22,Google Ads
588,2026-05-30,Chennai,39,Google Ads
589,2026-03-26,Gurugram,45,Organic
590,2026-03-04,Jaipur,42,Google Ads
591,2026-07-30,Jaipur,52,Instagram
592,2026-07-07,Hyderabad,31,Google Ads
593,2026-05-20,Jaipur,32,Referral
594,2026-05-19,Delhi,54,Google Ads
595,2026-01-20,Delhi,21,Instagram
596,2026-06-11,Gurugram,25,Organic
597,2026-01-03,Gurugram,53,Instagram
598,2026-01-16,Jaipur,52,Google Ads
599,2026-05-17,Chennai,21,Google Ads
600,2026-07-04,Pune,55,Referral
601,2026-01-05,Chennai,32,Google Ads
602,2026-01-25,Bengaluru,36,Google Ads
603,2026-05-15,Pune,43,Google Ads
604,2026-04-12,Mumbai,44,Referral
605,2026-04-28,Gurugram,35,Google Ads
606,2026-07-31,Mumbai,23,Google Ads
607,2026-04-08,Chennai,51,Google Ads
608,2026-01-03,Bengaluru,26,Instagram
609,2026-04-22,Hyderabad,27,Referral
610,2026-01-11,Gurugram,34,Referral
611,2026-06-27,Jaipur,38,Google Ads
612,2026-01-20,Pune,55,Organic
613,2026-01-09,Bengaluru,41,Google Ads
614,2026-02-23,Bengaluru,46,Referral
615,2026-03-18,Bengaluru,36,Organic
616,2026-04-10,Hyderabad,45,Organic
617,2026-02-05,Mumbai,53,Organic
618,2026-03-30,Delhi,27,Instagram
619,2026-01-20,Hyderabad,46,Referral
620,2026-03-25,Delhi,38,Organic
621,2026-04-26,Jaipur,35,Instagram
622,2026-04-07,Chennai,32,Organic
623,2026-06-19,Chennai,26,Organic
624,2026-03-17,Gurugram,25,Google Ads
625,2026-02-09,Chennai,30,Organic
626,2026-03-23,Hyderabad,27,Google Ads
627,2026-03-20,Jaipur,44,Organic
628,2026-01-27,Bengaluru,26,Google Ads
629,2026-04-25,Chennai,27,Google Ads
630,2026-04-01,Mumbai,41,Referral
631,2026-01-04,Pune,47,Instagram
632,2026-01-22,Gurugram,54,Google Ads
633,2026-04-08,Bengaluru,29,Google Ads
634,2026-03-10,Jaipur,30,Google Ads
635,2026-04-22,Pune,47,Google Ads
636,2026-07-20,Mumbai,44,Google Ads
637,2026-03-05,Jaipur,33,Instagram
638,2026-02-04,Pune,21,Referral
639,2026-03-27,Chennai,42,Instagram
640,2026-04-21,Bengaluru,40,Instagram
641,2026-06-27,Gurugram,51,Instagram
642,2026-04-12,Hyderabad,39,Organic
643,2026-06-12,Jaipur,36,Instagram
644,2026-03-13,Chennai,44,Google Ads
645,2026-05-25,Gurugram,55,Google Ads
646,2026-07-16,Delhi,50,Referral
647,2026-02-23,Jaipur,39,Referral
648,2026-01-18,Chennai,52,Google Ads
649,2026-03-19,Gurugram,37,Organic
650,2026-07-03,Chennai,45,Google Ads
651,2026-06-03,Jaipur,46,Instagram
652,2026-06-27,Chennai,55,Google Ads
653,2026-04-03,Mumbai,27,Organic
654,2026-06-18,Hyderabad,31,Organic
655,2026-01-12,Chennai,42,Referral
656,2026-04-21,Mumbai,21,Google Ads
657,2026-02-26,Gurugram,49,Instagram
658,2026-04-29,Bengaluru,43,Referral
659,2026-05-04,Mumbai,39,Instagram
660,2026-01-22,Mumbai,30,Instagram
661,2026-03-29,Jaipur,34,Instagram
662,2026-03-31,Jaipur,27,Instagram
663,2026-06-28,Jaipur,41,Google Ads
664,2026-01-12,Mumbai,22,Referral
665,2026-06-15,Mumbai,31,Referral
666,2026-07-09,Gurugram,54,Google Ads
667,2026-02-10,Hyderabad,48,Referral
668,2026-03-01,Chennai,32,Google Ads
669,2026-06-18,Chennai,46,Google Ads
670,2026-06-07,Gurugram,49,Organic
671,2026-04-10,Delhi,34,Google Ads
672,2026-07-12,Mumbai,27,Organic
673,2026-05-18,Bengaluru,44,Instagram
674,2026-04-28,Mumbai,37,Organic
675,2026-05-06,Hyderabad,45,Organic
676,2026-05-31,Mumbai,43,Instagram
677,2026-04-28,Bengaluru,40,Referral
678,2026-06-01,Mumbai,29,Instagram
679,2026-03-03,Pune,28,Google Ads
680,2026-06-27,Bengaluru,53,Instagram
681,2026-06-02,Bengaluru,45,Instagram
682,2026-05-05,Bengaluru,31,Instagram
683,2026-02-05,Bengaluru,41,Referral
684,2026-06-08,Delhi,43,Referral
685,2026-05-05,Bengaluru,33,Referral
686,2026-05-24,Jaipur,47,Organic
687,2026-04-17,Jaipur,52,Google Ads
688,2026-05-25,Delhi,35,Google Ads
689,2026-03-12,Gurugram,55,Google Ads
690,2026-07-19,Jaipur,52,Instagram
691,2026-01-29,Mumbai,38,Organic
692,2026-07-30,Hyderabad,55,Referral
693,2026-01-11,Jaipur,55,Google Ads
694,2026-04-19,Mumbai,36,Google Ads
695,2026-01-09,Jaipur,37,Instagram
696,2026-07-29,Mumbai,49,Referral
697,2026-01-31,Gurugram,34,Referral
698,2026-05-31,Hyderabad,48,Google Ads
699,2026-02-05,Gurugram,34,Referral
700,2026-05-26,Hyderabad,55,Google Ads
701,2026-05-18,Bengaluru,41,Referral
702,2026-03-16,Pune,38,Referral
703,2026-05-12,Mumbai,29,Referral
704,2026-07-21,Chennai,24,Referral
705,2026-06-17,Bengaluru,29,Google Ads
706,2026-07-02,Hyderabad,36,Organic
707,2026-06-23,Chennai,52,Google Ads
708,2026-06-11,Pune,47,Instagram
709,2026-01-20,Mumbai,46,Instagram
710,2026-03-13,Hyderabad,50,Referral
711,2026-03-25,Delhi,26,Organic
712,2026-04-28,Hyderabad,25,Organic
713,2026-04-12,Gurugram,48,Referral
714,2026-05-07,Pune,41,Referral
715,2026-03-28,Bengaluru,52,Organic
716,2026-06-24,Delhi,23,Google Ads
717,2026-07-20,Jaipur,22,Google Ads
718,2026-02-10,Jaipur,50,Google Ads
719,2026-04-20,Gurugram,29,Referral
720,2026-03-19,Bengaluru,38,Google Ads
721,2026-04-03,Pune,26,Instagram
722,2026-06-16,Bengaluru,24,Instagram
723,2026-03-20,Gurugram,48,Organic
724,2026-06-30,Mumbai,21,Google Ads
725,2026-01-20,Bengaluru,35,Instagram
726,2026-04-24,Delhi,21,Organic
727,2026-07-29,Mumbai,48,Organic
728,2026-05-03,Mumbai,35,Instagram
729,2026-07-07,Mumbai,27,Instagram
730,2026-03-18,Bengaluru,45,Organic
731,2026-07-12,Bengaluru,30,Google Ads
732,2026-05-25,Delhi,31,Instagram
733,2026-07-04,Gurugram,30,Referral
734,2026-06-07,Jaipur,34,Google Ads
735,2026-01-26,Bengaluru,28,Organic
736,2026-04-09,Hyderabad,48,Instagram
737,2026-02-05,Gurugram,38,Organic
738,2026-03-05,Pune,22,Referral
739,2026-06-18,Pune,34,Instagram
740,2026-05-11,Gurugram,46,Google Ads
741,2026-01-14,Gurugram,52,Instagram
742,2026-03-03,Jaipur,25,Instagram
743,2026-01-04,Hyderabad,41,Google Ads
744,2026-05-26,Chennai,44,Instagram
745,2026-02-14,Jaipur,25,Google Ads
746,2026-01-18,Delhi,37,Google Ads
747,2026-01-16,Chennai,53,Google Ads
748,2026-07-02,Chennai,48,Organic
749,2026-01-22,Bengaluru,38,Google Ads
750,2026-01-21,Gurugram,30,Instagram
751,2026-04-11,Mumbai,40,Organic
752,2026-07-06,Gurugram,24,Google Ads
753,2026-04-22,Mumbai,50,Organic
754,2026-01-15,Pune,32,Google Ads
755,2026-07-01,Bengaluru,21,Google Ads
756,2026-03-30,Pune,31,Instagram
757,2026-07-11,Pune,28,Organic
758,2026-01-08,Hyderabad,48,Google Ads
759,2026-01-17,Pune,25,Instagram
760,2026-05-11,Hyderabad,24,Instagram
761,2026-05-26,Bengaluru,44,Google Ads
762,2026-07-17,Mumbai,28,Google Ads
763,2026-05-11,Delhi,23,Referral
764,2026-01-04,Gurugram,23,Instagram
765,2026-04-09,Bengaluru,32,Referral
766,2026-01-10,Chennai,35,Instagram
767,2026-04-17,Hyderabad,38,Referral
768,2026-05-27,Hyderabad,28,Instagram
769,2026-01-14,Bengaluru,35,Referral
770,2026-01-12,Chennai,25,Referral
771,2026-03-14,Pune,41,Google Ads
772,2026-04-27,Delhi,44,Google Ads
773,2026-05-25,Pune,36,Instagram
774,2026-06-01,Jaipur,33,Organic
775,2026-05-20,Gurugram,30,Google Ads
776,2026-04-15,Delhi,35,Instagram
777,2026-06-12,Delhi,42,Google Ads
778,2026-06-18,Chennai,40,Google Ads
779,2026-05-16,Gurugram,47,Instagram
780,2026-01-16,Bengaluru,38,Google Ads
781,2026-03-01,Chennai,44,Instagram
782,2026-07-11,Mumbai,27,Instagram
783,2026-06-13,Chennai,25,Organic
784,2026-01-16,Chennai,29,Google Ads
785,2026-03-08,Hyderabad,46,Organic
786,2026-07-08,Hyderabad,41,Instagram
787,2026-03-01,Mumbai,33,Google Ads
788,2026-07-17,Mumbai,30,Google Ads
789,2026-04-26,Jaipur,41,Instagram
790,2026-05-18,Hyderabad,34,Instagram
791,2026-04-29,Pune,28,Google Ads
792,2026-07-26,Pune,23,Google Ads
793,2026-03-25,Bengaluru,26,Organic
794,2026-04-02,Chennai,53,Google Ads
795,2026-03-18,Pune,32,Google Ads
796,2026-04-14,Jaipur,36,Google Ads
797,2026-01-27,Bengaluru,28,Google Ads
798,2026-07-19,Gurugram,29,Google Ads
799,2026-04-13,Hyderabad,26,Organic
800,2026-03-08,Mumbai,22,Referral
801,2026-02-20,Jaipur,29,Google Ads
802,2026-07-27,Hyderabad,28,Google Ads
803,2026-04-29,Delhi,31,Referral
804,2026-04-21,Chennai,52,Google Ads
805,2026-06-24,Chennai,32,Instagram
806,2026-02-17,Pune,38,Instagram
807,2026-02-08,Delhi,36,Organic
808,2026-05-08,Chennai,51,Google Ads
809,2026-03-13,Chennai,29,Instagram
810,2026-06-14,Gurugram,55,Organic
811,2026-04-08,Hyderabad,51,Instagram
812,2026-05-05,Hyderabad,53,Instagram
813,2026-03-11,Bengaluru,22,Instagram
814,2026-02-26,Delhi,38,Google Ads
815,2026-05-01,Hyderabad,35,Referral
816,2026-01-26,Gurugram,36,Google Ads
817,2026-07-28,Delhi,35,Organic
818,2026-07-24,Chennai,43,Referral
819,2026-02-14,Bengaluru,36,Organic
820,2026-07-26,Hyderabad,22,Organic
821,2026-04-01,Bengaluru,33,Referral
822,2026-07-27,Jaipur,55,Instagram
823,2026-05-06,Delhi,26,Google Ads
824,2026-06-04,Gurugram,22,Instagram
825,2026-01-01,Hyderabad,33,Referral
826,2026-03-29,Bengaluru,41,Google Ads
827,2026-02-07,Bengaluru,28,Referral
828,2026-04-04,Mumbai,44,Organic
829,2026-06-19,Chennai,27,Instagram
830,2026-03-24,Bengaluru,31,Organic
831,2026-04-22,Jaipur,41,Google Ads
832,2026-05-24,Hyderabad,35,Organic
833,2026-07-28,Bengaluru,45,Instagram
834,2026-06-26,Pune,29,Google Ads
835,2026-01-01,Chennai,23,Google Ads
836,2026-03-23,Gurugram,27,Referral
837,2026-02-06,Hyderabad,25,Google Ads
838,2026-03-23,Bengaluru,26,Referral
839,2026-06-21,Hyderabad,49,Google Ads
840,2026-02-23,Gurugram,25,Instagram
841,2026-07-21,Mumbai,21,Google Ads
842,2026-04-23,Chennai,31,Referral
843,2026-05-07,Chennai,43,Instagram
844,2026-01-26,Jaipur,35,Google Ads
845,2026-01-19,Delhi,39,Google Ads
846,2026-03-08,Mumbai,25,Instagram
847,2026-04-07,Bengaluru,25,Instagram
848,2026-01-24,Hyderabad,51,Organic
849,2026-04-21,Bengaluru,48,Google Ads
850,2026-01-26,Hyderabad,34,Referral
851,2026-04-15,Pune,39,Google Ads
852,2026-01-25,Delhi,46,Organic
853,2026-05-06,Bengaluru,24,Instagram
854,2026-04-20,Mumbai,39,Referral
855,2026-06-10,Jaipur,33,Google Ads
856,2026-02-22,Bengaluru,39,Referral
857,2026-05-02,Mumbai,40,Organic
858,2026-05-01,Jaipur,37,Google Ads
859,2026-05-20,Chennai,32,Instagram
860,2026-04-08,Hyderabad,32,Instagram
861,2026-03-09,Jaipur,50,Google Ads
862,2026-03-10,Delhi,30,Organic
863,2026-06-20,Mumbai,26,Organic
864,2026-07-26,Chennai,35,Organic
865,2026-04-10,Chennai,55,Organic
866,2026-05-02,Gurugram,51,Google Ads
867,2026-04-12,Delhi,53,Organic
868,2026-05-13,Bengaluru,28,Referral
869,2026-04-25,Bengaluru,31,Referral
870,2026-07-26,Gurugram,29,Google Ads
871,2026-01-21,Chennai,33,Referral
872,2026-06-10,Bengaluru,37,Instagram
873,2026-07-06,Mumbai,26,Instagram
874,2026-04-12,Hyderabad,38,Instagram
875,2026-01-04,Chennai,28,Instagram
876,2026-02-07,Mumbai,27,Organic
877,2026-01-26,Pune,55,Referral
878,2026-04-16,Pune,45,Organic
879,2026-05-27,Jaipur,23,Google Ads
880,2026-04-14,Bengaluru,46,Google Ads
881,2026-03-26,Gurugram,24,Organic
882,2026-03-10,Hyderabad,22,Instagram
883,2026-07-23,Pune,40,Google Ads
884,2026-05-06,Mumbai,35,Google Ads
885,2026-07-10,Jaipur,41,Google Ads
886,2026-04-17,Mumbai,33,Instagram
887,2026-07-30,Chennai,52,Organic
888,2026-04-06,Delhi,53,Organic
889,2026-01-17,Pune,53,Instagram
890,2026-07-19,Delhi,32,Google Ads
891,2026-02-21,Delhi,36,Google Ads
892,2026-01-13,Hyderabad,33,Google Ads
893,2026-07-30,Jaipur,53,Instagram
894,2026-02-01,Delhi,36,Instagram
895,2026-06-02,Jaipur,32,Referral
896,2026-05-02,Hyderabad,43,Google Ads
897,2026-03-08,Mumbai,39,Google Ads
898,2026-01-13,Bengaluru,34,Referral
899,2026-06-15,Gurugram,34,Google Ads
900,2026-04-15,Delhi,21,Instagram
901,2026-02-03,Bengaluru,21,Google Ads
902,2026-06-05,Pune,38,Instagram
903,2026-04-07,Hyderabad,50,Google Ads
904,2026-04-30,Pune,54,Referral
905,2026-04-12,Mumbai,21,Instagram
906,2026-06-19,Hyderabad,39,Google Ads
907,2026-01-28,Jaipur,25,Instagram
908,2026-03-12,Hyderabad,38,Google Ads
909,2026-07-02,Pune,33,Google Ads
910,2026-07-15,Gurugram,24,Referral
911,2026-07-25,Chennai,41,Organic
912,2026-07-04,Delhi,52,Referral
913,2026-03-08,Chennai,46,Instagram
914,2026-01-10,Gurugram,42,Organic
915,2026-02-26,Jaipur,43,Instagram
916,2026-02-13,Bengaluru,39,Google Ads
917,2026-02-02,Pune,32,Referral
918,2026-03-27,Mumbai,35,Instagram
919,2026-07-10,Pune,47,Organic
920,2026-03-26,Hyderabad,37,Organic
921,2026-04-29,Mumbai,51,Google Ads
922,2026-06-12,Mumbai,51,Referral
923,2026-05-09,Mumbai,45,Instagram
924,2026-04-16,Delhi,30,Google Ads
925,2026-02-21,Hyderabad,47,Referral
926,2026-04-28,Bengaluru,41,Referral
927,2026-02-16,Mumbai,52,Instagram
928,2026-02-15,Hyderabad,24,Google Ads
929,2026-03-12,Gurugram,31,Organic
930,2026-02-10,Jaipur,26,Google Ads
931,2026-04-22,Chennai,46,Instagram
932,2026-05-03,Chennai,21,Google Ads
933,2026-02-21,Hyderabad,21,Referral
934,2026-07-13,Gurugram,22,Organic
935,2026-06-10,Gurugram,35,Organic
936,2026-03-30,Pune,29,Google Ads
937,2026-05-09,Pune,31,Google Ads
938,2026-01-12,Pune,39,Instagram
939,2026-05-14,Hyderabad,48,Referral
940,2026-02-04,Hyderabad,52,Instagram
941,2026-02-18,Bengaluru,46,Google Ads
942,2026-02-27,Bengaluru,34,Organic
943,2026-05-31,Bengaluru,28,Instagram
944,2026-06-16,Delhi,45,Referral
945,2026-03-07,Delhi,24,Organic
946,2026-06-17,Delhi,24,Organic
947,2026-04-17,Jaipur,45,Google Ads
948,2026-03-06,Jaipur,30,Google Ads
949,2026-06-25,Delhi,40,Instagram
950,2026-01-26,Pune,29,Instagram
951,2026-01-27,Mumbai,39,Google Ads
952,2026-01-28,Jaipur,33,Organic
953,2026-07-19,Pune,54,Referral
954,2026-04-02,Chennai,39,Google Ads
955,2026-05-21,Jaipur,34,Organic
956,2026-05-04,Hyderabad,36,Google Ads
957,2026-06-21,Mumbai,28,Referral
958,2026-06-21,Jaipur,30,Referral
959,2026-07-19,Mumbai,27,Referral
960,2026-06-14,Gurugram,50,Referral
961,2026-03-17,Pune,50,Google Ads
962,2026-07-28,Bengaluru,23,Referral
963,2026-04-03,Hyderabad,48,Organic
964,2026-01-25,Delhi,21,Referral
965,2026-06-19,Bengaluru,42,Instagram
966,2026-04-23,Pune,26,Instagram
967,2026-03-29,Bengaluru,28,Instagram
968,2026-04-27,Pune,45,Organic
969,2026-05-03,Chennai,31,Google Ads
970,2026-06-28,Delhi,31,Google Ads
971,2026-06-01,Jaipur,49,Google Ads
972,2026-04-08,Hyderabad,22,Referral
973,2026-07-06,Bengaluru,51,Referral
974,2026-01-29,Chennai,49,Google Ads
975,2026-03-08,Hyderabad,21,Organic
976,2026-06-23,Gurugram,42,Instagram
977,2026-06-26,Mumbai,48,Organic
978,2026-03-05,Jaipur,43,Organic
979,2026-06-14,Chennai,30,Referral
980,2026-05-23,Delhi,21,Organic
981,2026-02-10,Jaipur,52,Referral
982,2026-01-20,Jaipur,41,Google Ads
983,2026-03-13,Delhi,53,Google Ads
984,2026-06-14,Chennai,46,Referral
985,2026-01-21,Jaipur,49,Referral
986,2026-04-25,Mumbai,52,Instagram
987,2026-01-31,Jaipur,22,Google Ads
988,2026-04-16,Delhi,21,Referral
989,2026-07-22,Pune,53,Organic
990,2026-06-17,Jaipur,42,Instagram
991,2026-01-14,Gurugram,50,Instagram
992,2026-07-16,Jaipur,44,Organic
993,2026-01-30,Mumbai,35,Google Ads
994,2026-04-01,Pune,54,Instagram
995,2026-01-28,Delhi,31,Instagram
996,2026-07-30,Chennai,27,Google Ads
997,2026-02-20,Gurugram,28,Referral
998,2026-04-11,Gurugram,50,Referral
999,2026-02-18,Hyderabad,27,Organic
1000,2026-01-12,Mumbai,49,Instagram
1001,2026-05-31,Bengaluru,52,Google Ads
1002,2026-07-08,Delhi,48,Referral
1003,2026-05-04,Bengaluru,32,Organic
1004,2026-02-02,Mumbai,45,Organic
1005,2026-06-05,Hyderabad,53,Referral
1006,2026-04-18,Gurugram,38,Instagram
1007,2026-03-29,Pune,49,Referral
1008,2026-02-05,Chennai,53,Google Ads
1009,2026-06-29,Hyderabad,34,Google Ads
1010,2026-06-09,Pune,43,Referral
1011,2026-02-03,Bengaluru,53,Instagram
1012,2026-06-13,Hyderabad,28,Organic
1013,2026-05-24,Jaipur,47,Organic
1014,2026-05-17,Pune,48,Referral
1015,2026-05-14,Mumbai,22,Instagram
1016,2026-01-14,Delhi,33,Google Ads
1017,2026-07-21,Bengaluru,39,Organic
1018,2026-02-07,Delhi,39,Google Ads
1019,2026-05-19,Delhi,43,Referral
1020,2026-01-27,Gurugram,45,Google Ads
1021,2026-07-20,Pune,24,Referral
1022,2026-04-10,Chennai,41,Referral
1023,2026-01-14,Delhi,37,Google Ads
1024,2026-07-19,Jaipur,35,Referral
1025,2026-06-30,Hyderabad,55,Organic
1026,2026-02-20,Gurugram,39,Instagram
1027,2026-06-24,Mumbai,32,Referral
1028,2026-07-08,Mumbai,45,Google Ads
1029,2026-03-13,Pune,29,Google Ads
1030,2026-03-07,Delhi,42,Instagram
1031,2026-02-09,Delhi,30,Referral
1032,2026-06-02,Delhi,40,Instagram
1033,2026-05-27,Hyderabad,25,Organic
1034,2026-03-23,Gurugram,32,Instagram
1035,2026-07-21,Bengaluru,47,Instagram
1036,2026-04-14,Mumbai,43,Google Ads
1037,2026-02-24,Hyderabad,42,Instagram
1038,2026-02-25,Jaipur,21,Google Ads
1039,2026-03-30,Jaipur,36,Referral
1040,2026-06-07,Gurugram,23,Organic
1041,2026-03-24,Chennai,28,Instagram
1042,2026-05-19,Pune,22,Referral
1043,2026-07-30,Hyderabad,53,Referral
1044,2026-04-25,Jaipur,23,Google Ads
1045,2026-06-16,Gurugram,41,Instagram
1046,2026-01-25,Bengaluru,55,Instagram
1047,2026-06-10,Mumbai,34,Organic
1048,2026-07-18,Gurugram,48,Referral
1049,2026-02-22,Chennai,25,Organic
1050,2026-02-09,Delhi,50,Organic
1051,2026-01-10,Mumbai,25,Google Ads
1052,2026-07-23,Pune,25,Organic
1053,2026-02-28,Pune,47,Instagram
1054,2026-06-11,Chennai,48,Instagram
1055,2026-04-10,Mumbai,55,Google Ads
1056,2026-07-04,Mumbai,23,Organic
1057,2026-01-19,Hyderabad,53,Google Ads
1058,2026-07-21,Pune,26,Google Ads
1059,2026-04-23,Chennai,46,Referral
1060,2026-01-08,Jaipur,31,Instagram
1061,2026-02-04,Chennai,55,Google Ads
1062,2026-06-12,Bengaluru,40,Organic
1063,2026-07-23,Hyderabad,21,Organic
1064,2026-05-23,Bengaluru,28,Google Ads
1065,2026-05-27,Chennai,55,Instagram
1066,2026-01-22,Pune,34,Organic
1067,2026-07-05,Hyderabad,34,Instagram
1068,2026-06-15,Bengaluru,31,Google Ads
1069,2026-06-07,Pune,33,Google Ads
1070,2026-06-21,Delhi,50,Organic
1071,2026-01-19,Pune,25,Google Ads
1072,2026-02-20,Jaipur,42,Instagram
1073,2026-06-21,Gurugram,27,Google Ads
1074,2026-01-18,Gurugram,41,Instagram
1075,2026-03-26,Pune,30,Organic
1076,2026-04-04,Hyderabad,48,Google Ads
1077,2026-03-22,Gurugram,35,Organic
1078,2026-06-14,Chennai,38,Referral
1079,2026-02-04,Hyderabad,51,Instagram
1080,2026-04-02,Pune,52,Organic
1081,2026-02-14,Mumbai,38,Referral
1082,2026-02-05,Gurugram,37,Organic
1083,2026-06-10,Mumbai,25,Referral
1084,2026-05-10,Delhi,46,Organic
1085,2026-02-24,Delhi,37,Instagram
1086,2026-05-19,Jaipur,30,Instagram
1087,2026-02-27,Pune,29,Instagram
1088,2026-05-11,Mumbai,46,Instagram
1089,2026-01-03,Gurugram,31,Organic
1090,2026-02-05,Jaipur,31,Google Ads
1091,2026-05-25,Bengaluru,51,Referral
1092,2026-01-11,Gurugram,52,Google Ads
1093,2026-03-09,Hyderabad,35,Google Ads
1094,2026-02-22,Hyderabad,45,Instagram
1095,2026-04-27,Delhi,23,Referral
1096,2026-03-24,Mumbai,54,Organic
1097,2026-03-12,Pune,55,Organic
1098,2026-04-07,Chennai,44,Organic
1099,2026-01-20,Pune,45,Referral
1100,2026-02-27,Chennai,43,Referral
1101,2026-03-30,Jaipur,51,Referral
1102,2026-01-02,Bengaluru,49,Google Ads
1103,2026-01-20,Pune,34,Google Ads
1104,2026-02-10,Hyderabad,28,Organic
1105,2026-04-17,Hyderabad,28,Instagram
1106,2026-05-03,Jaipur,34,Organic
1107,2026-06-15,Chennai,22,Google Ads
1108,2026-02-02,Bengaluru,29,Organic
1109,2026-01-11,Bengaluru,24,Google Ads
1110,2026-02-16,Chennai,22,Referral
1111,2026-07-06,Pune,26,Google Ads
1112,2026-06-05,Jaipur,51,Google Ads
1113,2026-04-16,Bengaluru,32,Organic
1114,2026-05-11,Pune,31,Organic
1115,2026-03-29,Jaipur,25,Google Ads
1116,2026-04-09,Bengaluru,27,Google Ads
1117,2026-05-14,Chennai,30,Organic
1118,2026-02-15,Jaipur,23,Referral
1119,2026-05-17,Mumbai,26,Instagram
1120,2026-02-03,Delhi,48,Instagram
1121,2026-04-05,Delhi,54,Instagram
1122,2026-07-25,Jaipur,45,Instagram
1123,2026-07-25,Mumbai,48,Google Ads
1124,2026-05-03,Gurugram,26,Google Ads
1125,2026-05-20,Chennai,37,Google Ads
1126,2026-07-01,Delhi,54,Google Ads
1127,2026-01-02,Chennai,34,Organic
1128,2026-03-22,Chennai,44,Google Ads
1129,2026-04-20,Pune,37,Referral
1130,2026-04-19,Hyderabad,38,Referral
1131,2026-04-12,Gurugram,47,Organic
1132,2026-05-23,Jaipur,32,Instagram
1133,2026-05-23,Jaipur,37,Referral
1134,2026-05-28,Hyderabad,46,Organic
1135,2026-06-18,Mumbai,35,Instagram
1136,2026-06-29,Bengaluru,27,Google Ads
1137,2026-04-13,Hyderabad,24,Google Ads
1138,2026-06-12,Delhi,26,Referral
1139,2026-05-01,Chennai,26,Google Ads
1140,2026-02-26,Hyderabad,26,Organic
1141,2026-07-05,Chennai,46,Organic
1142,2026-05-14,Pune,24,Referral
1143,2026-07-29,Bengaluru,52,Instagram
1144,2026-02-21,Pune,33,Google Ads
1145,2026-06-03,Gurugram,31,Organic
1146,2026-04-03,Gurugram,21,Referral
1147,2026-01-23,Pune,46,Instagram
1148,2026-04-12,Chennai,33,Instagram
1149,2026-07-08,Mumbai,26,Instagram
1150,2026-07-05,Hyderabad,43,Referral
1151,2026-03-12,Gurugram,33,Instagram
1152,2026-04-14,Delhi,37,Google Ads
1153,2026-05-10,Mumbai,25,Instagram
1154,2026-03-29,Mumbai,53,Referral
1155,2026-05-18,Pune,49,Referral
1156,2026-05-25,Jaipur,36,Organic
1157,2026-07-18,Jaipur,50,Referral
1158,2026-01-08,Jaipur,28,Google Ads
1159,2026-04-08,Gurugram,35,Referral
1160,2026-04-16,Hyderabad,54,Instagram
1161,2026-06-29,Pune,36,Google Ads
1162,2026-04-13,Hyderabad,25,Organic
1163,2026-02-15,Jaipur,41,Instagram
1164,2026-05-27,Pune,32,Referral
1165,2026-06-24,Gurugram,52,Organic
1166,2026-03-02,Gurugram,37,Google Ads
1167,2026-02-21,Gurugram,43,Google Ads
1168,2026-01-28,Mumbai,26,Organic
1169,2026-06-19,Jaipur,21,Organic
1170,2026-05-19,Delhi,51,Instagram
1171,2026-03-22,Jaipur,38,Instagram
1172,2026-07-15,Pune,46,Google Ads
1173,2026-05-28,Bengaluru,24,Instagram
1174,2026-04-19,Jaipur,55,Google Ads
1175,2026-03-30,Chennai,32,Instagram
1176,2026-01-31,Jaipur,41,Organic
1177,2026-01-04,Gurugram,45,Organic
1178,2026-03-25,Hyderabad,37,Google Ads
1179,2026-03-09,Gurugram,38,Instagram
1180,2026-06-06,Hyderabad,44,Google Ads
1181,2026-04-19,Gurugram,47,Organic
1182,2026-04-06,Hyderabad,46,Google Ads
1183,2026-02-16,Bengaluru,35,Referral
1184,2026-07-04,Pune,36,Organic
1185,2026-04-08,Gurugram,30,Referral
1186,2026-07-09,Bengaluru,51,Referral
1187,2026-02-15,Chennai,52,Google Ads
1188,2026-06-11,Hyderabad,52,Instagram
1189,2026-05-24,Delhi,46,Google Ads
1190,2026-02-11,Delhi,34,Referral
1191,2026-05-02,Mumbai,49,Organic
1192,2026-03-08,Hyderabad,44,Organic
1193,2026-07-27,Pune,43,Google Ads
1194,2026-02-01,Hyderabad,33,Organic
1195,2026-06-16,Bengaluru,39,Instagram
1196,2026-06-22,Jaipur,49,Referral
1197,2026-04-08,Pune,50,Organic
1198,2026-02-07,Bengaluru,42,Instagram
1199,2026-06-06,Chennai,25,Google Ads
1200,2026-03-29,Gurugram,41,Instagram
1201,2026-03-16,Pune,46,Google Ads
1202,2026-04-24,Hyderabad,54,Referral
1203,2026-04-16,Bengaluru,32,Referral
1204,2026-02-02,Gurugram,37,Referral
1205,2026-06-29,Mumbai,34,Google Ads
1206,2026-01-27,Mumbai,25,Referral
1207,2026-05-02,Delhi,22,Organic
1208,2026-05-15,Mumbai,27,Google Ads
1209,2026-02-09,Mumbai,45,Instagram
1210,2026-03-05,Pune,49,Organic
1211,2026-02-03,Bengaluru,22,Google Ads
1212,2026-04-02,Hyderabad,51,Instagram
1213,2026-05-19,Pune,49,Google Ads
1214,2026-06-28,Bengaluru,50,Organic
1215,2026-06-12,Chennai,54,Organic
1216,2026-05-17,Pune,43,Instagram
1217,2026-02-28,Mumbai,49,Instagram
1218,2026-04-16,Pune,30,Instagram
1219,2026-01-01,Bengaluru,43,Google Ads
1220,2026-05-17,Delhi,52,Referral
1221,2026-05-03,Pune,21,Organic
1222,2026-07-24,Pune,35,Organic
1223,2026-05-21,Hyderabad,33,Instagram
1224,2026-05-24,Chennai,46,Google Ads
1225,2026-07-03,Chennai,45,Google Ads
1226,2026-01-21,Chennai,36,Instagram
1227,2026-07-24,Pune,39,Organic
1228,2026-05-17,Pune,47,Google Ads
1229,2026-01-18,Bengaluru,29,Google Ads
1230,2026-06-13,Jaipur,49,Google Ads
1231,2026-06-09,Jaipur,33,Instagram
1232,2026-02-08,Delhi,55,Google Ads
1233,2026-01-27,Pune,38,Google Ads
1234,2026-04-23,Delhi,35,Google Ads
1235,2026-01-04,Jaipur,34,Instagram
1236,2026-03-21,Jaipur,44,Instagram
1237,2026-07-22,Delhi,42,Google Ads
1238,2026-07-12,Bengaluru,24,Google Ads
1239,2026-04-11,Mumbai,55,Instagram
1240,2026-02-19,Pune,45,Referral
1241,2026-02-01,Gurugram,45,Organic
1242,2026-04-24,Gurugram,23,Google Ads
1243,2026-07-08,Mumbai,54,Organic
1244,2026-02-23,Jaipur,45,Organic
1245,2026-03-21,Hyderabad,31,Organic
1246,2026-01-11,Mumbai,37,Instagram
1247,2026-03-18,Gurugram,44,Referral
1248,2026-06-20,Gurugram,28,Google Ads
1249,2026-04-22,Hyderabad,21,Google Ads
1250,2026-03-12,Mumbai,46,Organic
1251,2026-01-03,Delhi,51,Organic
1252,2026-02-09,Hyderabad,26,Google Ads
1253,2026-05-08,Mumbai,42,Referral
1254,2026-07-14,Delhi,24,Instagram
1255,2026-02-09,Mumbai,29,Instagram
1256,2026-03-23,Hyderabad,49,Organic
1257,2026-01-06,Chennai,43,Organic
1258,2026-03-06,Delhi,52,Organic
1259,2026-05-24,Pune,55,Organic
1260,2026-02-18,Bengaluru,55,Instagram
1261,2026-07-07,Jaipur,38,Referral
1262,2026-06-03,Bengaluru,25,Instagram
1263,2026-04-26,Pune,37,Instagram
1264,2026-04-27,Delhi,53,Instagram
1265,2026-02-17,Delhi,44,Organic
1266,2026-03-03,Hyderabad,25,Organic
1267,2026-05-18,Chennai,33,Instagram
1268,2026-05-08,Bengaluru,39,Instagram
1269,2026-06-14,Hyderabad,28,Google Ads
1270,2026-06-18,Mumbai,23,Referral
1271,2026-02-03,Bengaluru,23,Google Ads
1272,2026-05-05,Gurugram,27,Google Ads
1273,2026-06-14,Chennai,52,Instagram
1274,2026-06-29,Pune,24,Instagram
1275,2026-06-05,Mumbai,21,Referral
1276,2026-02-23,Jaipur,26,Instagram
1277,2026-06-13,Delhi,44,Organic
1278,2026-04-17,Hyderabad,24,Referral
1279,2026-03-10,Delhi,25,Referral
1280,2026-01-20,Gurugram,54,Google Ads
1281,2026-07-05,Gurugram,55,Instagram
1282,2026-02-19,Gurugram,32,Organic
1283,2026-05-23,Chennai,27,Organic
1284,2026-05-28,Hyderabad,50,Organic
1285,2026-04-20,Mumbai,31,Organic
1286,2026-05-21,Chennai,53,Instagram
1287,2026-02-10,Jaipur,43,Referral
1288,2026-05-21,Hyderabad,44,Instagram
1289,2026-06-12,Chennai,41,Organic
1290,2026-05-25,Gurugram,45,Organic
1291,2026-07-10,Pune,44,Referral
1292,2026-04-25,Chennai,21,Organic
1293,2026-03-14,Delhi,54,Google Ads
1294,2026-03-19,Delhi,40,Referral
1295,2026-02-24,Hyderabad,22,Organic
1296,2026-06-26,Pune,53,Organic
1297,2026-05-27,Bengaluru,27,Google Ads
1298,2026-04-02,Bengaluru,29,Google Ads
1299,2026-05-30,Gurugram,35,Google Ads
1300,2026-03-18,Mumbai,46,Organic
1301,2026-02-25,Mumbai,41,Organic
1302,2026-02-14,Jaipur,27,Organic
1303,2026-03-18,Delhi,45,Google Ads
1304,2026-01-15,Hyderabad,43,Referral
1305,2026-04-22,Chennai,28,Referral
1306,2026-02-28,Delhi,45,Google Ads
1307,2026-05-15,Delhi,41,Instagram
1308,2026-02-08,Hyderabad,53,Organic
1309,2026-02-09,Delhi,46,Referral
1310,2026-07-12,Mumbai,35,Instagram
1311,2026-07-21,Chennai,30,Google Ads
1312,2026-01-22,Jaipur,24,Instagram
1313,2026-03-09,Mumbai,46,Instagram
1314,2026-07-18,Bengaluru,29,Instagram
1315,2026-02-20,Jaipur,46,Organic
1316,2026-02-20,Gurugram,36,Google Ads
1317,2026-07-18,Chennai,41,Organic
1318,2026-05-28,Mumbai,28,Organic
1319,2026-04-19,Hyderabad,43,Google Ads
1320,2026-03-30,Delhi,40,Google Ads
1321,2026-03-31,Jaipur,30,Instagram
1322,2026-07-29,Gurugram,33,Organic
1323,2026-02-09,Mumbai,28,Organic
1324,2026-03-04,Bengaluru,39,Google Ads
1325,2026-06-27,Mumbai,40,Instagram
1326,2026-01-06,Hyderabad,34,Organic
1327,2026-02-24,Gurugram,55,Instagram
1328,2026-03-08,Jaipur,30,Organic
1329,2026-06-21,Delhi,45,Organic
1330,2026-06-19,Delhi,37,Google Ads
1331,2026-03-14,Gurugram,38,Google Ads
1332,2026-06-17,Delhi,25,Instagram
1333,2026-03-11,Hyderabad,27,Google Ads
1334,2026-06-16,Chennai,35,Referral
1335,2026-05-11,Mumbai,41,Instagram
1336,2026-06-02,Mumbai,32,Google Ads
1337,2026-04-28,Delhi,23,Google Ads
1338,2026-05-16,Pune,42,Instagram
1339,2026-07-10,Bengaluru,22,Instagram
1340,2026-04-01,Hyderabad,40,Google Ads
1341,2026-05-09,Pune,24,Organic
1342,2026-04-10,Delhi,38,Google Ads
1343,2026-03-29,Chennai,29,Google Ads
1344,2026-04-08,Gurugram,47,Google Ads
1345,2026-02-09,Chennai,40,Referral
1346,2026-03-26,Jaipur,55,Google Ads
1347,2026-06-17,Bengaluru,55,Organic
1348,2026-02-21,Bengaluru,40,Organic
1349,2026-05-15,Bengaluru,48,Referral
1350,2026-07-17,Bengaluru,31,Instagram
1351,2026-05-23,Mumbai,32,Instagram
1352,2026-02-07,Delhi,41,Referral
1353,2026-04-16,Chennai,40,Instagram
1354,2026-07-30,Pune,30,Organic
1355,2026-01-28,Bengaluru,32,Google Ads
1356,2026-06-06,Pune,35,Organic
1357,2026-03-01,Delhi,43,Google Ads
1358,2026-07-19,Jaipur,29,Instagram
1359,2026-06-04,Jaipur,44,Google Ads
1360,2026-04-10,Jaipur,51,Google Ads
1361,2026-02-19,Gurugram,23,Instagram
1362,2026-01-04,Pune,47,Google Ads
1363,2026-06-21,Gurugram,34,Google Ads
1364,2026-04-23,Jaipur,41,Referral
1365,2026-03-05,Chennai,46,Organic
1366,2026-06-05,Chennai,41,Instagram
1367,2026-07-10,Delhi,54,Google Ads
1368,2026-04-27,Delhi,36,Instagram
1369,2026-04-12,Delhi,45,Instagram
1370,2026-06-11,Delhi,33,Google Ads
1371,2026-04-12,Pune,39,Instagram
1372,2026-04-19,Pune,24,Organic
1373,2026-02-06,Jaipur,49,Google Ads
1374,2026-05-09,Mumbai,32,Organic
1375,2026-06-28,Bengaluru,46,Instagram
1376,2026-04-26,Delhi,32,Instagram
1377,2026-07-02,Gurugram,50,Google Ads
1378,2026-03-24,Bengaluru,28,Google Ads
1379,2026-06-30,Jaipur,44,Google Ads
1380,2026-07-01,Chennai,53,Organic
1381,2026-02-10,Chennai,45,Google Ads
1382,2026-02-13,Hyderabad,30,Google Ads
1383,2026-02-07,Bengaluru,24,Instagram
1384,2026-03-21,Jaipur,39,Organic
1385,2026-01-31,Bengaluru,33,Google Ads
1386,2026-07-15,Pune,21,Instagram
1387,2026-05-08,Delhi,52,Google Ads
1388,2026-05-31,Jaipur,50,Instagram
1389,2026-01-21,Delhi,36,Referral
1390,2026-03-13,Gurugram,24,Google Ads
1391,2026-01-15,Hyderabad,23,Google Ads
1392,2026-01-09,Pune,42,Referral
1393,2026-01-13,Mumbai,47,Referral
1394,2026-02-11,Pune,32,Referral
1395,2026-07-11,Hyderabad,23,Google Ads
1396,2026-03-18,Hyderabad,44,Referral
1397,2026-07-29,Mumbai,48,Referral
1398,2026-01-17,Pune,51,Google Ads
1399,2026-06-27,Pune,42,Instagram
1400,2026-05-15,Gurugram,34,Organic
1401,2026-01-28,Mumbai,51,Organic
1402,2026-06-04,Pune,48,Organic
1403,2026-03-23,Pune,54,Organic
1404,2026-06-09,Hyderabad,29,Organic
1405,2026-05-08,Jaipur,52,Referral
1406,2026-06-06,Gurugram,39,Referral
1407,2026-01-01,Mumbai,22,Instagram
1408,2026-07-23,Mumbai,34,Organic
1409,2026-04-17,Chennai,23,Instagram
1410,2026-05-24,Gurugram,21,Organic
1411,2026-06-26,Pune,37,Organic
1412,2026-03-20,Pune,53,Instagram
1413,2026-07-16,Delhi,28,Organic
1414,2026-03-29,Chennai,22,Referral
1415,2026-02-19,Hyderabad,42,Referral
1416,2026-05-03,Jaipur,23,Organic
1417,2026-05-04,Bengaluru,50,Referral
1418,2026-05-18,Hyderabad,50,Organic
1419,2026-04-16,Delhi,54,Google Ads
1420,2026-07-05,Hyderabad,55,Google Ads
1421,2026-05-28,Hyderabad,43,Google Ads
1422,2026-02-08,Pune,22,Instagram
1423,2026-04-07,Bengaluru,45,Google Ads
1424,2026-01-30,Pune,41,Organic
1425,2026-03-11,Chennai,26,Instagram
1426,2026-03-02,Hyderabad,49,Referral
1427,2026-03-19,Gurugram,54,Instagram
1428,2026-01-29,Hyderabad,23,Organic
1429,2026-01-24,Jaipur,53,Google Ads
1430,2026-05-04,Bengaluru,33,Instagram
1431,2026-05-04,Pune,41,Google Ads
1432,2026-01-26,Bengaluru,34,Organic
1433,2026-04-28,Chennai,54,Google Ads
1434,2026-03-21,Delhi,26,Instagram
1435,2026-01-12,Mumbai,54,Organic
1436,2026-07-10,Pune,22,Organic
1437,2026-03-21,Gurugram,41,Google Ads
1438,2026-03-15,Pune,55,Instagram
1439,2026-04-23,Mumbai,38,Google Ads
1440,2026-03-12,Mumbai,21,Referral
1441,2026-05-24,Mumbai,34,Instagram
1442,2026-05-21,Hyderabad,38,Google Ads
1443,2026-06-30,Pune,36,Google Ads
1444,2026-03-21,Hyderabad,55,Instagram
1445,2026-02-03,Delhi,51,Referral
1446,2026-01-13,Mumbai,45,Google Ads
1447,2026-04-20,Chennai,32,Organic
1448,2026-06-01,Jaipur,43,Instagram
1449,2026-07-29,Gurugram,55,Google Ads
1450,2026-07-13,Jaipur,29,Google Ads
1451,2026-07-25,Jaipur,27,Instagram
1452,2026-06-25,Jaipur,51,Google Ads
1453,2026-02-27,Bengaluru,37,Referral
1454,2026-04-11,Bengaluru,42,Organic
1455,2026-03-25,Jaipur,52,Google Ads
1456,2026-05-02,Mumbai,43,Instagram
1457,2026-02-13,Pune,43,Organic
1458,2026-02-02,Mumbai,46,Referral
1459,2026-07-23,Mumbai,41,Organic
1460,2026-01-19,Pune,55,Instagram
1461,2026-06-01,Chennai,36,Organic
1462,2026-05-21,Bengaluru,51,Instagram
1463,2026-03-29,Gurugram,48,Organic
1464,2026-04-22,Hyderabad,55,Organic
1465,2026-02-14,Mumbai,52,Google Ads
1466,2026-06-02,Jaipur,41,Organic
1467,2026-07-30,Jaipur,32,Instagram
1468,2026-04-14,Mumbai,27,Organic
1469,2026-06-02,Chennai,41,Instagram
1470,2026-06-19,Delhi,26,Google Ads
1471,2026-02-05,Delhi,30,Organic
1472,2026-04-26,Pune,45,Organic
1473,2026-04-25,Gurugram,34,Organic
1474,2026-03-23,Pune,40,Referral
1475,2026-04-22,Hyderabad,26,Organic
1476,2026-06-06,Chennai,29,Referral
1477,2026-01-16,Hyderabad,24,Google Ads
1478,2026-05-24,Hyderabad,28,Referral
1479,2026-01-08,Gurugram,48,Organic
1480,2026-04-11,Hyderabad,45,Instagram
1481,2026-04-22,Gurugram,32,Instagram
1482,2026-02-18,Chennai,44,Referral
1483,2026-02-09,Pune,29,Google Ads
1484,2026-01-19,Delhi,30,Organic
1485,2026-05-05,Chennai,29,Google Ads
1486,2026-06-14,Chennai,50,Referral
1487,2026-06-28,Chennai,32,Instagram
1488,2026-04-19,Jaipur,45,Instagram
1489,2026-02-17,Chennai,21,Organic
1490,2026-07-07,Gurugram,53,Google Ads
1491,2026-05-20,Hyderabad,23,Referral
1492,2026-05-26,Jaipur,44,Google Ads
1493,2026-05-04,Mumbai,30,Organic
1494,2026-05-15,Pune,50,Instagram
1495,2026-05-14,Mumbai,36,Instagram
1496,2026-07-09,Mumbai,55,Organic
1497,2026-03-21,Delhi,42,Instagram
1498,2026-01-03,Jaipur,50,Instagram
1499,2026-05-01,Hyderabad,47,Instagram
1500,2026-07-24,Pune,39,Google Ads
1501,2026-06-27,Pune,37,Google Ads
1502,2026-05-02,Bengaluru,24,Organic
1503,2026-03-16,Delhi,39,Instagram
1504,2026-02-02,Mumbai,38,Google Ads
1505,2026-06-07,Pune,38,Referral
1506,2026-01-04,Mumbai,32,Referral
1507,2026-07-09,Bengaluru,49,Instagram
1508,2026-02-14,Pune,36,Instagram
1509,2026-07-24,Delhi,42,Referral
1510,2026-02-07,Bengaluru,52,Organic
1511,2026-04-16,Chennai,36,Organic
1512,2026-07-05,Bengaluru,34,Organic
1513,2026-03-30,Delhi,37,Organic
1514,2026-01-30,Delhi,31,Instagram
1515,2026-05-02,Pune,51,Organic
1516,2026-07-12,Gurugram,45,Organic
1517,2026-04-10,Jaipur,37,Google Ads
1518,2026-04-22,Delhi,39,Referral
1519,2026-04-25,Chennai,41,Referral
1520,2026-06-24,Delhi,27,Referral
1521,2026-06-13,Hyderabad,48,Organic
1522,2026-06-16,Pune,42,Google Ads
1523,2026-07-25,Mumbai,37,Organic
1524,2026-04-11,Jaipur,36,Organic
1525,2026-05-31,Gurugram,54,Instagram
1526,2026-06-26,Bengaluru,41,Instagram
1527,2026-06-22,Delhi,25,Google Ads
1528,2026-01-26,Mumbai,49,Instagram
1529,2026-07-05,Pune,37,Google Ads
1530,2026-01-07,Mumbai,24,Referral
1531,2026-06-18,Gurugram,28,Organic
1532,2026-01-31,Mumbai,29,Instagram
1533,2026-07-15,Bengaluru,28,Organic
1534,2026-03-06,Pune,50,Organic
1535,2026-01-20,Jaipur,38,Organic
1536,2026-06-27,Hyderabad,37,Google Ads
1537,2026-01-19,Pune,24,Instagram
1538,2026-03-27,Delhi,37,Referral
1539,2026-03-09,Bengaluru,49,Google Ads
1540,2026-02-21,Chennai,32,Organic
1541,2026-01-28,Bengaluru,55,Organic
1542,2026-02-25,Mumbai,49,Organic
1543,2026-01-27,Delhi,25,Google Ads
1544,2026-07-06,Pune,49,Google Ads
1545,2026-05-08,Bengaluru,21,Referral
1546,2026-06-20,Chennai,38,Google Ads
1547,2026-03-26,Chennai,21,Instagram
1548,2026-07-17,Jaipur,51,Instagram
1549,2026-07-06,Mumbai,55,Google Ads
1550,2026-04-09,Jaipur,28,Organic
1551,2026-04-02,Hyderabad,40,Instagram
1552,2026-06-11,Mumbai,44,Instagram
1553,2026-03-29,Mumbai,50,Organic
1554,2026-03-16,Gurugram,32,Organic
1555,2026-04-09,Gurugram,40,Organic
1556,2026-01-28,Hyderabad,52,Google Ads
1557,2026-06-11,Jaipur,33,Google Ads
1558,2026-02-19,Delhi,36,Instagram
1559,2026-01-17,Pune,52,Instagram
1560,2026-07-27,Jaipur,22,Google Ads
1561,2026-01-15,Hyderabad,23,Instagram
1562,2026-02-24,Jaipur,55,Google Ads
1563,2026-05-29,Gurugram,25,Google Ads
1564,2026-02-06,Jaipur,22,Instagram
1565,2026-06-08,Delhi,36,Organic
1566,2026-02-03,Delhi,32,Organic
1567,2026-03-20,Mumbai,50,Organic
1568,2026-06-01,Mumbai,27,Google Ads
1569,2026-06-02,Gurugram,25,Referral
1570,2026-04-20,Hyderabad,46,Instagram
1571,2026-06-25,Bengaluru,41,Referral
1572,2026-07-23,Gurugram,23,Organic
1573,2026-03-27,Mumbai,28,Google Ads
1574,2026-07-13,Chennai,31,Organic
1575,2026-05-22,Bengaluru,49,Google Ads
1576,2026-05-29,Delhi,29,Google Ads
1577,2026-06-11,Chennai,31,Google Ads
1578,2026-05-05,Mumbai,21,Google Ads
1579,2026-01-23,Pune,47,Organic
1580,2026-07-22,Jaipur,29,Google Ads
1581,2026-06-13,Pune,54,Instagram
1582,2026-03-03,Bengaluru,23,Organic
1583,2026-07-03,Jaipur,26,Organic
1584,2026-07-20,Pune,43,Instagram
1585,2026-05-23,Gurugram,33,Google Ads
1586,2026-05-16,Mumbai,44,Referral
1587,2026-05-19,Gurugram,50,Organic
1588,2026-06-18,Gurugram,38,Google Ads
1589,2026-01-29,Bengaluru,51,Instagram
1590,2026-02-10,Delhi,24,Organic
1591,2026-03-14,Gurugram,48,Google Ads
1592,2026-06-07,Jaipur,23,Google Ads
1593,2026-01-14,Bengaluru,31,Organic
1594,2026-05-05,Mumbai,25,Referral
1595,2026-07-04,Jaipur,41,Instagram
1596,2026-07-11,Hyderabad,35,Organic
1597,2026-03-25,Gurugram,27,Google Ads
1598,2026-04-16,Gurugram,45,Referral
1599,2026-01-19,Jaipur,52,Google Ads
1600,2026-04-22,Bengaluru,34,Referral
1601,2026-04-27,Bengaluru,45,Instagram
1602,2026-04-28,Gurugram,43,Referral
1603,2026-02-21,Hyderabad,29,Google Ads
1604,2026-05-26,Delhi,38,Google Ads
1605,2026-04-30,Jaipur,47,Google Ads
1606,2026-03-29,Gurugram,39,Organic
1607,2026-07-22,Bengaluru,35,Google Ads
1608,2026-05-14,Jaipur,34,Organic
1609,2026-04-29,Pune,21,Organic
1610,2026-07-08,Gurugram,36,Instagram
1611,2026-05-29,Gurugram,30,Referral
1612,2026-01-02,Chennai,23,Google Ads
1613,2026-05-01,Delhi,48,Instagram
1614,2026-05-03,Mumbai,49,Instagram
1615,2026-01-22,Delhi,47,Referral
1616,2026-02-03,Hyderabad,39,Google Ads
1617,2026-01-24,Delhi,51,Organic
1618,2026-02-11,Jaipur,22,Referral
1619,2026-04-29,Bengaluru,46,Google Ads
1620,2026-04-05,Jaipur,21,Referral
1621,2026-01-19,Chennai,42,Instagram
1622,2026-03-17,Chennai,38,Organic
1623,2026-06-06,Gurugram,26,Organic
1624,2026-03-27,Delhi,53,Referral
1625,2026-06-22,Hyderabad,24,Google Ads
1626,2026-04-04,Jaipur,23,Instagram
1627,2026-02-14,Mumbai,34,Google Ads
1628,2026-03-27,Gurugram,55,Google Ads
1629,2026-05-03,Gurugram,35,Instagram
1630,2026-03-10,Chennai,38,Google Ads
1631,2026-04-06,Hyderabad,49,Instagram
1632,2026-05-15,Mumbai,51,Organic
1633,2026-06-23,Pune,49,Organic
1634,2026-07-24,Mumbai,33,Referral
1635,2026-04-28,Mumbai,26,Instagram
1636,2026-02-15,Pune,25,Google Ads
1637,2026-03-12,Mumbai,30,Instagram
1638,2026-02-22,Delhi,39,Instagram
1639,2026-06-24,Bengaluru,51,Instagram
1640,2026-04-24,Delhi,39,Google Ads
1641,2026-01-06,Gurugram,54,Organic
1642,2026-04-16,Hyderabad,41,Instagram
1643,2026-06-20,Jaipur,50,Instagram
1644,2026-02-03,Pune,31,Organic
1645,2026-02-28,Jaipur,44,Referral
1646,2026-07-17,Delhi,30,Instagram
1647,2026-04-27,Bengaluru,31,Organic
1648,2026-03-15,Bengaluru,32,Referral
1649,2026-06-27,Bengaluru,31,Google Ads
1650,2026-01-11,Hyderabad,29,Instagram
1651,2026-04-05,Bengaluru,34,Organic
1652,2026-01-09,Hyderabad,43,Google Ads
1653,2026-04-25,Bengaluru,55,Instagram
1654,2026-01-07,Chennai,52,Organic
1655,2026-04-28,Hyderabad,30,Google Ads
1656,2026-07-09,Hyderabad,39,Instagram
1657,2026-03-16,Bengaluru,49,Instagram
1658,2026-01-29,Jaipur,23,Google Ads
1659,2026-05-22,Mumbai,40,Google Ads
1660,2026-06-08,Gurugram,49,Instagram
1661,2026-03-25,Delhi,33,Organic
1662,2026-02-26,Pune,33,Google Ads
1663,2026-05-18,Jaipur,26,Referral
1664,2026-04-11,Gurugram,52,Instagram
1665,2026-06-04,Delhi,44,Instagram
1666,2026-07-03,Chennai,44,Instagram
1667,2026-01-04,Pune,43,Instagram
1668,2026-04-25,Mumbai,34,Organic
1669,2026-04-24,Chennai,49,Google Ads
1670,2026-07-26,Chennai,47,Google Ads
1671,2026-05-31,Mumbai,30,Google Ads
1672,2026-05-02,Hyderabad,25,Referral
1673,2026-06-01,Chennai,26,Google Ads
1674,2026-06-13,Pune,47,Google Ads
1675,2026-04-29,Bengaluru,33,Google Ads
1676,2026-04-08,Pune,52,Google Ads
1677,2026-07-31,Pune,40,Instagram
1678,2026-07-09,Jaipur,35,Google Ads
1679,2026-01-01,Bengaluru,37,Instagram
1680,2026-06-13,Jaipur,28,Organic
1681,2026-03-15,Chennai,32,Instagram
1682,2026-06-26,Gurugram,22,Google Ads
1683,2026-03-12,Jaipur,25,Organic
1684,2026-04-03,Jaipur,48,Referral
1685,2026-06-10,Jaipur,28,Instagram
1686,2026-07-07,Delhi,37,Google Ads
1687,2026-01-15,Bengaluru,41,Instagram
1688,2026-06-27,Bengaluru,43,Google Ads
1689,2026-03-11,Hyderabad,47,Organic
1690,2026-04-02,Delhi,39,Google Ads
1691,2026-06-13,Mumbai,53,Google Ads
1692,2026-06-10,Bengaluru,27,Organic
1693,2026-02-12,Hyderabad,41,Referral
1694,2026-06-25,Pune,38,Organic
1695,2026-06-26,Hyderabad,27,Instagram
1696,2026-04-01,Bengaluru,21,Google Ads
1697,2026-03-14,Hyderabad,52,Instagram
1698,2026-02-11,Mumbai,34,Google Ads
1699,2026-02-26,Gurugram,54,Referral
1700,2026-07-02,Mumbai,47,Instagram
1701,2026-01-20,Mumbai,29,Referral
1702,2026-05-03,Hyderabad,40,Organic
1703,2026-02-05,Jaipur,54,Organic
1704,2026-03-29,Bengaluru,40,Google Ads
1705,2026-07-28,Mumbai,35,Google Ads
1706,2026-06-27,Bengaluru,35,Instagram
1707,2026-02-23,Bengaluru,26,Instagram
1708,2026-07-15,Mumbai,25,Google Ads
1709,2026-05-04,Chennai,23,Google Ads
1710,2026-01-09,Delhi,51,Google Ads
1711,2026-03-06,Delhi,25,Instagram
1712,2026-01-03,Mumbai,28,Referral
1713,2026-02-22,Gurugram,32,Organic
1714,2026-01-08,Mumbai,30,Referral
1715,2026-03-13,Hyderabad,43,Google Ads
1716,2026-05-09,Gurugram,53,Organic
1717,2026-01-26,Delhi,54,Google Ads
1718,2026-02-19,Pune,31,Referral
1719,2026-05-18,Delhi,27,Referral
1720,2026-05-10,Jaipur,44,Organic
1721,2026-02-17,Jaipur,27,Google Ads
1722,2026-04-01,Chennai,48,Google Ads
1723,2026-02-28,Chennai,28,Organic
1724,2026-03-22,Mumbai,50,Google Ads
1725,2026-02-04,Jaipur,44,Organic
1726,2026-05-23,Delhi,26,Instagram
1727,2026-01-30,Chennai,39,Instagram
1728,2026-07-08,Pune,49,Google Ads
1729,2026-04-15,Pune,48,Google Ads
1730,2026-01-18,Jaipur,44,Google Ads
1731,2026-06-22,Jaipur,27,Instagram
1732,2026-05-14,Mumbai,28,Google Ads
1733,2026-04-13,Mumbai,31,Google Ads
1734,2026-02-20,Hyderabad,33,Organic
1735,2026-04-14,Mumbai,35,Referral
1736,2026-07-05,Jaipur,38,Organic
1737,2026-07-16,Pune,46,Instagram
1738,2026-06-20,Chennai,52,Instagram
1739,2026-02-07,Jaipur,27,Google Ads
1740,2026-05-06,Jaipur,35,Organic
1741,2026-02-04,Delhi,27,Organic
1742,2026-01-18,Jaipur,22,Referral
1743,2026-04-08,Hyderabad,30,Instagram
1744,2026-06-09,Mumbai,25,Organic
1745,2026-05-14,Jaipur,50,Google Ads
1746,2026-06-19,Jaipur,52,Instagram
1747,2026-05-19,Hyderabad,55,Instagram
1748,2026-07-15,Delhi,48,Referral
1749,2026-01-31,Chennai,49,Instagram
1750,2026-04-07,Jaipur,50,Google Ads
1751,2026-02-15,Pune,31,Instagram
1752,2026-02-04,Pune,45,Instagram
1753,2026-01-29,Jaipur,55,Organic
1754,2026-05-02,Bengaluru,53,Google Ads
1755,2026-03-09,Jaipur,45,Organic
1756,2026-04-01,Pune,41,Google Ads
1757,2026-06-01,Delhi,29,Referral
1758,2026-03-31,Delhi,42,Instagram
1759,2026-04-20,Hyderabad,43,Instagram
1760,2026-01-15,Gurugram,36,Google Ads
1761,2026-03-21,Mumbai,25,Referral
1762,2026-01-30,Hyderabad,31,Google Ads
1763,2026-03-25,Delhi,50,Organic
1764,2026-04-19,Chennai,38,Google Ads
1765,2026-05-01,Delhi,41,Instagram
1766,2026-04-10,Hyderabad,27,Referral
1767,2026-01-26,Gurugram,42,Instagram
1768,2026-07-27,Hyderabad,31,Organic
1769,2026-04-04,Chennai,33,Instagram
1770,2026-07-21,Mumbai,55,Google Ads
1771,2026-03-09,Delhi,40,Referral
1772,2026-04-13,Gurugram,26,Organic
1773,2026-05-29,Mumbai,42,Google Ads
1774,2026-05-26,Jaipur,48,Google Ads
1775,2026-07-23,Mumbai,40,Instagram
1776,2026-03-18,Chennai,55,Instagram
1777,2026-04-17,Chennai,37,Organic
1778,2026-04-27,Bengaluru,22,Organic
1779,2026-05-13,Bengaluru,52,Google Ads
1780,2026-07-30,Jaipur,38,Referral
1781,2026-05-17,Chennai,24,Instagram
1782,2026-04-04,Jaipur,30,Google Ads
1783,2026-07-11,Pune,48,Instagram
1784,2026-01-17,Gurugram,47,Google Ads
1785,2026-03-15,Bengaluru,37,Organic
1786,2026-03-02,Chennai,36,Google Ads
1787,2026-02-19,Delhi,36,Organic
1788,2026-03-21,Jaipur,52,Organic
1789,2026-04-22,Chennai,23,Google Ads
1790,2026-03-11,Bengaluru,22,Google Ads
1791,2026-07-25,Pune,32,Organic
1792,2026-01-11,Jaipur,22,Google Ads
1793,2026-01-22,Hyderabad,40,Referral
1794,2026-04-15,Hyderabad,26,Instagram
1795,2026-07-05,Bengaluru,36,Google Ads
1796,2026-07-08,Mumbai,54,Organic
1797,2026-05-29,Pune,52,Referral
1798,2026-03-02,Mumbai,41,Instagram
1799,2026-05-30,Chennai,36,Referral
1800,2026-02-25,Bengaluru,27,Google Ads
1801,2026-03-12,Jaipur,47,Google Ads
1802,2026-05-31,Delhi,52,Instagram
1803,2026-06-29,Mumbai,41,Instagram
1804,2026-05-02,Gurugram,38,Referral
1805,2026-02-07,Hyderabad,51,Organic
1806,2026-07-30,Pune,22,Organic
1807,2026-06-05,Delhi,24,Organic
1808,2026-07-21,Gurugram,37,Organic
1809,2026-03-21,Hyderabad,28,Instagram
1810,2026-03-02,Jaipur,45,Google Ads
1811,2026-04-11,Pune,40,Google Ads
1812,2026-07-30,Gurugram,40,Google Ads
1813,2026-02-11,Jaipur,41,Referral
1814,2026-07-16,Chennai,23,Google Ads
1815,2026-01-21,Jaipur,51,Organic
1816,2026-03-27,Chennai,27,Referral
1817,2026-06-28,Pune,53,Google Ads
1818,2026-04-18,Hyderabad,50,Organic
1819,2026-07-15,Delhi,32,Organic
1820,2026-07-22,Bengaluru,21,Instagram
1821,2026-06-10,Pune,41,Organic
1822,2026-01-29,Bengaluru,36,Instagram
1823,2026-07-16,Bengaluru,47,Organic
1824,2026-03-23,Jaipur,51,Referral
1825,2026-02-04,Pune,32,Organic
1826,2026-07-31,Hyderabad,39,Google Ads
1827,2026-04-17,Hyderabad,32,Instagram
1828,2026-04-07,Gurugram,22,Referral
1829,2026-05-23,Gurugram,26,Referral
1830,2026-02-20,Pune,31,Google Ads
1831,2026-06-08,Chennai,37,Google Ads
1832,2026-04-05,Bengaluru,28,Google Ads
1833,2026-05-15,Chennai,50,Referral
1834,2026-05-07,Mumbai,35,Organic
1835,2026-02-18,Pune,39,Organic
1836,2026-04-08,Bengaluru,48,Referral
1837,2026-06-03,Gurugram,39,Organic
1838,2026-02-18,Chennai,32,Instagram
1839,2026-02-07,Delhi,39,Referral
1840,2026-03-02,Jaipur,36,Instagram
1841,2026-06-25,Jaipur,26,Google Ads
1842,2026-02-04,Hyderabad,46,Organic
1843,2026-07-02,Chennai,48,Organic
1844,2026-03-07,Mumbai,27,Organic
1845,2026-01-14,Hyderabad,36,Instagram
1846,2026-04-01,Delhi,21,Google Ads
1847,2026-06-08,Chennai,40,Referral
1848,2026-06-21,Hyderabad,29,Referral
1849,2026-05-24,Delhi,32,Google Ads
1850,2026-05-09,Jaipur,42,Referral
1851,2026-02-03,Mumbai,41,Organic
1852,2026-04-21,Bengaluru,37,Google Ads
1853,2026-01-12,Bengaluru,52,Referral
1854,2026-03-13,Hyderabad,48,Google Ads
1855,2026-03-09,Pune,54,Instagram
1856,2026-02-12,Hyderabad,52,Organic
1857,2026-02-08,Jaipur,24,Google Ads
1858,2026-01-14,Gurugram,32,Google Ads
1859,2026-03-08,Bengaluru,50,Instagram
1860,2026-05-07,Delhi,49,Instagram
1861,2026-07-01,Jaipur,50,Instagram
1862,2026-07-04,Bengaluru,28,Instagram
1863,2026-02-22,Pune,32,Referral
1864,2026-07-11,Pune,34,Organic
1865,2026-01-02,Bengaluru,47,Referral
1866,2026-03-05,Jaipur,27,Referral
1867,2026-01-07,Pune,28,Instagram
1868,2026-06-01,Mumbai,41,Google Ads
1869,2026-01-21,Jaipur,51,Instagram
1870,2026-03-10,Delhi,42,Referral
1871,2026-06-17,Jaipur,41,Referral
1872,2026-07-07,Bengaluru,34,Referral
1873,2026-07-25,Pune,41,Organic
1874,2026-07-10,Mumbai,45,Google Ads
1875,2026-03-07,Bengaluru,36,Referral
1876,2026-04-13,Mumbai,22,Referral
1877,2026-02-11,Chennai,46,Google Ads
1878,2026-07-12,Bengaluru,28,Google Ads
1879,2026-07-25,Chennai,40,Referral
1880,2026-06-04,Bengaluru,43,Organic
1881,2026-04-05,Gurugram,52,Instagram
1882,2026-04-10,Jaipur,38,Organic
1883,2026-04-19,Mumbai,48,Referral
1884,2026-06-07,Bengaluru,48,Organic
1885,2026-01-24,Delhi,53,Instagram
1886,2026-04-29,Gurugram,30,Referral
1887,2026-05-15,Mumbai,39,Instagram
1888,2026-01-21,Jaipur,40,Google Ads
1889,2026-02-02,Pune,36,Instagram
1890,2026-03-17,Delhi,25,Referral
1891,2026-05-12,Mumbai,53,Instagram
1892,2026-01-25,Jaipur,37,Instagram
1893,2026-05-30,Mumbai,53,Google Ads
1894,2026-07-09,Jaipur,32,Organic
1895,2026-04-11,Delhi,26,Instagram
1896,2026-06-30,Pune,41,Organic
1897,2026-04-27,Jaipur,37,Instagram
1898,2026-07-27,Bengaluru,34,Google Ads
1899,2026-07-11,Pune,27,Instagram
1900,2026-01-05,Delhi,46,Google Ads
1901,2026-02-13,Jaipur,50,Organic
1902,2026-06-18,Jaipur,40,Organic
1903,2026-06-07,Hyderabad,46,Referral
1904,2026-01-23,Bengaluru,29,Google Ads
1905,2026-01-29,Delhi,33,Referral
1906,2026-02-23,Jaipur,30,Organic
1907,2026-04-22,Gurugram,26,Instagram
1908,2026-04-29,Bengaluru,51,Instagram
1909,2026-01-30,Bengaluru,30,Organic
1910,2026-04-24,Jaipur,51,Google Ads
1911,2026-04-26,Gurugram,33,Google Ads
1912,2026-04-11,Delhi,42,Google Ads
1913,2026-06-11,Chennai,47,Referral
1914,2026-07-08,Pune,23,Instagram
1915,2026-05-05,Jaipur,35,Organic
1916,2026-05-16,Delhi,48,Organic
1917,2026-05-22,Mumbai,38,Referral
1918,2026-04-17,Jaipur,28,Instagram
1919,2026-06-15,Hyderabad,49,Organic
1920,2026-01-06,Bengaluru,39,Organic
1921,2026-05-01,Hyderabad,49,Google Ads
1922,2026-02-26,Hyderabad,50,Google Ads
1923,2026-03-17,Chennai,47,Referral
1924,2026-06-22,Hyderabad,51,Organic
1925,2026-02-11,Gurugram,39,Organic
1926,2026-01-23,Jaipur,29,Google Ads
1927,2026-02-10,Jaipur,27,Organic
1928,2026-05-07,Pune,36,Google Ads
1929,2026-01-13,Delhi,43,Referral
1930,2026-04-02,Bengaluru,32,Referral
1931,2026-05-09,Delhi,25,Instagram
1932,2026-01-30,Gurugram,28,Organic
1933,2026-05-05,Pune,42,Organic
1934,2026-07-16,Delhi,38,Referral
1935,2026-06-26,Mumbai,24,Referral
1936,2026-04-23,Jaipur,28,Referral
1937,2026-07-20,Mumbai,23,Instagram
1938,2026-02-12,Mumbai,34,Referral
1939,2026-02-10,Pune,49,Organic
1940,2026-05-08,Mumbai,30,Organic
1941,2026-03-27,Bengaluru,28,Referral
1942,2026-04-23,Chennai,21,Google Ads
1943,2026-07-27,Jaipur,42,Google Ads
1944,2026-02-13,Mumbai,38,Instagram
1945,2026-07-13,Chennai,44,Organic
1946,2026-03-04,Bengaluru,54,Instagram
1947,2026-02-28,Bengaluru,48,Instagram
1948,2026-04-15,Jaipur,54,Organic
1949,2026-04-03,Delhi,49,Google Ads
1950,2026-01-03,Mumbai,26,Instagram
1951,2026-04-13,Bengaluru,48,Google Ads
1952,2026-07-14,Delhi,30,Referral
1953,2026-01-15,Pune,47,Instagram
1954,2026-06-24,Pune,41,Referral
1955,2026-01-03,Pune,54,Organic
1956,2026-02-07,Chennai,49,Organic
1957,2026-05-20,Jaipur,43,Referral
1958,2026-07-20,Chennai,33,Referral
1959,2026-01-22,Delhi,55,Instagram
1960,2026-07-05,Bengaluru,54,Referral
1961,2026-03-14,Gurugram,26,Instagram
1962,2026-03-21,Hyderabad,31,Google Ads
1963,2026-07-23,Pune,36,Referral
1964,2026-03-19,Chennai,53,Google Ads
1965,2026-01-16,Hyderabad,37,Organic
1966,2026-04-01,Mumbai,24,Organic
1967,2026-02-01,Jaipur,40,Organic
1968,2026-01-02,Jaipur,42,Referral
1969,2026-07-26,Gurugram,43,Google Ads
1970,2026-06-20,Bengaluru,45,Instagram
1971,2026-03-05,Mumbai,41,Instagram
1972,2026-02-19,Hyderabad,50,Google Ads
1973,2026-07-02,Chennai,47,Google Ads
1974,2026-01-16,Chennai,29,Instagram
1975,2026-04-25,Mumbai,44,Organic
1976,2026-04-14,Chennai,37,Organic
1977,2026-06-12,Chennai,49,Organic
1978,2026-05-06,Chennai,31,Google Ads
1979,2026-02-02,Jaipur,50,Google Ads
1980,2026-06-30,Mumbai,34,Instagram
1981,2026-01-09,Bengaluru,44,Referral
1982,2026-01-31,Chennai,28,Google Ads
1983,2026-05-27,Pune,23,Instagram
1984,2026-01-31,Hyderabad,40,Referral
1985,2026-03-19,Pune,52,Google Ads
1986,2026-02-06,Bengaluru,47,Google Ads
1987,2026-03-20,Pune,34,Google Ads
1988,2026-07-09,Jaipur,21,Google Ads
1989,2026-03-31,Mumbai,23,Instagram
1990,2026-05-27,Pune,49,Referral
1991,2026-07-20,Chennai,51,Referral
1992,2026-06-05,Bengaluru,29,Instagram
1993,2026-04-28,Jaipur,49,Google Ads
1994,2026-07-06,Hyderabad,26,Organic
1995,2026-06-20,Chennai,45,Google Ads
1996,2026-04-12,Hyderabad,55,Google Ads
1997,2026-06-21,Jaipur,38,Organic
1998,2026-02-12,Delhi,40,Organic
1999,2026-02-01,Mumbai,33,Referral
2000,2026-05-19,Delhi,54,Google Ads
2001,2026-05-02,Delhi,28,Organic
2002,2026-05-17,Bengaluru,22,Google Ads
2003,2026-02-22,Gurugram,49,Google Ads
2004,2026-05-17,Hyderabad,46,Organic
2005,2026-05-06,Delhi,42,Instagram
2006,2026-04-17,Delhi,54,Instagram
2007,2026-03-07,Mumbai,28,Referral
2008,2026-05-19,Bengaluru,39,Google Ads
2009,2026-03-07,Mumbai,30,Instagram
2010,2026-04-15,Bengaluru,24,Organic
2011,2026-03-25,Bengaluru,22,Organic
2012,2026-03-18,Chennai,27,Instagram
2013,2026-04-16,Hyderabad,37,Instagram
2014,2026-07-31,Mumbai,24,Google Ads
2015,2026-07-12,Gurugram,52,Instagram
2016,2026-05-10,Chennai,28,Google Ads
2017,2026-03-23,Jaipur,47,Google Ads
2018,2026-01-08,Chennai,35,Referral
2019,2026-01-05,Pune,27,Google Ads
2020,2026-05-23,Bengaluru,40,Organic
2021,2026-04-25,Mumbai,53,Google Ads
2022,2026-02-06,Hyderabad,55,Referral
2023,2026-07-20,Gurugram,55,Referral
2024,2026-05-23,Jaipur,23,Google Ads
2025,2026-04-29,Pune,31,Google Ads
2026,2026-05-04,Pune,37,Referral
2027,2026-04-08,Hyderabad,34,Organic
2028,2026-05-11,Pune,23,Google Ads
2029,2026-05-17,Mumbai,40,Google Ads
2030,2026-06-28,Mumbai,29,Organic
2031,2026-03-13,Chennai,34,Organic
2032,2026-07-25,Hyderabad,42,Organic
2033,2026-07-12,Jaipur,38,Google Ads
2034,2026-03-24,Hyderabad,34,Instagram
2035,2026-06-03,Hyderabad,22,Referral
2036,2026-02-04,Delhi,51,Google Ads
2037,2026-01-03,Bengaluru,47,Organic
2038,2026-06-28,Jaipur,46,Instagram
2039,2026-07-21,Mumbai,55,Google Ads
2040,2026-07-28,Jaipur,28,Instagram
2041,2026-07-28,Chennai,43,Instagram
2042,2026-07-16,Delhi,28,Instagram
2043,2026-02-19,Jaipur,21,Google Ads
2044,2026-01-06,Pune,43,Google Ads
2045,2026-07-28,Pune,35,Google Ads
2046,2026-05-07,Hyderabad,23,Google Ads
2047,2026-06-30,Gurugram,21,Google Ads
2048,2026-07-30,Chennai,28,Referral
2049,2026-05-26,Jaipur,31,Organic
2050,2026-06-18,Bengaluru,25,Organic
2051,2026-07-10,Mumbai,29,Google Ads
2052,2026-05-26,Gurugram,54,Organic
2053,2026-03-12,Gurugram,22,Referral
2054,2026-06-27,Pune,50,Google Ads
2055,2026-04-20,Delhi,41,Instagram
2056,2026-04-15,Pune,28,Organic
2057,2026-04-30,Jaipur,44,Instagram
2058,2026-01-12,Gurugram,24,Google Ads
2059,2026-04-18,Jaipur,41,Google Ads
2060,2026-02-19,Hyderabad,26,Referral
2061,2026-07-26,Delhi,35,Referral
2062,2026-04-19,Mumbai,36,Google Ads
2063,2026-03-26,Pune,25,Organic
2064,2026-01-25,Delhi,51,Instagram
2065,2026-01-07,Hyderabad,37,Google Ads
2066,2026-05-02,Gurugram,42,Referral
2067,2026-07-30,Hyderabad,54,Organic
2068,2026-01-19,Jaipur,27,Organic
2069,2026-05-29,Mumbai,26,Referral
2070,2026-01-09,Chennai,41,Referral
2071,2026-06-27,Mumbai,29,Google Ads
2072,2026-07-25,Jaipur,24,Instagram
2073,2026-06-10,Chennai,25,Google Ads
2074,2026-01-15,Delhi,39,Referral
2075,2026-04-13,Mumbai,47,Google Ads
2076,2026-06-03,Delhi,50,Instagram
2077,2026-07-23,Chennai,27,Instagram
2078,2026-06-22,Delhi,50,Instagram
2079,2026-05-31,Gurugram,27,Google Ads
2080,2026-06-02,Mumbai,33,Referral
2081,2026-02-02,Pune,43,Instagram
2082,2026-07-05,Jaipur,32,Google Ads
2083,2026-07-24,Delhi,24,Google Ads
2084,2026-05-30,Chennai,53,Referral
2085,2026-07-13,Hyderabad,40,Organic
2086,2026-05-19,Bengaluru,30,Instagram
2087,2026-06-04,Hyderabad,39,Instagram
2088,2026-01-03,Bengaluru,24,Google Ads
2089,2026-07-29,Delhi,48,Instagram
2090,2026-02-21,Gurugram,25,Instagram
2091,2026-06-20,Jaipur,50,Organic
2092,2026-03-26,Hyderabad,40,Instagram
2093,2026-02-11,Mumbai,50,Referral
2094,2026-01-11,Jaipur,35,Referral
2095,2026-06-13,Gurugram,35,Instagram
2096,2026-02-24,Gurugram,51,Organic
2097,2026-07-28,Hyderabad,45,Google Ads
2098,2026-02-17,Delhi,44,Google Ads
2099,2026-04-02,Delhi,28,Google Ads
2100,2026-04-23,Gurugram,44,Google Ads
2101,2026-01-08,Gurugram,33,Google Ads
2102,2026-02-26,Pune,32,Instagram
2103,2026-05-22,Gurugram,32,Google Ads
2104,2026-02-15,Pune,27,Google Ads
2105,2026-06-23,Bengaluru,45,Organic
2106,2026-01-29,Hyderabad,34,Instagram
2107,2026-03-03,Hyderabad,44,Organic
2108,2026-05-15,Chennai,25,Google Ads
2109,2026-02-03,Gurugram,33,Instagram
2110,2026-06-27,Hyderabad,41,Organic
2111,2026-06-12,Gurugram,23,Organic
2112,2026-05-31,Gurugram,55,Google Ads
2113,2026-02-08,Hyderabad,36,Google Ads
2114,2026-07-23,Pune,29,Referral
2115,2026-05-30,Jaipur,34,Organic
2116,2026-07-20,Jaipur,25,Google Ads
2117,2026-04-10,Hyderabad,52,Instagram
2118,2026-02-15,Hyderabad,44,Instagram
2119,2026-05-04,Jaipur,51,Google Ads
2120,2026-04-13,Delhi,34,Google Ads
2121,2026-02-21,Jaipur,36,Instagram
2122,2026-03-20,Chennai,45,Organic
2123,2026-04-06,Pune,26,Google Ads
2124,2026-01-22,Pune,49,Instagram
2125,2026-02-28,Delhi,50,Instagram
2126,2026-03-28,Chennai,49,Instagram
2127,2026-04-15,Hyderabad,52,Instagram
2128,2026-04-08,Delhi,32,Instagram
2129,2026-03-09,Mumbai,43,Referral
2130,2026-03-17,Mumbai,38,Referral
2131,2026-01-26,Mumbai,25,Instagram
2132,2026-05-20,Gurugram,42,Google Ads
2133,2026-03-26,Pune,40,Organic
2134,2026-07-16,Pune,33,Organic
2135,2026-02-05,Pune,21,Organic
2136,2026-03-14,Hyderabad,46,Referral
2137,2026-07-30,Delhi,51,Organic
2138,2026-07-14,Bengaluru,46,Google Ads
2139,2026-07-05,Gurugram,51,Google Ads
2140,2026-05-31,Jaipur,50,Instagram
2141,2026-01-22,Hyderabad,33,Instagram
2142,2026-06-28,Chennai,34,Instagram
2143,2026-05-23,Delhi,44,Google Ads
2144,2026-02-02,Pune,21,Instagram
2145,2026-06-18,Hyderabad,42,Google Ads
2146,2026-04-19,Chennai,55,Google Ads
2147,2026-05-31,Delhi,23,Referral
2148,2026-02-09,Hyderabad,46,Referral
2149,2026-02-22,Chennai,25,Instagram
2150,2026-02-18,Jaipur,27,Instagram
2151,2026-04-26,Pune,26,Google Ads
2152,2026-06-22,Bengaluru,23,Referral
2153,2026-06-04,Jaipur,22,Google Ads
2154,2026-01-18,Chennai,39,Google Ads
2155,2026-03-16,Mumbai,50,Google Ads
2156,2026-05-13,Delhi,31,Instagram
2157,2026-04-16,Chennai,31,Referral
2158,2026-02-03,Chennai,51,Organic
2159,2026-04-10,Gurugram,29,Referral
2160,2026-03-21,Chennai,51,Google Ads
2161,2026-05-28,Pune,33,Instagram
2162,2026-06-25,Jaipur,38,Google Ads
2163,2026-02-06,Jaipur,25,Referral
2164,2026-06-04,Gurugram,54,Instagram
2165,2026-05-26,Jaipur,50,Instagram
2166,2026-01-11,Mumbai,39,Organic
2167,2026-04-27,Hyderabad,40,Instagram
2168,2026-07-30,Bengaluru,47,Google Ads
2169,2026-06-08,Chennai,50,Instagram
2170,2026-06-18,Bengaluru,27,Instagram
2171,2026-01-12,Gurugram,31,Google Ads
2172,2026-06-10,Pune,25,Organic
2173,2026-07-04,Gurugram,52,Instagram
2174,2026-07-15,Mumbai,44,Google Ads
2175,2026-01-27,Hyderabad,47,Instagram
2176,2026-03-06,Gurugram,53,Google Ads
2177,2026-01-07,Mumbai,50,Instagram
2178,2026-07-10,Chennai,33,Instagram
2179,2026-01-03,Pune,28,Organic
2180,2026-02-04,Hyderabad,50,Instagram
2181,2026-01-18,Mumbai,36,Organic
2182,2026-04-23,Bengaluru,51,Referral
2183,2026-02-11,Bengaluru,22,Organic
2184,2026-02-15,Pune,28,Instagram
2185,2026-04-11,Bengaluru,25,Organic
2186,2026-01-03,Pune,30,Instagram
2187,2026-02-15,Gurugram,23,Referral
2188,2026-05-17,Gurugram,49,Organic
2189,2026-06-12,Mumbai,45,Organic
2190,2026-04-24,Delhi,21,Google Ads
2191,2026-04-07,Gurugram,36,Instagram
2192,2026-03-03,Gurugram,26,Google Ads
2193,2026-01-08,Delhi,42,Referral
2194,2026-06-24,Mumbai,35,Referral
2195,2026-01-25,Bengaluru,31,Google Ads
2196,2026-05-12,Mumbai,41,Instagram
2197,2026-06-10,Gurugram,34,Referral
2198,2026-04-12,Chennai,28,Google Ads
2199,2026-01-28,Hyderabad,41,Google Ads
2200,2026-04-13,Hyderabad,21,Instagram
2201,2026-04-28,Gurugram,25,Organic
2202,2026-03-13,Hyderabad,23,Google Ads
2203,2026-02-25,Chennai,40,Organic
2204,2026-05-08,Mumbai,55,Organic
2205,2026-05-26,Bengaluru,37,Referral
2206,2026-06-03,Hyderabad,45,Organic
2207,2026-07-17,Bengaluru,42,Google Ads
2208,2026-07-14,Hyderabad,51,Google Ads
2209,2026-01-05,Jaipur,45,Instagram
2210,2026-07-09,Gurugram,53,Organic
2211,2026-01-04,Gurugram,22,Organic
2212,2026-02-01,Pune,36,Organic
2213,2026-07-13,Gurugram,26,Google Ads
2214,2026-04-06,Jaipur,39,Google Ads
2215,2026-04-07,Gurugram,23,Google Ads
2216,2026-07-05,Jaipur,42,Google Ads
2217,2026-03-23,Delhi,54,Organic
2218,2026-04-17,Pune,22,Google Ads
2219,2026-07-07,Hyderabad,42,Google Ads
2220,2026-05-19,Delhi,36,Referral
2221,2026-06-28,Gurugram,45,Instagram
2222,2026-02-16,Jaipur,21,Google Ads
2223,2026-05-06,Mumbai,33,Google Ads
2224,2026-02-06,Gurugram,29,Google Ads
2225,2026-06-01,Gurugram,36,Instagram
2226,2026-04-20,Jaipur,40,Google Ads
2227,2026-02-20,Gurugram,48,Google Ads
2228,2026-03-05,Pune,39,Organic
2229,2026-06-12,Gurugram,38,Referral
2230,2026-05-04,Mumbai,44,Instagram
2231,2026-02-12,Jaipur,49,Instagram
2232,2026-06-06,Chennai,30,Referral
2233,2026-07-23,Jaipur,22,Organic
2234,2026-04-20,Mumbai,40,Organic
2235,2026-02-09,Bengaluru,37,Instagram
2236,2026-03-20,Jaipur,39,Instagram
2237,2026-06-05,Jaipur,25,Instagram
2238,2026-07-03,Jaipur,33,Google Ads
2239,2026-02-18,Delhi,21,Referral
2240,2026-07-06,Hyderabad,52,Instagram
2241,2026-04-17,Chennai,44,Instagram
2242,2026-03-20,Mumbai,47,Referral
2243,2026-02-01,Chennai,31,Google Ads
2244,2026-04-22,Pune,43,Instagram
2245,2026-05-06,Hyderabad,24,Organic
2246,2026-04-19,Gurugram,36,Instagram
2247,2026-07-28,Hyderabad,22,Organic
2248,2026-06-15,Bengaluru,37,Organic
2249,2026-06-24,Bengaluru,37,Google Ads
2250,2026-05-29,Bengaluru,21,Google Ads
2251,2026-01-24,Chennai,46,Organic
2252,2026-01-21,Gurugram,48,Google Ads
2253,2026-04-20,Pune,40,Instagram
2254,2026-05-17,Chennai,40,Organic
2255,2026-07-12,Mumbai,27,Organic
2256,2026-07-18,Hyderabad,30,Google Ads
2257,2026-02-23,Chennai,40,Google Ads
2258,2026-02-13,Jaipur,21,Google Ads
2259,2026-07-18,Chennai,54,Instagram
2260,2026-03-15,Chennai,31,Google Ads
2261,2026-02-17,Bengaluru,33,Instagram
2262,2026-05-09,Mumbai,49,Organic
2263,2026-02-24,Bengaluru,33,Google Ads
2264,2026-02-16,Gurugram,37,Referral
2265,2026-04-15,Jaipur,27,Referral
2266,2026-02-12,Mumbai,39,Google Ads
2267,2026-02-01,Pune,25,Instagram
2268,2026-05-30,Gurugram,51,Instagram
2269,2026-07-14,Mumbai,21,Google Ads
2270,2026-07-12,Delhi,23,Google Ads
2271,2026-05-14,Delhi,45,Organic
2272,2026-07-14,Pune,52,Instagram
2273,2026-03-28,Chennai,42,Instagram
2274,2026-03-29,Hyderabad,36,Referral
2275,2026-06-20,Chennai,45,Organic
2276,2026-04-02,Hyderabad,27,Google Ads
2277,2026-06-28,Chennai,29,Google Ads
2278,2026-02-01,Pune,36,Instagram
2279,2026-06-08,Jaipur,53,Instagram
2280,2026-02-18,Delhi,41,Google Ads
2281,2026-04-03,Delhi,41,Organic
2282,2026-03-01,Jaipur,46,Organic
2283,2026-07-23,Mumbai,43,Instagram
2284,2026-05-02,Mumbai,45,Google Ads
2285,2026-02-19,Bengaluru,54,Referral
2286,2026-07-20,Delhi,29,Instagram
2287,2026-01-23,Pune,50,Google Ads
2288,2026-04-25,Mumbai,51,Organic
2289,2026-03-03,Gurugram,34,Google Ads
2290,2026-06-18,Mumbai,27,Instagram
2291,2026-07-03,Delhi,31,Referral
2292,2026-03-25,Chennai,38,Google Ads
2293,2026-03-07,Jaipur,28,Organic
2294,2026-05-17,Jaipur,26,Organic
2295,2026-03-27,Gurugram,25,Organic
2296,2026-04-07,Chennai,48,Referral
2297,2026-02-27,Pune,28,Google Ads
2298,2026-01-29,Mumbai,42,Organic
2299,2026-02-18,Mumbai,44,Google Ads
2300,2026-03-22,Chennai,21,Instagram
2301,2026-06-01,Gurugram,45,Referral
2302,2026-03-23,Hyderabad,29,Instagram
2303,2026-06-04,Gurugram,27,Instagram
2304,2026-05-18,Jaipur,41,Google Ads
2305,2026-03-17,Gurugram,52,Organic
2306,2026-02-07,Pune,30,Organic
2307,2026-07-25,Delhi,41,Instagram
2308,2026-06-26,Mumbai,38,Referral
2309,2026-06-30,Jaipur,34,Instagram
2310,2026-06-30,Chennai,24,Referral
2311,2026-03-27,Bengaluru,34,Referral
2312,2026-07-27,Gurugram,24,Referral
2313,2026-07-18,Bengaluru,52,Organic
2314,2026-03-18,Bengaluru,22,Instagram
2315,2026-03-28,Chennai,51,Referral
2316,2026-07-13,Chennai,46,Google Ads
2317,2026-07-06,Pune,39,Organic
2318,2026-02-19,Chennai,27,Google Ads
2319,2026-07-12,Delhi,40,Instagram
2320,2026-02-11,Bengaluru,49,Organic
2321,2026-03-16,Bengaluru,34,Google Ads
2322,2026-07-11,Gurugram,21,Instagram
2323,2026-05-28,Mumbai,30,Instagram
2324,2026-04-20,Bengaluru,24,Google Ads
2325,2026-05-02,Bengaluru,24,Google Ads
2326,2026-05-12,Hyderabad,48,Referral
2327,2026-06-10,Chennai,36,Google Ads
2328,2026-03-03,Chennai,52,Instagram
2329,2026-06-02,Bengaluru,45,Organic
2330,2026-07-23,Mumbai,50,Referral
2331,2026-06-16,Chennai,38,Organic
2332,2026-04-24,Hyderabad,21,Google Ads
2333,2026-01-22,Mumbai,52,Organic
2334,2026-05-11,Gurugram,22,Organic
2335,2026-05-27,Jaipur,38,Organic
2336,2026-01-25,Bengaluru,45,Instagram
2337,2026-06-15,Chennai,40,Organic
2338,2026-01-26,Hyderabad,25,Organic
2339,2026-07-23,Bengaluru,46,Referral
2340,2026-01-06,Chennai,55,Organic
2341,2026-05-16,Jaipur,25,Instagram
2342,2026-05-30,Mumbai,34,Referral
2343,2026-01-31,Bengaluru,32,Google Ads
2344,2026-04-25,Hyderabad,28,Google Ads
2345,2026-05-28,Gurugram,31,Google Ads
2346,2026-03-07,Delhi,26,Referral
2347,2026-05-10,Pune,44,Referral
2348,2026-02-13,Chennai,21,Google Ads
2349,2026-01-12,Pune,55,Instagram
2350,2026-05-28,Jaipur,41,Instagram
2351,2026-04-01,Gurugram,27,Organic
2352,2026-01-12,Gurugram,23,Google Ads
2353,2026-03-18,Gurugram,29,Organic
2354,2026-02-25,Hyderabad,38,Google Ads
2355,2026-06-09,Chennai,25,Instagram
2356,2026-03-08,Chennai,31,Instagram
2357,2026-01-22,Pune,48,Referral
2358,2026-02-06,Gurugram,25,Organic
2359,2026-03-10,Gurugram,44,Organic
2360,2026-06-15,Bengaluru,47,Referral
2361,2026-03-22,Chennai,45,Google Ads
2362,2026-06-04,Gurugram,25,Google Ads
2363,2026-05-17,Mumbai,47,Google Ads
2364,2026-06-13,Mumbai,44,Referral
2365,2026-07-19,Pune,30,Referral
2366,2026-02-27,Pune,21,Google Ads
2367,2026-02-26,Chennai,27,Organic
2368,2026-02-01,Bengaluru,54,Organic
2369,2026-03-20,Jaipur,27,Instagram
2370,2026-06-29,Pune,38,Organic
2371,2026-01-13,Bengaluru,41,Referral
2372,2026-04-10,Bengaluru,43,Referral
2373,2026-06-23,Chennai,51,Organic
2374,2026-03-08,Delhi,53,Organic
2375,2026-06-18,Bengaluru,30,Instagram
2376,2026-07-08,Pune,24,Referral
2377,2026-06-13,Hyderabad,36,Organic
2378,2026-04-18,Jaipur,32,Instagram
2379,2026-04-01,Jaipur,53,Google Ads
2380,2026-04-20,Gurugram,40,Organic
2381,2026-01-23,Pune,47,Organic
2382,2026-01-24,Mumbai,25,Organic
2383,2026-01-24,Bengaluru,24,Google Ads
2384,2026-03-15,Jaipur,21,Referral
2385,2026-04-19,Bengaluru,51,Instagram
2386,2026-06-25,Mumbai,46,Google Ads
2387,2026-02-18,Delhi,48,Organic
2388,2026-07-11,Hyderabad,36,Referral
2389,2026-06-19,Delhi,49,Referral
2390,2026-06-22,Gurugram,32,Google Ads
2391,2026-02-04,Hyderabad,24,Instagram
2392,2026-04-08,Bengaluru,44,Referral
2393,2026-03-28,Gurugram,55,Referral
2394,2026-01-31,Pune,40,Instagram
2395,2026-03-09,Gurugram,21,Organic
2396,2026-05-26,Chennai,34,Referral
2397,2026-06-14,Delhi,50,Referral
2398,2026-05-05,Delhi,43,Google Ads
2399,2026-04-28,Hyderabad,40,Instagram
2400,2026-01-02,Hyderabad,32,Instagram
2401,2026-01-03,Mumbai,48,Instagram
2402,2026-01-22,Bengaluru,47,Google Ads
2403,2026-05-05,Delhi,30,Organic
2404,2026-03-06,Gurugram,51,Instagram
2405,2026-03-18,Hyderabad,48,Referral
2406,2026-05-18,Pune,27,Referral
2407,2026-06-18,Jaipur,31,Google Ads
2408,2026-07-11,Chennai,21,Instagram
2409,2026-07-01,Gurugram,28,Google Ads
2410,2026-01-11,Bengaluru,46,Instagram
2411,2026-03-26,Delhi,31,Organic
2412,2026-05-03,Pune,28,Instagram
2413,2026-05-21,Jaipur,29,Instagram
2414,2026-07-15,Chennai,53,Organic
2415,2026-07-09,Chennai,29,Google Ads
2416,2026-01-28,Delhi,29,Google Ads
2417,2026-05-09,Delhi,36,Google Ads
2418,2026-03-29,Chennai,21,Instagram
2419,2026-03-16,Pune,52,Google Ads
2420,2026-04-20,Gurugram,30,Organic
2421,2026-02-17,Gurugram,38,Organic
2422,2026-03-09,Gurugram,48,Google Ads
2423,2026-06-30,Mumbai,53,Organic
2424,2026-02-18,Bengaluru,35,Google Ads
2425,2026-04-13,Delhi,38,Referral
2426,2026-02-07,Chennai,22,Organic
2427,2026-01-24,Delhi,45,Instagram
2428,2026-03-20,Gurugram,35,Instagram
2429,2026-05-03,Delhi,53,Instagram
2430,2026-01-14,Pune,28,Google Ads
2431,2026-03-13,Hyderabad,47,Google Ads
2432,2026-01-13,Bengaluru,23,Google Ads
2433,2026-06-19,Hyderabad,34,Google Ads
2434,2026-03-13,Mumbai,48,Google Ads
2435,2026-05-06,Hyderabad,42,Instagram
2436,2026-01-25,Delhi,29,Instagram
2437,2026-07-09,Hyderabad,54,Organic
2438,2026-03-02,Pune,34,Organic
2439,2026-01-23,Mumbai,29,Organic
2440,2026-06-04,Mumbai,23,Organic
2441,2026-06-17,Gurugram,33,Organic
2442,2026-01-26,Mumbai,55,Organic
2443,2026-03-19,Jaipur,33,Instagram
2444,2026-02-09,Delhi,29,Google Ads
2445,2026-05-21,Pune,43,Referral
2446,2026-04-25,Mumbai,48,Google Ads
2447,2026-04-18,Delhi,31,Organic
2448,2026-06-28,Bengaluru,39,Google Ads
2449,2026-05-25,Delhi,33,Organic
2450,2026-04-12,Jaipur,55,Referral
2451,2026-01-20,Bengaluru,49,Organic
2452,2026-04-09,Chennai,46,Organic
2453,2026-02-22,Bengaluru,21,Google Ads
2454,2026-02-25,Delhi,53,Instagram
2455,2026-07-01,Pune,40,Referral
2456,2026-03-17,Pune,28,Google Ads
2457,2026-01-12,Gurugram,39,Google Ads
2458,2026-02-07,Pune,29,Google Ads
2459,2026-07-22,Delhi,36,Referral
2460,2026-02-23,Mumbai,21,Organic
2461,2026-06-11,Hyderabad,41,Google Ads
2462,2026-06-30,Pune,29,Instagram
2463,2026-06-06,Pune,41,Referral
2464,2026-06-10,Delhi,43,Google Ads
2465,2026-03-13,Bengaluru,37,Referral
2466,2026-05-18,Mumbai,45,Referral
2467,2026-03-07,Gurugram,49,Google Ads
2468,2026-03-10,Gurugram,46,Google Ads
2469,2026-03-01,Chennai,44,Google Ads
2470,2026-05-03,Mumbai,52,Google Ads
2471,2026-02-17,Bengaluru,33,Organic
2472,2026-07-06,Bengaluru,39,Google Ads
2473,2026-02-11,Bengaluru,46,Organic
2474,2026-02-18,Mumbai,30,Google Ads
2475,2026-03-04,Jaipur,46,Google Ads
2476,2026-05-15,Bengaluru,21,Organic
2477,2026-04-07,Chennai,22,Google Ads
2478,2026-01-04,Delhi,29,Google Ads
2479,2026-01-22,Pune,30,Referral
2480,2026-06-03,Delhi,21,Referral
2481,2026-01-28,Hyderabad,26,Google Ads
2482,2026-05-03,Jaipur,31,Instagram
2483,2026-05-03,Bengaluru,36,Google Ads
2484,2026-06-27,Pune,55,Google Ads
2485,2026-07-31,Delhi,27,Instagram
2486,2026-01-27,Chennai,30,Google Ads
2487,2026-02-27,Delhi,35,Instagram
2488,2026-02-07,Hyderabad,39,Google Ads
2489,2026-06-25,Chennai,28,Instagram
2490,2026-01-29,Gurugram,27,Referral
2491,2026-03-14,Hyderabad,25,Organic
2492,2026-01-31,Hyderabad,26,Referral
2493,2026-06-04,Bengaluru,32,Instagram
2494,2026-03-27,Bengaluru,48,Google Ads
2495,2026-06-20,Pune,39,Instagram
2496,2026-01-27,Pune,52,Organic
2497,2026-03-09,Mumbai,21,Referral
2498,2026-02-08,Bengaluru,41,Google Ads
2499,2026-04-25,Jaipur,25,Google Ads
2500,2026-04-20,Pune,30,Google Ads
2501,2026-02-02,Bengaluru,45,Instagram
2502,2026-05-07,Chennai,51,Organic
2503,2026-04-16,Hyderabad,29,Referral
2504,2026-06-17,Gurugram,45,Instagram
2505,2026-05-08,Jaipur,55,Instagram
2506,2026-02-28,Chennai,26,Organic
2507,2026-04-18,Gurugram,26,Google Ads
2508,2026-01-01,Gurugram,22,Instagram
2509,2026-05-02,Bengaluru,28,Google Ads
2510,2026-03-31,Hyderabad,29,Google Ads
2511,2026-02-06,Chennai,36,Google Ads
2512,2026-02-27,Delhi,29,Google Ads
2513,2026-06-28,Bengaluru,45,Organic
2514,2026-06-28,Chennai,44,Google Ads
2515,2026-01-28,Mumbai,51,Referral
2516,2026-02-10,Delhi,30,Instagram
2517,2026-01-21,Gurugram,25,Google Ads
2518,2026-07-28,Chennai,30,Organic
2519,2026-05-01,Bengaluru,54,Organic
2520,2026-03-18,Jaipur,47,Organic
2521,2026-04-24,Delhi,39,Google Ads
2522,2026-01-16,Delhi,32,Instagram
2523,2026-01-03,Chennai,48,Organic
2524,2026-04-27,Pune,53,Instagram
2525,2026-02-28,Chennai,31,Google Ads
2526,2026-01-24,Chennai,29,Organic
2527,2026-04-13,Delhi,35,Instagram
2528,2026-07-30,Mumbai,50,Instagram
2529,2026-06-17,Chennai,45,Google Ads
2530,2026-07-25,Hyderabad,48,Google Ads
2531,2026-01-28,Mumbai,25,Instagram
2532,2026-07-19,Hyderabad,22,Google Ads
2533,2026-02-11,Mumbai,25,Google Ads
2534,2026-01-03,Pune,33,Organic
2535,2026-06-13,Delhi,36,Google Ads
2536,2026-05-26,Delhi,51,Google Ads
2537,2026-03-22,Mumbai,40,Google Ads
2538,2026-04-02,Pune,46,Instagram
2539,2026-03-22,Chennai,43,Referral
2540,2026-06-29,Mumbai,42,Instagram
2541,2026-07-09,Mumbai,53,Referral
2542,2026-02-08,Delhi,45,Instagram
2543,2026-01-10,Pune,31,Google Ads
2544,2026-04-29,Mumbai,26,Referral
2545,2026-03-01,Gurugram,30,Organic
2546,2026-02-11,Hyderabad,49,Organic
2547,2026-03-28,Pune,44,Organic
2548,2026-04-21,Delhi,45,Google Ads
2549,2026-06-06,Mumbai,30,Organic
2550,2026-05-08,Mumbai,21,Google Ads
2551,2026-03-21,Mumbai,52,Google Ads
2552,2026-03-22,Bengaluru,39,Google Ads
2553,2026-03-13,Hyderabad,43,Google Ads
2554,2026-02-15,Jaipur,37,Referral
2555,2026-03-07,Jaipur,29,Referral
2556,2026-05-26,Jaipur,23,Instagram
2557,2026-03-15,Chennai,47,Referral
2558,2026-06-24,Bengaluru,49,Instagram
2559,2026-06-09,Hyderabad,44,Google Ads
2560,2026-04-16,Jaipur,37,Referral
2561,2026-06-24,Delhi,24,Organic
2562,2026-03-04,Delhi,30,Referral
2563,2026-03-16,Chennai,31,Organic
2564,2026-01-19,Gurugram,45,Referral
2565,2026-06-21,Mumbai,43,Instagram
2566,2026-06-14,Jaipur,27,Google Ads
2567,2026-07-07,Mumbai,46,Organic
2568,2026-02-21,Chennai,42,Google Ads
2569,2026-03-29,Jaipur,34,Organic
2570,2026-05-02,Mumbai,38,Instagram
2571,2026-05-20,Bengaluru,51,Google Ads
2572,2026-02-24,Hyderabad,23,Referral
2573,2026-07-18,Chennai,24,Referral
2574,2026-04-03,Chennai,51,Google Ads
2575,2026-02-24,Delhi,48,Google Ads
2576,2026-06-12,Bengaluru,26,Google Ads
2577,2026-03-12,Chennai,26,Google Ads
2578,2026-07-02,Jaipur,47,Instagram
2579,2026-06-21,Pune,32,Referral
2580,2026-01-24,Chennai,42,Referral
2581,2026-03-18,Bengaluru,33,Instagram
2582,2026-04-18,Jaipur,51,Instagram
2583,2026-07-20,Bengaluru,48,Instagram
2584,2026-06-27,Chennai,21,Organic
2585,2026-06-02,Gurugram,25,Organic
2586,2026-05-29,Bengaluru,41,Organic
2587,2026-07-30,Hyderabad,21,Google Ads
2588,2026-04-28,Bengaluru,52,Referral
2589,2026-01-30,Chennai,37,Instagram
2590,2026-01-01,Jaipur,29,Organic
2591,2026-06-13,Mumbai,23,Google Ads
2592,2026-02-18,Chennai,55,Organic
2593,2026-06-03,Chennai,34,Instagram
2594,2026-02-18,Delhi,44,Referral
2595,2026-01-05,Pune,40,Instagram
2596,2026-02-01,Jaipur,50,Instagram
2597,2026-04-01,Hyderabad,55,Instagram
2598,2026-07-15,Hyderabad,28,Referral
2599,2026-04-28,Chennai,44,Google Ads
2600,2026-06-02,Bengaluru,55,Instagram
2601,2026-03-14,Chennai,39,Organic
2602,2026-01-26,Mumbai,27,Google Ads
2603,2026-01-05,Chennai,27,Instagram
2604,2026-07-12,Mumbai,49,Instagram
2605,2026-07-26,Delhi,39,Referral
2606,2026-02-24,Gurugram,50,Organic
2607,2026-01-30,Gurugram,51,Referral
2608,2026-03-31,Jaipur,47,Referral
2609,2026-06-15,Chennai,21,Referral
2610,2026-07-20,Gurugram,53,Google Ads
2611,2026-06-18,Pune,40,Referral
2612,2026-07-23,Chennai,36,Google Ads
2613,2026-04-17,Delhi,21,Google Ads
2614,2026-07-22,Hyderabad,54,Referral
2615,2026-06-03,Hyderabad,42,Google Ads
2616,2026-05-27,Chennai,36,Organic
2617,2026-04-11,Gurugram,46,Referral
2618,2026-07-25,Chennai,29,Referral
2619,2026-04-10,Bengaluru,46,Referral
2620,2026-05-13,Bengaluru,48,Google Ads
2621,2026-07-01,Bengaluru,53,Google Ads
2622,2026-05-28,Chennai,37,Referral
2623,2026-02-10,Hyderabad,34,Google Ads
2624,2026-01-07,Chennai,21,Organic
2625,2026-06-01,Bengaluru,22,Organic
2626,2026-05-20,Mumbai,45,Google Ads
2627,2026-07-07,Bengaluru,50,Organic
2628,2026-07-19,Hyderabad,32,Google Ads
2629,2026-02-26,Pune,33,Instagram
2630,2026-03-04,Chennai,37,Organic
2631,2026-03-12,Mumbai,30,Organic
2632,2026-06-13,Mumbai,28,Instagram
2633,2026-06-02,Mumbai,27,Google Ads
2634,2026-03-09,Bengaluru,26,Google Ads
2635,2026-04-03,Gurugram,46,Google Ads
2636,2026-07-23,Delhi,47,Google Ads
2637,2026-06-10,Mumbai,34,Organic
2638,2026-04-07,Hyderabad,49,Referral
2639,2026-02-16,Pune,21,Referral
2640,2026-06-18,Delhi,28,Referral
2641,2026-03-30,Jaipur,55,Google Ads
2642,2026-05-14,Pune,28,Google Ads
2643,2026-01-08,Delhi,54,Instagram
2644,2026-02-09,Gurugram,44,Google Ads
2645,2026-02-25,Delhi,41,Google Ads
2646,2026-01-22,Bengaluru,38,Google Ads
2647,2026-02-21,Mumbai,43,Organic
2648,2026-06-16,Pune,50,Organic
2649,2026-05-07,Chennai,53,Referral
2650,2026-02-19,Pune,32,Google Ads
2651,2026-07-03,Pune,46,Google Ads
2652,2026-07-23,Pune,31,Organic
2653,2026-07-04,Jaipur,48,Referral
2654,2026-04-19,Pune,41,Organic
2655,2026-06-05,Chennai,48,Google Ads
2656,2026-04-01,Hyderabad,25,Instagram
2657,2026-01-09,Pune,47,Google Ads
2658,2026-07-31,Hyderabad,46,Google Ads
2659,2026-02-16,Hyderabad,48,Organic
2660,2026-04-02,Gurugram,25,Google Ads
2661,2026-04-06,Hyderabad,30,Organic
2662,2026-02-01,Delhi,41,Organic
2663,2026-07-03,Hyderabad,34,Instagram
2664,2026-07-23,Hyderabad,35,Organic
2665,2026-04-09,Pune,34,Instagram
2666,2026-01-27,Pune,25,Organic
2667,2026-06-15,Chennai,48,Instagram
2668,2026-03-23,Gurugram,33,Google Ads
2669,2026-05-07,Jaipur,23,Referral
2670,2026-04-18,Mumbai,28,Instagram
2671,2026-06-03,Hyderabad,45,Google Ads
2672,2026-01-06,Pune,22,Organic
2673,2026-05-28,Delhi,50,Google Ads
2674,2026-04-14,Delhi,55,Referral
2675,2026-01-11,Hyderabad,22,Google Ads
2676,2026-01-25,Chennai,40,Google Ads
2677,2026-07-12,Hyderabad,46,Google Ads
2678,2026-07-18,Hyderabad,52,Organic
2679,2026-04-11,Pune,50,Instagram
2680,2026-06-14,Mumbai,44,Referral
2681,2026-01-27,Delhi,35,Google Ads
2682,2026-01-03,Bengaluru,27,Referral
2683,2026-06-26,Chennai,35,Google Ads
2684,2026-02-18,Hyderabad,55,Referral
2685,2026-06-26,Delhi,37,Referral
2686,2026-01-12,Mumbai,24,Referral
2687,2026-01-20,Pune,42,Organic
2688,2026-07-22,Chennai,38,Organic
2689,2026-02-05,Jaipur,28,Google Ads
2690,2026-02-07,Chennai,49,Organic
2691,2026-05-14,Gurugram,51,Organic
2692,2026-03-13,Hyderabad,51,Google Ads
2693,2026-03-09,Pune,26,Instagram
2694,2026-03-04,Gurugram,25,Google Ads
2695,2026-05-07,Delhi,34,Google Ads
2696,2026-02-25,Jaipur,45,Google Ads
2697,2026-01-27,Hyderabad,34,Referral
2698,2026-07-14,Hyderabad,40,Organic
2699,2026-06-17,Bengaluru,53,Google Ads
2700,2026-02-03,Gurugram,44,Instagram
2701,2026-04-26,Gurugram,46,Google Ads
2702,2026-03-13,Chennai,31,Organic
2703,2026-05-28,Mumbai,30,Instagram
2704,2026-01-28,Mumbai,36,Google Ads
2705,2026-04-28,Bengaluru,38,Google Ads
2706,2026-06-19,Jaipur,43,Google Ads
2707,2026-05-21,Mumbai,43,Instagram
2708,2026-02-08,Chennai,53,Instagram
2709,2026-03-27,Delhi,49,Google Ads
2710,2026-01-26,Delhi,45,Organic
2711,2026-04-19,Gurugram,39,Google Ads
2712,2026-02-15,Pune,54,Organic
2713,2026-05-13,Chennai,27,Organic
2714,2026-06-15,Gurugram,28,Google Ads
2715,2026-01-14,Delhi,38,Google Ads
2716,2026-05-17,Mumbai,38,Google Ads
2717,2026-06-08,Chennai,46,Instagram
2718,2026-02-26,Pune,52,Google Ads
2719,2026-07-21,Gurugram,43,Organic
2720,2026-06-30,Pune,21,Google Ads
2721,2026-05-09,Jaipur,40,Referral
2722,2026-06-26,Gurugram,31,Instagram
2723,2026-01-18,Bengaluru,32,Instagram
2724,2026-04-27,Bengaluru,21,Organic
2725,2026-04-20,Hyderabad,22,Google Ads
2726,2026-03-09,Mumbai,31,Organic
2727,2026-01-03,Hyderabad,51,Organic
2728,2026-05-06,Gurugram,51,Google Ads
2729,2026-07-29,Delhi,39,Referral
2730,2026-05-15,Bengaluru,30,Organic
2731,2026-01-26,Pune,42,Instagram
2732,2026-07-08,Hyderabad,55,Google Ads
2733,2026-05-05,Pune,44,Instagram
2734,2026-07-31,Hyderabad,40,Organic
2735,2026-05-13,Jaipur,28,Google Ads
2736,2026-05-13,Delhi,30,Referral
2737,2026-02-26,Bengaluru,43,Instagram
2738,2026-03-04,Chennai,44,Google Ads
2739,2026-01-23,Gurugram,45,Organic
2740,2026-03-12,Jaipur,54,Google Ads
2741,2026-06-23,Hyderabad,42,Instagram
2742,2026-04-17,Pune,40,Google Ads
2743,2026-05-29,Hyderabad,28,Instagram
2744,2026-04-27,Hyderabad,39,Google Ads
2745,2026-01-03,Jaipur,30,Instagram
2746,2026-02-08,Pune,31,Instagram
2747,2026-03-15,Mumbai,39,Google Ads
2748,2026-01-11,Gurugram,39,Referral
2749,2026-02-01,Delhi,52,Instagram
2750,2026-04-21,Hyderabad,21,Google Ads
2751,2026-02-05,Hyderabad,39,Organic
2752,2026-05-09,Bengaluru,26,Organic
2753,2026-02-06,Gurugram,48,Organic
2754,2026-01-21,Pune,35,Google Ads
2755,2026-04-01,Gurugram,45,Instagram
2756,2026-01-26,Pune,40,Organic
2757,2026-02-14,Chennai,41,Referral
2758,2026-02-05,Gurugram,37,Google Ads
2759,2026-05-22,Gurugram,40,Instagram
2760,2026-03-18,Jaipur,55,Google Ads
2761,2026-07-20,Chennai,27,Google Ads
2762,2026-04-24,Hyderabad,53,Referral
2763,2026-07-02,Hyderabad,50,Instagram
2764,2026-04-30,Chennai,47,Instagram
2765,2026-05-24,Delhi,47,Google Ads
2766,2026-02-05,Pune,36,Organic
2767,2026-04-06,Bengaluru,55,Referral
2768,2026-03-17,Delhi,46,Google Ads
2769,2026-06-21,Delhi,50,Referral
2770,2026-05-13,Jaipur,24,Google Ads
2771,2026-03-11,Mumbai,42,Organic
2772,2026-07-30,Pune,51,Organic
2773,2026-01-16,Mumbai,53,Organic
2774,2026-01-14,Gurugram,54,Google Ads
2775,2026-07-09,Jaipur,29,Google Ads
2776,2026-06-22,Bengaluru,40,Organic
2777,2026-07-04,Delhi,52,Organic
2778,2026-02-21,Mumbai,25,Google Ads
2779,2026-06-04,Mumbai,54,Google Ads
2780,2026-02-22,Mumbai,51,Google Ads
2781,2026-05-10,Jaipur,46,Google Ads
2782,2026-02-01,Pune,46,Instagram
2783,2026-02-17,Gurugram,55,Google Ads
2784,2026-06-06,Jaipur,28,Instagram
2785,2026-06-12,Delhi,32,Google Ads
2786,2026-07-10,Gurugram,31,Instagram
2787,2026-06-29,Gurugram,51,Instagram
2788,2026-03-16,Mumbai,52,Instagram
2789,2026-03-12,Chennai,45,Organic
2790,2026-01-28,Jaipur,47,Referral
2791,2026-02-07,Delhi,39,Instagram
2792,2026-05-25,Chennai,21,Organic
2793,2026-01-09,Jaipur,23,Referral
2794,2026-04-01,Bengaluru,50,Referral
2795,2026-04-28,Pune,21,Referral
2796,2026-04-02,Gurugram,43,Referral
2797,2026-05-15,Chennai,53,Google Ads
2798,2026-06-17,Bengaluru,43,Organic
2799,2026-05-25,Hyderabad,50,Organic
2800,2026-07-21,Bengaluru,38,Organic
2801,2026-06-18,Pune,46,Google Ads
2802,2026-06-15,Jaipur,45,Referral
2803,2026-06-05,Bengaluru,53,Organic
2804,2026-05-15,Pune,29,Organic
2805,2026-05-31,Hyderabad,46,Google Ads
2806,2026-01-08,Bengaluru,35,Google Ads
2807,2026-01-28,Jaipur,51,Instagram
2808,2026-03-01,Gurugram,27,Referral
2809,2026-02-14,Chennai,47,Referral
2810,2026-01-16,Pune,28,Google Ads
2811,2026-07-11,Mumbai,49,Organic
2812,2026-06-05,Delhi,32,Instagram
2813,2026-06-28,Jaipur,45,Google Ads
2814,2026-06-13,Gurugram,33,Google Ads
2815,2026-04-23,Pune,35,Google Ads
2816,2026-02-11,Chennai,54,Referral
2817,2026-02-19,Mumbai,22,Organic
2818,2026-06-21,Mumbai,34,Google Ads
2819,2026-02-05,Delhi,44,Organic
2820,2026-05-26,Mumbai,42,Google Ads
2821,2026-07-06,Jaipur,33,Referral
2822,2026-05-27,Jaipur,53,Instagram
2823,2026-06-08,Bengaluru,25,Instagram
2824,2026-06-10,Chennai,25,Organic
2825,2026-02-02,Pune,27,Google Ads
2826,2026-03-01,Delhi,55,Instagram
2827,2026-02-27,Pune,37,Instagram
2828,2026-04-02,Mumbai,31,Referral
2829,2026-01-20,Gurugram,54,Referral
2830,2026-05-09,Pune,46,Organic
2831,2026-05-20,Mumbai,51,Referral
2832,2026-03-09,Delhi,23,Instagram
2833,2026-03-08,Gurugram,42,Referral
2834,2026-01-16,Bengaluru,34,Instagram
2835,2026-07-07,Hyderabad,24,Google Ads
2836,2026-01-19,Delhi,43,Referral
2837,2026-04-17,Mumbai,51,Referral
2838,2026-03-11,Delhi,27,Google Ads
2839,2026-05-10,Gurugram,43,Instagram
2840,2026-03-19,Gurugram,22,Referral
2841,2026-01-07,Gurugram,55,Organic
2842,2026-04-08,Delhi,51,Google Ads
2843,2026-07-16,Chennai,29,Instagram
2844,2026-04-20,Bengaluru,28,Instagram
2845,2026-06-07,Hyderabad,43,Google Ads
2846,2026-04-22,Delhi,36,Google Ads
2847,2026-05-31,Delhi,35,Instagram
2848,2026-07-12,Delhi,21,Referral
2849,2026-03-05,Delhi,25,Google Ads
2850,2026-04-23,Bengaluru,39,Google Ads
2851,2026-03-31,Gurugram,39,Google Ads
2852,2026-04-12,Jaipur,28,Organic
2853,2026-01-20,Pune,55,Google Ads
2854,2026-06-30,Hyderabad,35,Instagram
2855,2026-03-19,Hyderabad,39,Referral
2856,2026-03-04,Pune,41,Organic
2857,2026-05-09,Mumbai,24,Instagram
2858,2026-04-16,Jaipur,38,Google Ads
2859,2026-02-05,Gurugram,40,Organic
2860,2026-02-23,Mumbai,44,Organic
2861,2026-07-21,Bengaluru,23,Referral
2862,2026-06-28,Jaipur,50,Referral
2863,2026-01-06,Jaipur,23,Google Ads
2864,2026-05-31,Chennai,40,Referral
2865,2026-01-22,Delhi,38,Referral
2866,2026-04-09,Jaipur,22,Referral
2867,2026-04-09,Jaipur,23,Google Ads
2868,2026-04-08,Bengaluru,48,Instagram
2869,2026-06-19,Pune,23,Instagram
2870,2026-03-31,Delhi,42,Referral
2871,2026-03-09,Gurugram,22,Instagram
2872,2026-06-09,Chennai,48,Organic
2873,2026-07-08,Delhi,27,Organic
2874,2026-07-04,Pune,55,Instagram
2875,2026-05-27,Pune,31,Referral
2876,2026-04-30,Gurugram,29,Referral
2877,2026-03-13,Pune,26,Referral
2878,2026-07-17,Pune,42,Organic
2879,2026-01-10,Pune,44,Google Ads
2880,2026-03-06,Delhi,28,Instagram
2881,2026-06-19,Hyderabad,37,Referral
2882,2026-04-24,Jaipur,22,Instagram
2883,2026-04-30,Delhi,43,Instagram
2884,2026-05-23,Gurugram,47,Google Ads
2885,2026-01-21,Pune,41,Referral
2886,2026-04-23,Bengaluru,37,Organic
2887,2026-03-12,Pune,52,Google Ads
2888,2026-06-11,Bengaluru,30,Referral
2889,2026-06-17,Delhi,35,Google Ads
2890,2026-01-10,Bengaluru,53,Referral
2891,2026-05-29,Hyderabad,23,Organic
2892,2026-02-28,Delhi,37,Referral
2893,2026-01-05,Hyderabad,55,Organic
2894,2026-06-03,Gurugram,43,Google Ads
2895,2026-05-10,Jaipur,28,Instagram
2896,2026-03-02,Gurugram,41,Organic
2897,2026-07-30,Chennai,25,Organic
2898,2026-03-14,Bengaluru,22,Instagram
2899,2026-07-21,Hyderabad,42,Referral
2900,2026-06-16,Hyderabad,51,Referral
2901,2026-03-17,Delhi,31,Instagram
2902,2026-03-16,Bengaluru,22,Google Ads
2903,2026-02-24,Hyderabad,53,Organic
2904,2026-07-09,Hyderabad,34,Instagram
2905,2026-05-30,Delhi,30,Instagram
2906,2026-06-16,Mumbai,25,Referral
2907,2026-02-27,Chennai,55,Organic
2908,2026-05-16,Delhi,51,Organic
2909,2026-05-14,Jaipur,41,Google Ads
2910,2026-05-28,Pune,36,Instagram
2911,2026-07-24,Hyderabad,35,Instagram
2912,2026-07-11,Mumbai,36,Instagram
2913,2026-04-15,Hyderabad,26,Instagram
2914,2026-05-10,Mumbai,44,Organic
2915,2026-06-04,Gurugram,49,Organic
2916,2026-02-28,Bengaluru,55,Google Ads
2917,2026-04-15,Bengaluru,37,Organic
2918,2026-03-29,Hyderabad,28,Google Ads
2919,2026-04-18,Bengaluru,52,Organic
2920,2026-07-17,Gurugram,32,Referral
2921,2026-01-04,Bengaluru,28,Instagram
2922,2026-07-15,Jaipur,27,Google Ads
2923,2026-01-09,Chennai,22,Organic
2924,2026-01-19,Bengaluru,53,Referral
2925,2026-04-10,Chennai,43,Google Ads
2926,2026-06-28,Gurugram,39,Google Ads
2927,2026-07-31,Hyderabad,27,Referral
2928,2026-01-12,Mumbai,43,Referral
2929,2026-04-15,Jaipur,48,Google Ads
2930,2026-05-03,Bengaluru,32,Organic
2931,2026-05-31,Mumbai,30,Referral
2932,2026-06-01,Hyderabad,50,Instagram
2933,2026-04-23,Bengaluru,53,Organic
2934,2026-03-13,Mumbai,35,Google Ads
2935,2026-03-29,Delhi,54,Referral
2936,2026-05-29,Chennai,39,Instagram
2937,2026-03-23,Bengaluru,30,Google Ads
2938,2026-07-08,Gurugram,48,Instagram
2939,2026-05-28,Hyderabad,27,Instagram
2940,2026-02-12,Mumbai,39,Google Ads
2941,2026-04-23,Gurugram,31,Google Ads
2942,2026-03-08,Mumbai,35,Organic
2943,2026-02-06,Mumbai,34,Organic
2944,2026-05-11,Bengaluru,22,Organic
2945,2026-01-11,Gurugram,21,Instagram
2946,2026-07-30,Delhi,44,Google Ads
2947,2026-05-27,Chennai,49,Instagram
2948,2026-04-27,Pune,28,Organic
2949,2026-01-31,Jaipur,48,Instagram
2950,2026-01-23,Bengaluru,38,Organic
2951,2026-01-30,Hyderabad,26,Organic
2952,2026-02-26,Mumbai,41,Google Ads
2953,2026-03-27,Pune,50,Organic
2954,2026-05-12,Mumbai,41,Referral
2955,2026-01-10,Chennai,27,Referral
2956,2026-07-23,Hyderabad,33,Referral
2957,2026-06-19,Delhi,21,Google Ads
2958,2026-05-31,Chennai,35,Organic
2959,2026-03-09,Jaipur,30,Instagram
2960,2026-02-17,Jaipur,39,Google Ads
2961,2026-06-12,Mumbai,54,Referral
2962,2026-07-11,Gurugram,21,Instagram
2963,2026-05-06,Gurugram,32,Google Ads
2964,2026-06-26,Pune,45,Organic
2965,2026-03-02,Hyderabad,51,Instagram
2966,2026-02-16,Pune,35,Referral
2967,2026-06-21,Jaipur,52,Organic
2968,2026-04-11,Hyderabad,55,Instagram
2969,2026-01-25,Gurugram,28,Referral
2970,2026-07-13,Pune,47,Referral
2971,2026-03-25,Gurugram,48,Google Ads
2972,2026-04-29,Hyderabad,28,Instagram
2973,2026-04-12,Bengaluru,51,Referral
2974,2026-05-06,Chennai,36,Google Ads
2975,2026-03-10,Gurugram,47,Google Ads
2976,2026-07-17,Hyderabad,37,Organic
2977,2026-04-16,Chennai,49,Instagram
2978,2026-03-08,Delhi,38,Instagram
2979,2026-02-26,Hyderabad,23,Instagram
2980,2026-04-15,Gurugram,31,Instagram
2981,2026-07-19,Mumbai,42,Google Ads
2982,2026-05-19,Delhi,22,Referral
2983,2026-01-24,Hyderabad,43,Organic
2984,2026-05-22,Mumbai,24,Instagram
2985,2026-04-03,Gurugram,31,Referral
2986,2026-04-12,Gurugram,39,Referral
2987,2026-04-06,Hyderabad,47,Google Ads
2988,2026-07-07,Gurugram,21,Google Ads
2989,2026-01-06,Mumbai,53,Instagram
2990,2026-05-05,Delhi,31,Google Ads
2991,2026-01-07,Gurugram,36,Google Ads
2992,2026-07-11,Mumbai,45,Organic
2993,2026-02-03,Pune,26,Google Ads
2994,2026-05-10,Chennai,22,Google Ads
2995,2026-05-19,Bengaluru,27,Organic
2996,2026-07-22,Chennai,33,Referral
2997,2026-03-21,Hyderabad,48,Instagram
2998,2026-01-06,Pune,38,Instagram
2999,2026-01-26,Pune,51,Instagram
3000,2026-04-20,Mumbai,35,Referral
3001,2026-05-24,Pune,51,Google Ads
3002,2026-06-29,Gurugram,45,Google Ads
3003,2026-05-08,Chennai,44,Organic
3004,2026-07-02,Mumbai,49,Google Ads
3005,2026-01-07,Chennai,35,Instagram
3006,2026-05-03,Mumbai,40,Instagram
3007,2026-07-27,Mumbai,27,Organic
3008,2026-02-23,Jaipur,36,Google Ads
3009,2026-04-14,Jaipur,54,Organic
3010,2026-05-26,Gurugram,24,Organic
3011,2026-03-06,Chennai,40,Organic
3012,2026-02-08,Delhi,41,Organic
3013,2026-06-03,Chennai,21,Google Ads
3014,2026-02-23,Jaipur,55,Instagram
3015,2026-06-16,Gurugram,41,Instagram
3016,2026-05-04,Mumbai,27,Instagram
3017,2026-01-20,Chennai,29,Organic
3018,2026-02-11,Mumbai,31,Google Ads
3019,2026-01-30,Delhi,48,Instagram
3020,2026-06-10,Jaipur,29,Organic
3021,2026-05-21,Chennai,46,Google Ads
3022,2026-01-31,Chennai,39,Organic
3023,2026-06-23,Pune,54,Instagram
3024,2026-04-06,Bengaluru,30,Google Ads
3025,2026-06-25,Gurugram,44,Instagram
3026,2026-03-06,Jaipur,50,Google Ads
3027,2026-03-26,Bengaluru,31,Instagram
3028,2026-05-02,Delhi,41,Instagram
3029,2026-02-08,Jaipur,25,Referral
3030,2026-01-02,Pune,33,Google Ads
3031,2026-01-25,Jaipur,42,Google Ads
3032,2026-06-09,Jaipur,31,Google Ads
3033,2026-06-12,Gurugram,43,Organic
3034,2026-02-19,Pune,39,Referral
3035,2026-04-20,Pune,44,Organic
3036,2026-04-14,Pune,55,Organic
3037,2026-02-21,Mumbai,30,Google Ads
3038,2026-02-25,Pune,32,Google Ads
3039,2026-01-27,Bengaluru,54,Organic
3040,2026-07-16,Chennai,42,Organic
3041,2026-06-01,Pune,51,Google Ads
3042,2026-01-01,Gurugram,34,Google Ads
3043,2026-07-25,Bengaluru,30,Google Ads
3044,2026-01-01,Hyderabad,25,Referral
3045,2026-01-14,Bengaluru,53,Referral
3046,2026-04-19,Jaipur,41,Instagram
3047,2026-07-14,Mumbai,36,Organic
3048,2026-04-07,Chennai,51,Instagram
3049,2026-05-14,Hyderabad,54,Google Ads
3050,2026-06-04,Gurugram,31,Referral
3051,2026-03-13,Bengaluru,48,Organic
3052,2026-05-06,Pune,28,Organic
3053,2026-04-22,Hyderabad,32,Google Ads
3054,2026-04-04,Jaipur,43,Organic
3055,2026-02-24,Gurugram,45,Instagram
3056,2026-07-11,Delhi,33,Instagram
3057,2026-05-15,Gurugram,21,Organic
3058,2026-03-26,Mumbai,44,Referral
3059,2026-05-09,Delhi,38,Google Ads
3060,2026-03-12,Jaipur,46,Google Ads
3061,2026-06-28,Pune,38,Organic
3062,2026-05-27,Delhi,51,Referral
3063,2026-06-11,Jaipur,52,Google Ads
3064,2026-07-11,Mumbai,23,Instagram
3065,2026-06-06,Bengaluru,32,Referral
3066,2026-02-03,Mumbai,47,Referral
3067,2026-01-31,Delhi,49,Organic
3068,2026-01-16,Hyderabad,27,Referral
3069,2026-03-13,Gurugram,22,Instagram
3070,2026-06-22,Hyderabad,31,Referral
3071,2026-05-31,Hyderabad,54,Google Ads
3072,2026-06-20,Chennai,47,Referral
3073,2026-06-21,Delhi,25,Google Ads
3074,2026-07-14,Bengaluru,38,Google Ads
3075,2026-04-24,Delhi,38,Organic
3076,2026-06-26,Chennai,32,Organic
3077,2026-01-01,Pune,38,Organic
3078,2026-01-31,Hyderabad,50,Organic
3079,2026-06-28,Mumbai,50,Google Ads
3080,2026-01-24,Bengaluru,26,Google Ads
3081,2026-06-01,Delhi,31,Organic
3082,2026-02-25,Hyderabad,50,Google Ads
3083,2026-07-05,Gurugram,40,Referral
3084,2026-06-14,Gurugram,29,Instagram
3085,2026-04-08,Pune,32,Google Ads
3086,2026-05-25,Hyderabad,47,Google Ads
3087,2026-02-18,Pune,33,Google Ads
3088,2026-03-17,Pune,49,Google Ads
3089,2026-05-06,Hyderabad,44,Instagram
3090,2026-06-14,Jaipur,31,Google Ads
3091,2026-05-30,Chennai,30,Instagram
3092,2026-02-23,Chennai,43,Organic
3093,2026-06-24,Pune,34,Instagram
3094,2026-05-09,Pune,26,Instagram
3095,2026-02-23,Pune,34,Instagram
3096,2026-01-09,Mumbai,54,Organic
3097,2026-02-17,Jaipur,29,Instagram
3098,2026-03-24,Hyderabad,45,Organic
3099,2026-01-09,Hyderabad,27,Organic
3100,2026-01-03,Bengaluru,47,Instagram
3101,2026-03-28,Mumbai,32,Referral
3102,2026-03-20,Bengaluru,50,Instagram
3103,2026-07-12,Delhi,49,Referral
3104,2026-04-27,Chennai,46,Instagram
3105,2026-03-04,Pune,44,Organic
3106,2026-05-04,Chennai,40,Google Ads
3107,2026-03-01,Mumbai,47,Instagram
3108,2026-03-10,Chennai,22,Google Ads
3109,2026-02-12,Pune,54,Google Ads
3110,2026-05-26,Bengaluru,29,Organic
3111,2026-07-21,Delhi,26,Instagram
3112,2026-07-16,Bengaluru,43,Instagram
3113,2026-02-12,Jaipur,21,Organic
3114,2026-02-21,Bengaluru,40,Instagram
3115,2026-02-17,Gurugram,34,Instagram
3116,2026-07-05,Gurugram,30,Organic
3117,2026-07-18,Hyderabad,21,Instagram
3118,2026-03-30,Mumbai,51,Instagram
3119,2026-04-11,Gurugram,51,Organic
3120,2026-04-29,Gurugram,27,Instagram
3121,2026-03-23,Bengaluru,46,Organic
3122,2026-03-14,Chennai,46,Instagram
3123,2026-03-30,Jaipur,22,Google Ads
3124,2026-06-05,Bengaluru,36,Instagram
3125,2026-03-29,Delhi,46,Referral
3126,2026-06-15,Gurugram,29,Instagram
3127,2026-01-12,Gurugram,40,Instagram
3128,2026-03-28,Chennai,32,Instagram
3129,2026-03-14,Pune,45,Organic
3130,2026-05-04,Delhi,37,Referral
3131,2026-04-18,Bengaluru,31,Instagram
3132,2026-05-13,Mumbai,50,Referral
3133,2026-03-30,Mumbai,46,Referral
3134,2026-01-04,Bengaluru,41,Google Ads
3135,2026-05-10,Chennai,50,Google Ads
3136,2026-06-17,Chennai,48,Organic
3137,2026-03-19,Chennai,37,Organic
3138,2026-01-30,Jaipur,53,Instagram
3139,2026-05-02,Hyderabad,55,Referral
3140,2026-01-29,Bengaluru,48,Instagram
3141,2026-04-09,Mumbai,30,Google Ads
3142,2026-07-01,Pune,33,Instagram
3143,2026-06-07,Jaipur,48,Google Ads
3144,2026-03-14,Delhi,28,Referral
3145,2026-04-28,Hyderabad,24,Referral
3146,2026-06-25,Hyderabad,37,Instagram
3147,2026-06-22,Pune,22,Instagram
3148,2026-02-15,Pune,43,Instagram
3149,2026-04-25,Hyderabad,40,Organic
3150,2026-06-02,Mumbai,43,Organic
3151,2026-05-17,Chennai,36,Google Ads
3152,2026-05-17,Mumbai,29,Organic
3153,2026-06-12,Jaipur,48,Referral
3154,2026-03-30,Jaipur,36,Referral
3155,2026-07-07,Jaipur,23,Google Ads
3156,2026-04-06,Delhi,30,Organic
3157,2026-07-05,Mumbai,45,Instagram
3158,2026-07-05,Mumbai,42,Referral
3159,2026-07-11,Pune,48,Instagram
3160,2026-02-17,Pune,26,Referral
3161,2026-04-21,Mumbai,33,Organic
3162,2026-03-19,Gurugram,24,Instagram
3163,2026-05-02,Gurugram,48,Google Ads
3164,2026-06-26,Bengaluru,38,Instagram
3165,2026-01-12,Chennai,32,Organic
3166,2026-03-11,Delhi,47,Google Ads
3167,2026-07-20,Chennai,29,Google Ads
3168,2026-04-29,Hyderabad,27,Google Ads
3169,2026-01-05,Hyderabad,35,Google Ads
3170,2026-03-15,Jaipur,47,Organic
3171,2026-03-26,Chennai,51,Referral
3172,2026-01-04,Hyderabad,42,Instagram
3173,2026-07-30,Jaipur,30,Instagram
3174,2026-07-10,Jaipur,34,Instagram
3175,2026-02-13,Chennai,37,Instagram
3176,2026-06-19,Mumbai,52,Organic
3177,2026-03-30,Mumbai,34,Organic
3178,2026-05-16,Hyderabad,40,Google Ads
3179,2026-03-22,Jaipur,50,Google Ads
3180,2026-06-09,Bengaluru,43,Organic
3181,2026-04-17,Delhi,39,Organic
3182,2026-05-06,Gurugram,45,Referral
3183,2026-02-03,Chennai,28,Google Ads
3184,2026-02-25,Gurugram,28,Organic
3185,2026-02-15,Bengaluru,46,Organic
3186,2026-04-01,Gurugram,47,Referral
3187,2026-03-13,Hyderabad,44,Organic
3188,2026-06-20,Hyderabad,53,Instagram
3189,2026-04-11,Gurugram,46,Instagram
3190,2026-04-29,Pune,49,Google Ads
3191,2026-02-15,Chennai,39,Google Ads
3192,2026-03-27,Jaipur,32,Organic
3193,2026-01-26,Chennai,47,Referral
3194,2026-04-16,Gurugram,22,Organic
3195,2026-02-05,Mumbai,47,Referral
3196,2026-03-25,Gurugram,31,Organic
3197,2026-05-01,Mumbai,44,Google Ads
3198,2026-06-03,Chennai,53,Referral
3199,2026-02-11,Jaipur,44,Organic
3200,2026-03-03,Bengaluru,51,Referral
3201,2026-02-21,Hyderabad,29,Google Ads
3202,2026-01-08,Gurugram,50,Instagram
3203,2026-06-25,Jaipur,36,Organic
3204,2026-04-29,Mumbai,42,Referral
3205,2026-02-10,Gurugram,50,Organic
3206,2026-01-18,Delhi,23,Organic
3207,2026-04-15,Jaipur,45,Google Ads
3208,2026-04-17,Pune,55,Google Ads
3209,2026-07-18,Delhi,49,Instagram
3210,2026-07-05,Delhi,39,Referral
3211,2026-07-30,Delhi,44,Instagram
3212,2026-05-11,Jaipur,48,Organic
3213,2026-01-27,Bengaluru,37,Organic
3214,2026-05-29,Mumbai,31,Instagram
3215,2026-06-18,Hyderabad,30,Referral
3216,2026-07-23,Jaipur,34,Google Ads
3217,2026-03-26,Mumbai,50,Referral
3218,2026-05-06,Gurugram,37,Instagram
3219,2026-06-26,Jaipur,42,Organic
3220,2026-06-29,Pune,38,Organic
3221,2026-07-14,Bengaluru,30,Instagram
3222,2026-01-07,Gurugram,44,Organic
3223,2026-07-02,Pune,40,Referral
3224,2026-02-10,Pune,51,Organic
3225,2026-06-22,Pune,30,Organic
3226,2026-06-27,Bengaluru,30,Organic
3227,2026-04-09,Pune,35,Google Ads
3228,2026-02-24,Pune,30,Organic
3229,2026-03-08,Hyderabad,53,Organic
3230,2026-05-13,Chennai,51,Organic
3231,2026-02-13,Hyderabad,30,Organic
3232,2026-05-09,Hyderabad,54,Instagram
3233,2026-05-05,Bengaluru,54,Instagram
3234,2026-05-04,Chennai,21,Organic
3235,2026-01-17,Hyderabad,35,Instagram
3236,2026-02-27,Bengaluru,38,Organic
3237,2026-07-06,Mumbai,33,Instagram
3238,2026-04-28,Delhi,54,Referral
3239,2026-07-09,Gurugram,44,Organic
3240,2026-04-13,Mumbai,42,Instagram
3241,2026-03-11,Mumbai,24,Instagram
3242,2026-05-14,Gurugram,36,Google Ads
3243,2026-07-09,Bengaluru,36,Google Ads
3244,2026-07-03,Jaipur,32,Google Ads
3245,2026-06-05,Pune,38,Google Ads
3246,2026-02-18,Mumbai,29,Instagram
3247,2026-01-16,Gurugram,35,Google Ads
3248,2026-07-14,Jaipur,50,Google Ads
3249,2026-07-20,Delhi,41,Organic
3250,2026-01-19,Gurugram,51,Google Ads
3251,2026-01-22,Jaipur,33,Google Ads
3252,2026-05-31,Gurugram,52,Google Ads
3253,2026-01-03,Chennai,28,Organic
3254,2026-04-24,Gurugram,50,Referral
3255,2026-03-06,Chennai,38,Instagram
3256,2026-02-15,Hyderabad,53,Instagram
3257,2026-03-14,Pune,37,Referral
3258,2026-03-05,Hyderabad,38,Organic
3259,2026-05-09,Pune,49,Google Ads
3260,2026-07-13,Bengaluru,52,Google Ads
3261,2026-05-11,Jaipur,52,Google Ads
3262,2026-01-17,Chennai,40,Google Ads
3263,2026-04-24,Hyderabad,55,Referral
3264,2026-02-19,Mumbai,35,Google Ads
3265,2026-05-09,Pune,41,Organic
3266,2026-05-01,Mumbai,40,Referral
3267,2026-02-23,Bengaluru,41,Google Ads
3268,2026-07-16,Chennai,31,Referral
3269,2026-06-06,Bengaluru,41,Referral
3270,2026-05-02,Chennai,38,Google Ads
3271,2026-03-09,Jaipur,40,Instagram
3272,2026-03-20,Hyderabad,43,Referral
3273,2026-03-22,Jaipur,40,Instagram
3274,2026-04-11,Chennai,21,Organic
3275,2026-04-14,Delhi,47,Instagram
3276,2026-07-26,Bengaluru,50,Organic
3277,2026-01-05,Gurugram,34,Organic
3278,2026-03-07,Pune,44,Google Ads
3279,2026-04-20,Chennai,41,Organic
3280,2026-07-09,Gurugram,34,Organic
3281,2026-04-23,Pune,27,Google Ads
3282,2026-02-11,Hyderabad,51,Referral
3283,2026-06-01,Jaipur,23,Organic
3284,2026-04-10,Jaipur,36,Google Ads
3285,2026-06-05,Chennai,24,Google Ads
3286,2026-06-13,Hyderabad,38,Instagram
3287,2026-04-23,Pune,28,Instagram
3288,2026-07-11,Mumbai,41,Referral
3289,2026-07-07,Chennai,30,Referral
3290,2026-05-31,Pune,33,Organic
3291,2026-04-23,Gurugram,41,Organic
3292,2026-07-15,Pune,54,Referral
3293,2026-06-26,Delhi,29,Organic
3294,2026-01-18,Hyderabad,44,Referral
3295,2026-04-25,Gurugram,32,Instagram
3296,2026-02-28,Jaipur,44,Instagram
3297,2026-06-23,Pune,37,Organic
3298,2026-01-06,Bengaluru,28,Organic
3299,2026-04-20,Chennai,52,Organic
3300,2026-05-16,Delhi,53,Instagram
3301,2026-05-25,Chennai,23,Referral
3302,2026-07-24,Hyderabad,55,Instagram
3303,2026-05-28,Hyderabad,25,Organic
3304,2026-05-25,Mumbai,28,Instagram
3305,2026-07-24,Mumbai,50,Organic
3306,2026-02-18,Mumbai,48,Referral
3307,2026-04-30,Jaipur,30,Organic
3308,2026-01-19,Bengaluru,42,Instagram
3309,2026-07-19,Chennai,22,Instagram
3310,2026-03-17,Delhi,45,Google Ads
3311,2026-02-27,Hyderabad,48,Google Ads
3312,2026-02-27,Hyderabad,55,Instagram
3313,2026-06-20,Gurugram,43,Referral
3314,2026-07-03,Bengaluru,33,Organic
3315,2026-02-22,Pune,32,Google Ads
3316,2026-05-17,Delhi,29,Instagram
3317,2026-01-18,Hyderabad,41,Referral
3318,2026-06-18,Gurugram,33,Instagram
3319,2026-04-19,Pune,35,Referral
3320,2026-02-25,Hyderabad,22,Google Ads
3321,2026-04-23,Mumbai,45,Google Ads
3322,2026-07-10,Gurugram,45,Google Ads
3323,2026-04-23,Chennai,33,Google Ads
3324,2026-04-08,Mumbai,26,Referral
3325,2026-05-10,Mumbai,31,Organic
3326,2026-01-31,Jaipur,43,Organic
3327,2026-03-23,Chennai,33,Google Ads
3328,2026-01-24,Hyderabad,51,Google Ads
3329,2026-01-29,Jaipur,22,Google Ads
3330,2026-07-25,Chennai,46,Referral
3331,2026-01-26,Hyderabad,44,Referral
3332,2026-01-17,Chennai,40,Google Ads
3333,2026-06-29,Mumbai,45,Referral
3334,2026-01-05,Pune,41,Google Ads
3335,2026-03-05,Bengaluru,21,Google Ads
3336,2026-02-09,Bengaluru,51,Organic
3337,2026-01-16,Gurugram,39,Instagram
3338,2026-04-17,Bengaluru,47,Google Ads
3339,2026-05-13,Bengaluru,32,Instagram
3340,2026-01-29,Bengaluru,22,Instagram
3341,2026-03-20,Chennai,44,Referral
3342,2026-03-09,Hyderabad,22,Organic
3343,2026-03-26,Delhi,51,Google Ads
3344,2026-02-06,Chennai,23,Instagram
3345,2026-07-15,Bengaluru,31,Google Ads
3346,2026-03-31,Gurugram,26,Instagram
3347,2026-01-17,Mumbai,51,Instagram
3348,2026-04-17,Jaipur,29,Referral
3349,2026-07-27,Delhi,40,Instagram
3350,2026-03-07,Bengaluru,41,Organic
3351,2026-04-04,Mumbai,51,Instagram
3352,2026-05-27,Gurugram,29,Google Ads
3353,2026-02-03,Bengaluru,35,Organic
3354,2026-07-10,Mumbai,46,Google Ads
3355,2026-06-07,Mumbai,36,Google Ads
3356,2026-02-17,Pune,42,Organic
3357,2026-04-29,Pune,29,Instagram
3358,2026-04-06,Bengaluru,23,Organic
3359,2026-07-24,Chennai,24,Organic
3360,2026-02-16,Delhi,30,Organic
3361,2026-07-23,Gurugram,31,Instagram
3362,2026-01-03,Jaipur,51,Referral
3363,2026-02-18,Chennai,49,Referral
3364,2026-04-27,Pune,55,Instagram
3365,2026-07-10,Pune,53,Referral
3366,2026-03-28,Bengaluru,37,Instagram
3367,2026-05-05,Jaipur,27,Organic
3368,2026-03-29,Pune,25,Organic
3369,2026-04-20,Delhi,55,Google Ads
3370,2026-02-28,Jaipur,28,Google Ads
3371,2026-07-02,Pune,29,Referral
3372,2026-03-20,Jaipur,48,Organic
3373,2026-01-22,Bengaluru,46,Referral
3374,2026-05-11,Gurugram,30,Referral
3375,2026-02-26,Delhi,33,Organic
3376,2026-04-01,Bengaluru,54,Instagram
3377,2026-07-24,Hyderabad,55,Google Ads
3378,2026-05-16,Bengaluru,44,Google Ads
3379,2026-06-24,Bengaluru,35,Referral
3380,2026-07-12,Bengaluru,55,Referral
3381,2026-06-06,Chennai,33,Google Ads
3382,2026-04-13,Pune,45,Referral
3383,2026-04-18,Jaipur,50,Instagram
3384,2026-07-04,Pune,21,Google Ads
3385,2026-07-01,Pune,34,Referral
3386,2026-06-06,Mumbai,24,Organic
3387,2026-02-05,Bengaluru,51,Referral
3388,2026-07-15,Gurugram,46,Organic
3389,2026-06-15,Chennai,46,Organic
3390,2026-03-05,Hyderabad,25,Google Ads
3391,2026-03-12,Bengaluru,46,Google Ads
3392,2026-07-09,Bengaluru,34,Instagram
3393,2026-06-22,Pune,41,Google Ads
3394,2026-01-31,Pune,54,Google Ads
3395,2026-06-10,Jaipur,35,Organic
3396,2026-03-18,Mumbai,55,Organic
3397,2026-04-27,Bengaluru,25,Referral
3398,2026-07-13,Hyderabad,38,Referral
3399,2026-01-11,Chennai,37,Google Ads
3400,2026-04-30,Chennai,31,Referral
3401,2026-06-27,Jaipur,39,Google Ads
3402,2026-01-27,Mumbai,44,Google Ads
3403,2026-06-20,Jaipur,48,Instagram
3404,2026-06-13,Mumbai,38,Referral
3405,2026-07-07,Pune,37,Organic
3406,2026-03-26,Chennai,37,Referral
3407,2026-01-22,Delhi,27,Organic
3408,2026-05-05,Gurugram,52,Google Ads
3409,2026-04-22,Pune,27,Referral
3410,2026-07-31,Jaipur,45,Organic
3411,2026-06-20,Chennai,23,Organic
3412,2026-06-01,Mumbai,27,Google Ads
3413,2026-07-15,Gurugram,44,Organic
3414,2026-07-01,Chennai,46,Organic
3415,2026-01-11,Hyderabad,49,Referral
3416,2026-05-27,Delhi,46,Referral
3417,2026-06-10,Chennai,22,Google Ads
3418,2026-02-16,Delhi,42,Google Ads
3419,2026-04-16,Delhi,50,Referral
3420,2026-03-06,Hyderabad,43,Instagram
3421,2026-03-05,Pune,49,Organic
3422,2026-03-25,Jaipur,37,Organic
3423,2026-02-11,Gurugram,41,Organic
3424,2026-07-12,Hyderabad,32,Referral
3425,2026-01-23,Hyderabad,43,Organic
3426,2026-07-09,Gurugram,41,Referral
3427,2026-01-26,Mumbai,46,Instagram
3428,2026-05-08,Bengaluru,45,Google Ads
3429,2026-07-01,Jaipur,43,Instagram
3430,2026-04-23,Hyderabad,31,Referral
3431,2026-03-24,Delhi,28,Google Ads
3432,2026-03-21,Pune,55,Google Ads
3433,2026-06-08,Mumbai,33,Google Ads
3434,2026-07-02,Chennai,37,Google Ads
3435,2026-03-29,Hyderabad,46,Google Ads
3436,2026-04-09,Mumbai,39,Organic
3437,2026-01-22,Hyderabad,35,Instagram
3438,2026-01-11,Gurugram,30,Organic
3439,2026-03-12,Delhi,52,Google Ads
3440,2026-06-27,Gurugram,36,Referral
3441,2026-04-23,Gurugram,30,Google Ads
3442,2026-03-04,Delhi,51,Referral
3443,2026-04-17,Gurugram,47,Google Ads
3444,2026-05-13,Chennai,45,Organic
3445,2026-06-30,Hyderabad,37,Instagram
3446,2026-04-04,Gurugram,41,Instagram
3447,2026-01-20,Bengaluru,41,Referral
3448,2026-06-29,Gurugram,55,Organic
3449,2026-01-25,Jaipur,55,Instagram
3450,2026-07-26,Gurugram,43,Organic
3451,2026-06-15,Gurugram,50,Google Ads
3452,2026-01-14,Jaipur,49,Instagram
3453,2026-04-22,Mumbai,31,Google Ads
3454,2026-04-25,Delhi,43,Instagram
3455,2026-06-30,Bengaluru,25,Organic
3456,2026-01-17,Pune,37,Referral
3457,2026-07-06,Delhi,52,Instagram
3458,2026-07-15,Bengaluru,46,Google Ads
3459,2026-04-26,Pune,55,Organic
3460,2026-03-19,Hyderabad,35,Organic
3461,2026-05-11,Chennai,30,Organic
3462,2026-06-24,Hyderabad,21,Referral
3463,2026-01-14,Hyderabad,28,Organic
3464,2026-01-19,Mumbai,54,Instagram
3465,2026-02-11,Gurugram,36,Referral
3466,2026-07-18,Bengaluru,32,Google Ads
3467,2026-05-07,Mumbai,42,Google Ads
3468,2026-04-14,Chennai,47,Instagram
3469,2026-05-02,Bengaluru,42,Google Ads
3470,2026-03-21,Hyderabad,32,Organic
3471,2026-03-06,Jaipur,26,Google Ads
3472,2026-04-13,Gurugram,35,Instagram
3473,2026-06-15,Mumbai,42,Instagram
3474,2026-01-25,Pune,22,Referral
3475,2026-01-16,Delhi,44,Google Ads
3476,2026-01-01,Delhi,21,Instagram
3477,2026-03-20,Delhi,44,Referral
3478,2026-02-14,Gurugram,52,Google Ads
3479,2026-02-25,Hyderabad,27,Referral
3480,2026-02-09,Hyderabad,32,Referral
3481,2026-06-30,Bengaluru,53,Google Ads
3482,2026-07-29,Jaipur,22,Organic
3483,2026-05-18,Mumbai,40,Referral
3484,2026-01-28,Hyderabad,32,Organic
3485,2026-02-12,Mumbai,52,Google Ads
3486,2026-02-09,Hyderabad,50,Referral
3487,2026-05-21,Chennai,49,Referral
3488,2026-06-21,Mumbai,42,Google Ads
3489,2026-02-06,Gurugram,52,Google Ads
3490,2026-04-14,Delhi,43,Google Ads
3491,2026-05-03,Mumbai,54,Google Ads
3492,2026-06-17,Hyderabad,54,Organic
3493,2026-06-29,Chennai,55,Organic
3494,2026-03-14,Hyderabad,29,Instagram
3495,2026-02-20,Pune,48,Instagram
3496,2026-04-07,Mumbai,52,Google Ads
3497,2026-01-27,Hyderabad,51,Organic
3498,2026-03-20,Jaipur,39,Organic
3499,2026-06-28,Delhi,54,Referral
3500,2026-02-18,Mumbai,40,Referral
3501,2026-07-11,Bengaluru,41,Organic
3502,2026-05-17,Delhi,24,Referral
3503,2026-04-09,Gurugram,43,Referral
3504,2026-01-14,Chennai,53,Instagram
3505,2026-02-15,Hyderabad,23,Referral
3506,2026-01-26,Jaipur,32,Referral
3507,2026-07-02,Hyderabad,25,Organic
3508,2026-05-07,Gurugram,21,Google Ads
3509,2026-04-08,Gurugram,28,Referral
3510,2026-01-02,Gurugram,42,Referral
3511,2026-04-10,Gurugram,44,Referral
3512,2026-04-13,Delhi,30,Google Ads
3513,2026-03-05,Pune,48,Organic
3514,2026-07-01,Pune,34,Referral
3515,2026-06-17,Pune,47,Organic
3516,2026-04-17,Chennai,45,Google Ads
3517,2026-02-18,Jaipur,37,Organic
3518,2026-06-10,Chennai,23,Organic
3519,2026-04-25,Bengaluru,35,Google Ads
3520,2026-01-30,Mumbai,31,Referral
3521,2026-05-06,Mumbai,32,Instagram
3522,2026-02-12,Pune,46,Google Ads
3523,2026-03-15,Pune,37,Google Ads
3524,2026-01-31,Chennai,33,Referral
3525,2026-05-23,Jaipur,33,Google Ads
3526,2026-01-10,Jaipur,51,Google Ads
3527,2026-02-28,Delhi,45,Google Ads
3528,2026-07-15,Mumbai,36,Instagram
3529,2026-04-05,Jaipur,30,Instagram
3530,2026-07-16,Delhi,53,Organic
3531,2026-02-18,Gurugram,41,Google Ads
3532,2026-01-04,Bengaluru,42,Referral
3533,2026-03-06,Bengaluru,43,Instagram
3534,2026-06-14,Delhi,46,Instagram
3535,2026-03-16,Mumbai,35,Google Ads
3536,2026-02-19,Hyderabad,49,Google Ads
3537,2026-04-23,Mumbai,36,Organic
3538,2026-03-15,Bengaluru,30,Instagram
3539,2026-03-23,Delhi,28,Organic
3540,2026-04-15,Delhi,31,Organic
3541,2026-03-24,Hyderabad,23,Google Ads
3542,2026-01-27,Gurugram,21,Instagram
3543,2026-05-25,Delhi,45,Organic
3544,2026-01-31,Gurugram,23,Organic
3545,2026-01-19,Delhi,51,Referral
3546,2026-06-15,Chennai,39,Organic
3547,2026-04-10,Jaipur,36,Organic
3548,2026-06-06,Pune,43,Referral
3549,2026-06-12,Jaipur,51,Referral
3550,2026-02-09,Jaipur,55,Referral
3551,2026-02-27,Bengaluru,39,Organic
3552,2026-02-14,Chennai,37,Referral
3553,2026-04-05,Delhi,48,Referral
3554,2026-02-06,Delhi,50,Instagram
3555,2026-05-19,Gurugram,46,Google Ads
3556,2026-06-10,Hyderabad,34,Referral
3557,2026-04-18,Chennai,50,Organic
3558,2026-04-24,Chennai,50,Instagram
3559,2026-03-25,Chennai,29,Organic
3560,2026-02-22,Gurugram,34,Organic
3561,2026-05-26,Gurugram,44,Referral
3562,2026-05-21,Chennai,44,Organic
3563,2026-02-24,Chennai,30,Instagram
3564,2026-05-19,Jaipur,40,Referral
3565,2026-07-18,Chennai,24,Google Ads
3566,2026-03-28,Bengaluru,45,Referral
3567,2026-04-21,Bengaluru,49,Google Ads
3568,2026-02-22,Chennai,32,Google Ads
3569,2026-07-10,Bengaluru,46,Organic
3570,2026-07-25,Gurugram,30,Instagram
3571,2026-04-30,Gurugram,29,Organic
3572,2026-05-05,Hyderabad,54,Organic
3573,2026-01-10,Mumbai,25,Google Ads
3574,2026-01-03,Delhi,42,Referral
3575,2026-03-22,Hyderabad,33,Organic
3576,2026-02-24,Pune,25,Instagram
3577,2026-03-22,Jaipur,51,Instagram
3578,2026-02-14,Pune,40,Google Ads
3579,2026-05-24,Bengaluru,30,Google Ads
3580,2026-01-31,Chennai,31,Organic
3581,2026-06-10,Jaipur,38,Organic
3582,2026-03-05,Mumbai,30,Referral
3583,2026-01-25,Delhi,29,Referral
3584,2026-05-02,Chennai,51,Google Ads
3585,2026-01-06,Hyderabad,49,Organic
3586,2026-02-16,Jaipur,22,Referral
3587,2026-06-21,Hyderabad,42,Referral
3588,2026-04-05,Mumbai,32,Google Ads
3589,2026-03-18,Chennai,30,Google Ads
3590,2026-07-22,Gurugram,41,Google Ads
3591,2026-07-22,Mumbai,43,Organic
3592,2026-07-24,Jaipur,22,Organic
3593,2026-06-01,Chennai,31,Instagram
3594,2026-03-06,Gurugram,53,Google Ads
3595,2026-05-14,Delhi,52,Instagram
3596,2026-02-12,Delhi,36,Organic
3597,2026-03-09,Jaipur,48,Instagram
3598,2026-03-11,Jaipur,26,Instagram
3599,2026-01-09,Bengaluru,21,Organic
3600,2026-01-05,Pune,45,Google Ads
3601,2026-05-01,Chennai,45,Google Ads
3602,2026-06-22,Pune,45,Instagram
3603,2026-07-25,Chennai,47,Organic
3604,2026-02-03,Hyderabad,37,Organic
3605,2026-05-06,Pune,38,Google Ads
3606,2026-04-26,Mumbai,41,Referral
3607,2026-01-30,Delhi,29,Referral
3608,2026-01-28,Gurugram,25,Google Ads
3609,2026-01-17,Bengaluru,36,Organic
3610,2026-01-20,Delhi,21,Organic
3611,2026-03-29,Mumbai,30,Organic
3612,2026-04-28,Hyderabad,27,Organic
3613,2026-01-15,Bengaluru,33,Referral
3614,2026-01-21,Bengaluru,26,Organic
3615,2026-01-24,Delhi,48,Organic
3616,2026-03-01,Gurugram,24,Organic
3617,2026-04-10,Hyderabad,54,Google Ads
3618,2026-07-29,Gurugram,52,Organic
3619,2026-02-17,Jaipur,39,Organic
3620,2026-06-01,Delhi,49,Google Ads
3621,2026-01-02,Mumbai,32,Referral
3622,2026-03-09,Bengaluru,55,Organic
3623,2026-02-18,Mumbai,25,Google Ads
3624,2026-03-24,Gurugram,31,Instagram
3625,2026-06-01,Pune,47,Instagram
3626,2026-03-15,Gurugram,48,Google Ads
3627,2026-03-30,Gurugram,54,Google Ads
3628,2026-06-24,Pune,39,Organic
3629,2026-01-17,Delhi,25,Instagram
3630,2026-07-07,Delhi,48,Google Ads
3631,2026-07-15,Jaipur,21,Referral
3632,2026-06-22,Mumbai,41,Organic
3633,2026-04-03,Mumbai,37,Organic
3634,2026-03-23,Jaipur,43,Organic
3635,2026-05-03,Hyderabad,52,Instagram
3636,2026-05-06,Hyderabad,55,Referral
3637,2026-02-18,Gurugram,31,Google Ads
3638,2026-04-01,Chennai,50,Referral
3639,2026-03-25,Chennai,50,Referral
3640,2026-04-29,Jaipur,30,Google Ads
3641,2026-07-12,Chennai,47,Referral
3642,2026-02-05,Hyderabad,45,Referral
3643,2026-06-11,Bengaluru,46,Instagram
3644,2026-04-22,Bengaluru,30,Organic
3645,2026-02-17,Gurugram,27,Google Ads
3646,2026-05-01,Bengaluru,38,Instagram
3647,2026-01-06,Jaipur,46,Google Ads
3648,2026-05-21,Pune,35,Google Ads
3649,2026-06-05,Jaipur,48,Instagram
3650,2026-02-10,Jaipur,24,Instagram
3651,2026-01-28,Mumbai,41,Organic
3652,2026-06-05,Pune,30,Google Ads
3653,2026-05-07,Gurugram,47,Instagram
3654,2026-03-20,Bengaluru,42,Organic
3655,2026-06-25,Chennai,28,Organic
3656,2026-05-16,Pune,42,Organic
3657,2026-07-26,Bengaluru,44,Organic
3658,2026-05-02,Mumbai,22,Instagram
3659,2026-04-17,Gurugram,34,Referral
3660,2026-06-26,Gurugram,41,Organic
3661,2026-05-02,Pune,42,Organic
3662,2026-03-26,Gurugram,29,Referral
3663,2026-07-20,Gurugram,36,Referral
3664,2026-03-05,Jaipur,51,Referral
3665,2026-03-22,Mumbai,45,Organic
3666,2026-06-09,Hyderabad,26,Instagram
3667,2026-04-29,Pune,25,Instagram
3668,2026-07-19,Gurugram,38,Organic
3669,2026-04-04,Delhi,51,Google Ads
3670,2026-06-12,Delhi,41,Instagram
3671,2026-06-08,Jaipur,30,Organic
3672,2026-03-23,Jaipur,41,Organic
3673,2026-05-18,Gurugram,33,Referral
3674,2026-06-02,Mumbai,39,Organic
3675,2026-07-08,Gurugram,54,Organic
3676,2026-03-14,Gurugram,45,Instagram
3677,2026-07-29,Delhi,40,Google Ads
3678,2026-02-06,Pune,22,Google Ads
3679,2026-06-14,Chennai,26,Instagram
3680,2026-07-18,Bengaluru,49,Organic
3681,2026-05-23,Bengaluru,49,Organic
3682,2026-01-28,Pune,50,Google Ads
3683,2026-06-30,Jaipur,39,Google Ads
3684,2026-02-02,Hyderabad,22,Google Ads
3685,2026-03-25,Jaipur,44,Google Ads
3686,2026-07-04,Chennai,22,Organic
3687,2026-06-15,Hyderabad,46,Google Ads
3688,2026-06-06,Delhi,39,Instagram
3689,2026-07-13,Delhi,53,Google Ads
3690,2026-07-03,Bengaluru,52,Google Ads
3691,2026-01-18,Bengaluru,30,Google Ads
3692,2026-02-11,Gurugram,26,Organic
3693,2026-04-02,Hyderabad,26,Instagram
3694,2026-07-12,Mumbai,52,Instagram
3695,2026-01-16,Chennai,46,Organic
3696,2026-05-21,Mumbai,34,Instagram
3697,2026-01-30,Pune,35,Google Ads
3698,2026-06-15,Delhi,24,Organic
3699,2026-06-28,Gurugram,51,Google Ads
3700,2026-02-26,Gurugram,30,Referral
3701,2026-02-05,Hyderabad,41,Instagram
3702,2026-06-12,Chennai,22,Instagram
3703,2026-03-16,Jaipur,22,Organic
3704,2026-06-28,Chennai,25,Google Ads
3705,2026-05-31,Delhi,34,Google Ads
3706,2026-05-06,Delhi,43,Organic
3707,2026-05-29,Hyderabad,53,Referral
3708,2026-02-12,Chennai,34,Google Ads
3709,2026-01-02,Pune,38,Organic
3710,2026-05-11,Chennai,31,Referral
3711,2026-07-13,Pune,42,Google Ads
3712,2026-03-08,Chennai,28,Organic
3713,2026-04-26,Delhi,49,Organic
3714,2026-06-16,Chennai,34,Google Ads
3715,2026-01-11,Chennai,27,Organic
3716,2026-02-22,Gurugram,40,Referral
3717,2026-06-22,Gurugram,40,Instagram
3718,2026-01-14,Gurugram,37,Google Ads
3719,2026-01-07,Pune,21,Google Ads
3720,2026-02-16,Hyderabad,34,Instagram
3721,2026-07-04,Chennai,41,Instagram
3722,2026-04-11,Bengaluru,52,Instagram
3723,2026-06-02,Pune,36,Google Ads
3724,2026-01-28,Delhi,22,Organic
3725,2026-01-03,Pune,21,Instagram
3726,2026-04-08,Bengaluru,27,Google Ads
3727,2026-02-25,Gurugram,48,Organic
3728,2026-04-06,Mumbai,38,Instagram
3729,2026-01-06,Pune,23,Referral
3730,2026-03-19,Bengaluru,37,Instagram
3731,2026-07-24,Gurugram,28,Referral
3732,2026-07-10,Delhi,51,Google Ads
3733,2026-01-29,Mumbai,36,Instagram
3734,2026-05-29,Pune,38,Google Ads
3735,2026-05-25,Jaipur,25,Organic
3736,2026-02-09,Gurugram,25,Instagram
3737,2026-04-07,Delhi,23,Instagram
3738,2026-04-30,Chennai,32,Referral
3739,2026-05-28,Delhi,25,Referral
3740,2026-03-13,Pune,51,Google Ads
3741,2026-03-10,Delhi,38,Referral
3742,2026-02-18,Gurugram,49,Referral
3743,2026-06-16,Delhi,48,Organic
3744,2026-06-29,Jaipur,35,Organic
3745,2026-07-10,Delhi,39,Instagram
3746,2026-06-03,Hyderabad,50,Referral
3747,2026-05-20,Bengaluru,44,Organic
3748,2026-04-06,Bengaluru,41,Organic
3749,2026-03-30,Chennai,32,Organic
3750,2026-04-06,Jaipur,43,Organic
3751,2026-02-07,Jaipur,55,Instagram
3752,2026-04-21,Mumbai,37,Referral
3753,2026-03-27,Hyderabad,50,Instagram
3754,2026-05-19,Bengaluru,23,Instagram
3755,2026-06-10,Bengaluru,42,Instagram
3756,2026-07-10,Bengaluru,29,Referral
3757,2026-07-22,Gurugram,46,Google Ads
3758,2026-04-18,Mumbai,53,Instagram
3759,2026-05-14,Mumbai,21,Google Ads
3760,2026-05-21,Bengaluru,35,Organic
3761,2026-07-21,Hyderabad,52,Google Ads
3762,2026-07-07,Hyderabad,46,Instagram
3763,2026-07-29,Chennai,35,Organic
3764,2026-07-11,Chennai,27,Google Ads
3765,2026-06-14,Jaipur,30,Referral
3766,2026-07-12,Gurugram,21,Referral
3767,2026-05-10,Mumbai,52,Google Ads
3768,2026-01-19,Pune,36,Organic
3769,2026-03-19,Gurugram,55,Organic
3770,2026-07-28,Gurugram,22,Google Ads
3771,2026-03-17,Mumbai,34,Google Ads
3772,2026-07-18,Mumbai,25,Google Ads
3773,2026-01-31,Chennai,43,Organic
3774,2026-01-03,Pune,42,Instagram
3775,2026-02-23,Pune,48,Organic
3776,2026-05-03,Delhi,52,Referral
3777,2026-05-08,Hyderabad,43,Google Ads
3778,2026-06-29,Jaipur,45,Organic
3779,2026-07-17,Mumbai,48,Organic
3780,2026-06-08,Hyderabad,52,Referral
3781,2026-04-08,Delhi,52,Organic
3782,2026-01-23,Jaipur,37,Instagram
3783,2026-01-22,Gurugram,27,Instagram
3784,2026-07-11,Hyderabad,36,Organic
3785,2026-05-01,Delhi,41,Instagram
3786,2026-07-18,Jaipur,34,Organic
3787,2026-01-25,Delhi,29,Organic
3788,2026-06-22,Delhi,53,Instagram
3789,2026-05-09,Bengaluru,50,Google Ads
3790,2026-05-25,Chennai,55,Organic
3791,2026-01-13,Pune,28,Organic
3792,2026-05-06,Bengaluru,49,Google Ads
3793,2026-02-11,Delhi,39,Organic
3794,2026-04-20,Mumbai,30,Referral
3795,2026-01-20,Gurugram,51,Instagram
3796,2026-01-02,Chennai,32,Organic
3797,2026-01-12,Pune,32,Google Ads
3798,2026-06-24,Jaipur,35,Organic
3799,2026-07-26,Mumbai,27,Google Ads
3800,2026-02-03,Delhi,49,Instagram
3801,2026-07-23,Chennai,22,Organic
3802,2026-06-27,Hyderabad,55,Google Ads
3803,2026-05-02,Delhi,38,Instagram
3804,2026-06-29,Chennai,25,Google Ads
3805,2026-03-09,Hyderabad,51,Instagram
3806,2026-03-04,Bengaluru,28,Google Ads
3807,2026-01-23,Bengaluru,33,Instagram
3808,2026-05-20,Hyderabad,37,Instagram
3809,2026-07-22,Bengaluru,47,Google Ads
3810,2026-01-11,Gurugram,33,Google Ads
3811,2026-02-04,Chennai,21,Instagram
3812,2026-05-11,Delhi,28,Instagram
3813,2026-03-10,Delhi,40,Referral
3814,2026-02-05,Hyderabad,36,Referral
3815,2026-07-25,Gurugram,33,Organic
3816,2026-05-03,Jaipur,34,Google Ads
3817,2026-04-10,Mumbai,30,Organic
3818,2026-05-11,Bengaluru,25,Instagram
3819,2026-01-19,Bengaluru,36,Organic
3820,2026-04-16,Hyderabad,35,Referral
3821,2026-04-15,Delhi,48,Google Ads
3822,2026-03-24,Chennai,22,Google Ads
3823,2026-07-05,Hyderabad,46,Instagram
3824,2026-02-27,Bengaluru,51,Organic
3825,2026-07-22,Chennai,31,Google Ads
3826,2026-05-14,Pune,52,Organic
3827,2026-04-21,Delhi,47,Google Ads
3828,2026-01-22,Bengaluru,23,Instagram
3829,2026-04-11,Pune,50,Organic
3830,2026-03-29,Pune,55,Organic
3831,2026-03-20,Jaipur,53,Instagram
3832,2026-07-13,Bengaluru,51,Instagram
3833,2026-06-27,Jaipur,42,Instagram
3834,2026-06-07,Mumbai,37,Organic
3835,2026-03-11,Pune,53,Google Ads
3836,2026-03-24,Gurugram,33,Instagram
3837,2026-03-20,Gurugram,42,Instagram
3838,2026-04-16,Pune,37,Organic
3839,2026-06-21,Gurugram,29,Referral
3840,2026-06-26,Pune,33,Organic
3841,2026-04-03,Hyderabad,34,Organic
3842,2026-05-29,Bengaluru,28,Organic
3843,2026-03-16,Gurugram,34,Organic
3844,2026-06-12,Hyderabad,32,Referral
3845,2026-07-27,Jaipur,44,Google Ads
3846,2026-05-04,Pune,50,Instagram
3847,2026-02-07,Pune,25,Google Ads
3848,2026-04-07,Chennai,21,Google Ads
3849,2026-07-27,Pune,52,Instagram
3850,2026-05-21,Pune,53,Organic
3851,2026-02-20,Pune,24,Referral
3852,2026-06-10,Jaipur,27,Instagram
3853,2026-04-10,Hyderabad,28,Google Ads
3854,2026-02-01,Hyderabad,24,Google Ads
3855,2026-01-18,Pune,27,Instagram
3856,2026-03-10,Bengaluru,27,Referral
3857,2026-06-25,Chennai,34,Google Ads
3858,2026-06-19,Delhi,21,Google Ads
3859,2026-06-09,Pune,39,Instagram
3860,2026-03-01,Gurugram,38,Referral
3861,2026-04-01,Gurugram,30,Google Ads
3862,2026-05-30,Hyderabad,35,Google Ads
3863,2026-07-31,Chennai,34,Instagram
3864,2026-01-05,Bengaluru,26,Organic
3865,2026-06-07,Pune,52,Google Ads
3866,2026-03-05,Chennai,35,Google Ads
3867,2026-06-06,Bengaluru,32,Referral
3868,2026-03-13,Mumbai,21,Google Ads
3869,2026-03-20,Chennai,45,Instagram
3870,2026-03-01,Mumbai,26,Instagram
3871,2026-04-24,Jaipur,30,Organic
3872,2026-04-09,Chennai,22,Instagram
3873,2026-03-11,Gurugram,52,Instagram
3874,2026-05-15,Hyderabad,41,Google Ads
3875,2026-05-10,Chennai,49,Organic
3876,2026-04-06,Bengaluru,25,Organic
3877,2026-06-28,Chennai,31,Organic
3878,2026-02-23,Gurugram,41,Instagram
3879,2026-03-12,Gurugram,39,Referral
3880,2026-04-08,Jaipur,22,Organic
3881,2026-05-25,Gurugram,25,Instagram
3882,2026-07-24,Delhi,45,Organic
3883,2026-04-03,Chennai,22,Instagram
3884,2026-07-05,Jaipur,48,Google Ads
3885,2026-03-07,Hyderabad,35,Google Ads
3886,2026-03-08,Jaipur,31,Google Ads
3887,2026-05-30,Gurugram,23,Referral
3888,2026-04-04,Delhi,35,Google Ads
3889,2026-02-10,Mumbai,24,Google Ads
3890,2026-05-15,Pune,49,Google Ads
3891,2026-02-06,Chennai,38,Referral
3892,2026-02-17,Gurugram,47,Instagram
3893,2026-05-14,Mumbai,35,Referral
3894,2026-06-08,Delhi,32,Google Ads
3895,2026-05-01,Chennai,31,Google Ads
3896,2026-07-26,Gurugram,25,Google Ads
3897,2026-01-26,Pune,32,Instagram
3898,2026-07-19,Jaipur,44,Organic
3899,2026-02-09,Bengaluru,36,Organic
3900,2026-03-25,Bengaluru,38,Instagram
3901,2026-01-06,Delhi,46,Google Ads
3902,2026-01-13,Jaipur,30,Referral
3903,2026-03-03,Hyderabad,38,Instagram
3904,2026-04-27,Bengaluru,28,Organic
3905,2026-02-11,Delhi,25,Referral
3906,2026-02-04,Delhi,39,Instagram
3907,2026-07-24,Jaipur,46,Organic
3908,2026-07-05,Chennai,54,Instagram
3909,2026-06-15,Hyderabad,46,Organic
3910,2026-05-15,Chennai,31,Instagram
3911,2026-05-08,Bengaluru,23,Google Ads
3912,2026-06-03,Hyderabad,40,Google Ads
3913,2026-04-16,Chennai,45,Google Ads
3914,2026-01-07,Hyderabad,52,Google Ads
3915,2026-01-05,Gurugram,48,Organic
3916,2026-07-12,Bengaluru,49,Referral
3917,2026-07-22,Bengaluru,40,Instagram
3918,2026-02-06,Delhi,35,Referral
3919,2026-03-06,Jaipur,46,Instagram
3920,2026-04-30,Hyderabad,34,Instagram
3921,2026-04-17,Delhi,36,Referral
3922,2026-06-13,Mumbai,39,Instagram
3923,2026-03-31,Jaipur,45,Referral
3924,2026-04-21,Mumbai,39,Instagram
3925,2026-05-12,Jaipur,23,Referral
3926,2026-05-03,Mumbai,43,Instagram
3927,2026-03-21,Bengaluru,21,Referral
3928,2026-02-07,Pune,24,Google Ads
3929,2026-02-25,Hyderabad,22,Instagram
3930,2026-03-27,Jaipur,43,Organic
3931,2026-03-14,Hyderabad,24,Referral
3932,2026-05-30,Mumbai,49,Organic
3933,2026-04-21,Delhi,53,Google Ads
3934,2026-02-09,Chennai,42,Organic
3935,2026-04-23,Pune,30,Google Ads
3936,2026-02-20,Mumbai,45,Google Ads
3937,2026-02-26,Delhi,23,Instagram
3938,2026-02-04,Gurugram,47,Organic
3939,2026-04-17,Bengaluru,48,Instagram
3940,2026-03-07,Gurugram,21,Referral
3941,2026-02-11,Delhi,37,Organic
3942,2026-07-21,Mumbai,35,Instagram
3943,2026-02-12,Jaipur,28,Google Ads
3944,2026-04-28,Hyderabad,44,Referral
3945,2026-03-08,Hyderabad,41,Instagram
3946,2026-06-20,Pune,36,Google Ads
3947,2026-01-06,Chennai,51,Google Ads
3948,2026-05-11,Pune,52,Referral
3949,2026-04-14,Delhi,40,Referral
3950,2026-03-07,Mumbai,30,Organic
3951,2026-07-20,Gurugram,36,Instagram
3952,2026-02-09,Mumbai,55,Instagram
3953,2026-04-16,Chennai,47,Organic
3954,2026-03-18,Mumbai,36,Google Ads
3955,2026-05-04,Mumbai,41,Referral
3956,2026-01-15,Chennai,46,Referral
3957,2026-02-09,Chennai,51,Referral
3958,2026-03-27,Hyderabad,28,Instagram
3959,2026-05-05,Jaipur,46,Organic
3960,2026-04-14,Chennai,36,Google Ads
3961,2026-06-06,Bengaluru,42,Google Ads
3962,2026-03-25,Chennai,26,Google Ads
3963,2026-01-22,Delhi,30,Instagram
3964,2026-05-07,Mumbai,30,Referral
3965,2026-01-01,Jaipur,32,Google Ads
3966,2026-03-16,Hyderabad,43,Organic
3967,2026-01-23,Delhi,31,Referral
3968,2026-03-26,Mumbai,23,Referral
3969,2026-01-22,Delhi,21,Referral
3970,2026-02-19,Bengaluru,46,Referral
3971,2026-05-06,Mumbai,38,Organic
3972,2026-06-07,Mumbai,39,Google Ads
3973,2026-04-29,Pune,31,Organic
3974,2026-06-29,Mumbai,52,Organic
3975,2026-06-26,Pune,23,Instagram
3976,2026-03-28,Bengaluru,51,Referral
3977,2026-04-02,Pune,39,Organic
3978,2026-07-28,Chennai,47,Referral
3979,2026-03-02,Pune,41,Google Ads
3980,2026-04-29,Bengaluru,30,Google Ads
3981,2026-01-16,Mumbai,30,Google Ads
3982,2026-04-25,Bengaluru,30,Organic
3983,2026-03-14,Hyderabad,41,Organic
3984,2026-07-03,Jaipur,48,Instagram
3985,2026-06-14,Pune,34,Referral
3986,2026-06-17,Delhi,44,Google Ads
3987,2026-02-19,Hyderabad,25,Google Ads
3988,2026-07-25,Pune,45,Google Ads
3989,2026-05-08,Jaipur,46,Organic
3990,2026-03-24,Jaipur,29,Referral
3991,2026-07-10,Chennai,41,Referral
3992,2026-07-12,Bengaluru,21,Referral
3993,2026-02-12,Pune,47,Google Ads
3994,2026-03-27,Bengaluru,23,Referral
3995,2026-03-03,Jaipur,38,Referral
3996,2026-07-04,Bengaluru,47,Google Ads
3997,2026-01-03,Hyderabad,42,Referral
3998,2026-04-06,Hyderabad,21,Google Ads
3999,2026-07-17,Gurugram,34,Google Ads
4000,2026-06-24,Pune,54,Instagram
4001,2026-05-16,Gurugram,48,Organic
4002,2026-07-07,Delhi,50,Referral
4003,2026-06-01,Pune,55,Referral
4004,2026-04-27,Delhi,39,Instagram
4005,2026-04-15,Mumbai,51,Referral
4006,2026-04-17,Jaipur,35,Referral
4007,2026-06-01,Gurugram,49,Google Ads
4008,2026-06-16,Delhi,35,Organic
4009,2026-05-29,Pune,46,Google Ads
4010,2026-05-16,Gurugram,23,Google Ads
4011,2026-07-30,Jaipur,36,Instagram
4012,2026-04-21,Delhi,25,Referral
4013,2026-03-12,Chennai,22,Instagram
4014,2026-07-07,Pune,24,Instagram
4015,2026-05-29,Gurugram,55,Organic
4016,2026-03-15,Mumbai,36,Referral
4017,2026-04-10,Hyderabad,32,Instagram
4018,2026-02-21,Delhi,48,Google Ads
4019,2026-06-15,Gurugram,51,Google Ads
4020,2026-02-03,Pune,31,Organic
4021,2026-06-21,Pune,47,Google Ads
4022,2026-04-20,Gurugram,31,Instagram
4023,2026-07-15,Pune,40,Referral
4024,2026-06-27,Mumbai,25,Referral
4025,2026-02-01,Delhi,36,Google Ads
4026,2026-07-17,Pune,32,Google Ads
4027,2026-04-26,Hyderabad,28,Instagram
4028,2026-07-19,Jaipur,53,Google Ads
4029,2026-06-21,Pune,26,Instagram
4030,2026-01-24,Hyderabad,32,Instagram
4031,2026-02-18,Pune,22,Referral
4032,2026-06-08,Mumbai,25,Google Ads
4033,2026-03-29,Bengaluru,54,Referral
4034,2026-05-17,Gurugram,51,Referral
4035,2026-07-13,Hyderabad,22,Instagram
4036,2026-04-10,Chennai,27,Referral
4037,2026-07-18,Chennai,34,Google Ads
4038,2026-06-08,Jaipur,25,Referral
4039,2026-07-10,Gurugram,52,Organic
4040,2026-04-28,Chennai,41,Organic
4041,2026-02-20,Delhi,23,Instagram
4042,2026-01-01,Hyderabad,22,Referral
4043,2026-04-06,Hyderabad,47,Organic
4044,2026-01-02,Hyderabad,50,Google Ads
4045,2026-01-25,Mumbai,29,Instagram
4046,2026-05-22,Hyderabad,28,Organic
4047,2026-01-09,Hyderabad,36,Instagram
4048,2026-07-30,Chennai,39,Google Ads
4049,2026-01-28,Delhi,40,Organic
4050,2026-02-05,Pune,45,Referral
4051,2026-03-13,Hyderabad,47,Referral
4052,2026-05-16,Hyderabad,25,Instagram
4053,2026-07-09,Pune,47,Google Ads
4054,2026-03-14,Hyderabad,32,Organic
4055,2026-02-05,Mumbai,44,Google Ads
4056,2026-03-09,Hyderabad,41,Referral
4057,2026-02-16,Gurugram,26,Google Ads
4058,2026-03-12,Pune,55,Referral
4059,2026-01-21,Pune,40,Google Ads
4060,2026-04-14,Delhi,40,Referral
4061,2026-04-18,Mumbai,42,Google Ads
4062,2026-01-14,Bengaluru,25,Google Ads
4063,2026-05-31,Delhi,27,Referral
4064,2026-01-11,Jaipur,44,Instagram
4065,2026-01-28,Pune,31,Organic
4066,2026-05-24,Gurugram,26,Instagram
4067,2026-02-17,Mumbai,22,Instagram
4068,2026-07-06,Bengaluru,31,Organic
4069,2026-07-30,Gurugram,47,Google Ads
4070,2026-05-14,Pune,33,Instagram
4071,2026-03-02,Delhi,48,Google Ads
4072,2026-06-20,Chennai,33,Referral
4073,2026-03-16,Hyderabad,29,Instagram
4074,2026-06-01,Chennai,39,Google Ads
4075,2026-06-07,Mumbai,47,Google Ads
4076,2026-06-04,Jaipur,21,Referral
4077,2026-04-14,Gurugram,37,Organic
4078,2026-05-28,Bengaluru,28,Referral
4079,2026-03-05,Bengaluru,23,Google Ads
4080,2026-03-05,Delhi,25,Organic
4081,2026-02-04,Gurugram,38,Referral
4082,2026-05-28,Delhi,34,Organic
4083,2026-06-28,Delhi,47,Google Ads
4084,2026-02-22,Jaipur,30,Google Ads
4085,2026-06-15,Mumbai,44,Instagram
4086,2026-04-16,Chennai,54,Organic
4087,2026-04-24,Gurugram,30,Google Ads
4088,2026-04-01,Gurugram,36,Instagram
4089,2026-03-12,Chennai,24,Google Ads
4090,2026-04-21,Jaipur,31,Google Ads
4091,2026-01-16,Jaipur,54,Google Ads
4092,2026-04-16,Mumbai,39,Google Ads
4093,2026-03-13,Bengaluru,48,Organic
4094,2026-05-02,Mumbai,50,Instagram
4095,2026-06-14,Gurugram,49,Google Ads
4096,2026-03-12,Jaipur,45,Google Ads
4097,2026-05-03,Gurugram,49,Referral
4098,2026-01-05,Gurugram,52,Instagram
4099,2026-05-22,Bengaluru,28,Google Ads
4100,2026-04-05,Pune,27,Google Ads
4101,2026-06-18,Pune,46,Google Ads
4102,2026-05-26,Mumbai,36,Referral
4103,2026-03-06,Gurugram,54,Referral
4104,2026-06-10,Jaipur,54,Google Ads
4105,2026-01-06,Hyderabad,47,Organic
4106,2026-01-01,Jaipur,33,Google Ads
4107,2026-07-07,Pune,48,Google Ads
4108,2026-07-25,Pune,33,Organic
4109,2026-06-21,Hyderabad,27,Instagram
4110,2026-06-09,Gurugram,36,Instagram
4111,2026-03-28,Hyderabad,51,Organic
4112,2026-05-17,Hyderabad,52,Google Ads
4113,2026-05-24,Delhi,25,Google Ads
4114,2026-02-05,Gurugram,47,Referral
4115,2026-02-22,Jaipur,47,Instagram
4116,2026-07-09,Mumbai,27,Organic
4117,2026-05-21,Jaipur,29,Google Ads
4118,2026-02-24,Gurugram,44,Google Ads
4119,2026-03-07,Delhi,47,Google Ads
4120,2026-03-13,Jaipur,34,Google Ads
4121,2026-03-02,Mumbai,26,Referral
4122,2026-07-22,Gurugram,23,Instagram
4123,2026-03-12,Bengaluru,21,Referral
4124,2026-05-06,Gurugram,47,Referral
4125,2026-01-26,Mumbai,53,Organic
4126,2026-05-28,Pune,21,Instagram
4127,2026-03-31,Hyderabad,49,Organic
4128,2026-02-12,Delhi,27,Referral
4129,2026-05-27,Delhi,38,Google Ads
4130,2026-07-30,Bengaluru,35,Organic
4131,2026-07-07,Bengaluru,33,Referral
4132,2026-02-20,Bengaluru,39,Instagram
4133,2026-06-19,Jaipur,35,Organic
4134,2026-01-09,Mumbai,34,Instagram
4135,2026-07-13,Pune,48,Google Ads
4136,2026-01-17,Bengaluru,51,Instagram
4137,2026-02-13,Hyderabad,23,Instagram
4138,2026-06-25,Chennai,27,Google Ads
4139,2026-02-10,Gurugram,25,Google Ads
4140,2026-01-28,Chennai,35,Organic
4141,2026-02-12,Pune,54,Organic
4142,2026-06-23,Hyderabad,49,Google Ads
4143,2026-06-02,Gurugram,49,Instagram
4144,2026-06-06,Jaipur,38,Instagram
4145,2026-06-05,Gurugram,22,Google Ads
4146,2026-03-17,Chennai,55,Instagram
4147,2026-01-24,Mumbai,29,Referral
4148,2026-02-28,Mumbai,51,Instagram
4149,2026-06-16,Bengaluru,24,Instagram
4150,2026-05-18,Gurugram,29,Google Ads
4151,2026-01-13,Mumbai,36,Instagram
4152,2026-01-22,Hyderabad,54,Instagram
4153,2026-03-08,Pune,42,Instagram
4154,2026-07-31,Bengaluru,23,Instagram
4155,2026-02-22,Bengaluru,35,Organic
4156,2026-01-23,Bengaluru,49,Google Ads
4157,2026-07-04,Mumbai,41,Instagram
4158,2026-06-24,Pune,42,Google Ads
4159,2026-07-15,Delhi,22,Organic
4160,2026-06-26,Delhi,22,Google Ads
4161,2026-02-12,Mumbai,26,Organic
4162,2026-05-04,Mumbai,49,Organic
4163,2026-05-18,Hyderabad,24,Organic
4164,2026-07-11,Delhi,30,Referral
4165,2026-03-22,Chennai,28,Organic
4166,2026-05-10,Pune,39,Google Ads
4167,2026-01-22,Bengaluru,55,Instagram
4168,2026-05-06,Mumbai,30,Google Ads
4169,2026-07-15,Pune,53,Organic
4170,2026-01-11,Hyderabad,45,Instagram
4171,2026-05-10,Chennai,50,Google Ads
4172,2026-06-03,Delhi,21,Organic
4173,2026-03-04,Chennai,43,Organic
4174,2026-01-23,Hyderabad,54,Google Ads
4175,2026-02-08,Chennai,45,Organic
4176,2026-03-02,Chennai,30,Organic
4177,2026-05-11,Gurugram,41,Instagram
4178,2026-01-13,Hyderabad,40,Referral
4179,2026-07-20,Chennai,23,Organic
4180,2026-01-11,Jaipur,24,Instagram
4181,2026-03-03,Chennai,50,Organic
4182,2026-07-21,Delhi,54,Google Ads
4183,2026-01-17,Delhi,38,Referral
4184,2026-02-01,Chennai,37,Referral
4185,2026-02-01,Delhi,37,Organic
4186,2026-03-08,Bengaluru,51,Instagram
4187,2026-03-05,Gurugram,45,Organic
4188,2026-02-18,Mumbai,46,Google Ads
4189,2026-02-09,Mumbai,30,Organic
4190,2026-06-08,Pune,31,Instagram
4191,2026-06-15,Pune,47,Google Ads
4192,2026-01-06,Gurugram,47,Organic
4193,2026-02-03,Hyderabad,54,Instagram
4194,2026-01-27,Pune,37,Google Ads
4195,2026-01-11,Chennai,39,Referral
4196,2026-06-11,Chennai,31,Instagram
4197,2026-07-12,Hyderabad,39,Referral
4198,2026-01-11,Bengaluru,46,Organic
4199,2026-07-04,Hyderabad,42,Instagram
4200,2026-02-17,Pune,33,Referral
4201,2026-07-06,Delhi,26,Instagram
4202,2026-03-20,Chennai,38,Referral
4203,2026-05-12,Delhi,35,Organic
4204,2026-04-05,Gurugram,53,Instagram
4205,2026-03-12,Hyderabad,29,Instagram
4206,2026-06-28,Delhi,42,Google Ads
4207,2026-06-25,Delhi,39,Google Ads
4208,2026-02-25,Gurugram,43,Google Ads
4209,2026-05-15,Pune,41,Referral
4210,2026-02-01,Chennai,35,Referral
4211,2026-07-26,Mumbai,26,Google Ads
4212,2026-06-03,Jaipur,54,Instagram
4213,2026-07-21,Mumbai,55,Google Ads
4214,2026-02-20,Gurugram,26,Organic
4215,2026-02-20,Jaipur,34,Google Ads
4216,2026-06-14,Hyderabad,35,Google Ads
4217,2026-04-15,Delhi,25,Referral
4218,2026-07-12,Jaipur,41,Referral
4219,2026-01-25,Jaipur,53,Referral
4220,2026-07-19,Delhi,21,Referral
4221,2026-02-23,Delhi,22,Organic
4222,2026-03-27,Chennai,28,Instagram
4223,2026-06-02,Delhi,36,Organic
4224,2026-03-27,Jaipur,52,Google Ads
4225,2026-03-14,Mumbai,47,Referral
4226,2026-06-08,Gurugram,46,Instagram
4227,2026-07-22,Hyderabad,29,Referral
4228,2026-01-20,Pune,25,Referral
4229,2026-05-15,Pune,27,Instagram
4230,2026-02-27,Gurugram,46,Instagram
4231,2026-03-29,Delhi,29,Organic
4232,2026-04-15,Gurugram,31,Referral
4233,2026-02-10,Gurugram,53,Google Ads
4234,2026-03-03,Jaipur,38,Instagram
4235,2026-04-18,Mumbai,26,Google Ads
4236,2026-01-10,Pune,29,Instagram
4237,2026-04-15,Delhi,44,Organic
4238,2026-07-19,Hyderabad,36,Instagram
4239,2026-04-12,Chennai,48,Referral
4240,2026-07-10,Delhi,54,Organic
4241,2026-01-30,Bengaluru,48,Organic
4242,2026-01-05,Delhi,33,Referral
4243,2026-01-15,Gurugram,44,Instagram
4244,2026-06-05,Mumbai,22,Instagram
4245,2026-06-25,Jaipur,25,Instagram
4246,2026-07-10,Gurugram,27,Referral
4247,2026-07-16,Gurugram,37,Referral
4248,2026-04-02,Delhi,48,Instagram
4249,2026-02-16,Chennai,27,Instagram
4250,2026-05-05,Chennai,30,Organic
4251,2026-05-15,Pune,39,Organic
4252,2026-01-11,Mumbai,36,Instagram
4253,2026-05-22,Delhi,54,Referral
4254,2026-07-19,Gurugram,42,Google Ads
4255,2026-05-03,Bengaluru,47,Google Ads
4256,2026-03-01,Hyderabad,28,Google Ads
4257,2026-06-20,Hyderabad,49,Organic
4258,2026-01-05,Delhi,53,Instagram
4259,2026-05-25,Mumbai,39,Google Ads
4260,2026-02-16,Delhi,49,Referral
4261,2026-05-30,Bengaluru,46,Organic
4262,2026-06-30,Chennai,45,Referral
4263,2026-06-18,Pune,50,Google Ads
4264,2026-05-14,Pune,30,Instagram
4265,2026-04-04,Chennai,36,Google Ads
4266,2026-05-25,Mumbai,39,Google Ads
4267,2026-05-09,Pune,33,Referral
4268,2026-02-18,Mumbai,32,Referral
4269,2026-07-26,Gurugram,39,Organic
4270,2026-07-18,Chennai,46,Organic
4271,2026-01-15,Chennai,22,Referral
4272,2026-05-02,Bengaluru,46,Organic
4273,2026-04-28,Chennai,22,Organic
4274,2026-02-14,Gurugram,40,Organic
4275,2026-07-05,Gurugram,54,Organic
4276,2026-03-25,Hyderabad,36,Referral
4277,2026-05-14,Bengaluru,22,Referral
4278,2026-03-14,Delhi,43,Referral
4279,2026-06-19,Mumbai,30,Referral
4280,2026-05-25,Chennai,42,Google Ads
4281,2026-07-25,Bengaluru,46,Organic
4282,2026-04-02,Bengaluru,48,Organic
4283,2026-01-24,Chennai,45,Instagram
4284,2026-06-11,Mumbai,34,Google Ads
4285,2026-05-04,Chennai,27,Organic
4286,2026-06-25,Bengaluru,33,Referral
4287,2026-03-22,Hyderabad,28,Google Ads
4288,2026-02-19,Pune,46,Instagram
4289,2026-03-03,Pune,53,Google Ads
4290,2026-01-11,Delhi,31,Instagram
4291,2026-02-27,Delhi,21,Organic
4292,2026-05-12,Chennai,46,Referral
4293,2026-04-10,Mumbai,24,Google Ads
4294,2026-07-15,Chennai,53,Google Ads
4295,2026-01-21,Gurugram,42,Referral
4296,2026-07-30,Delhi,24,Referral
4297,2026-04-07,Delhi,38,Google Ads
4298,2026-06-11,Mumbai,41,Google Ads
4299,2026-04-15,Bengaluru,54,Google Ads
4300,2026-05-30,Jaipur,47,Organic
4301,2026-01-13,Hyderabad,35,Organic
4302,2026-03-11,Delhi,52,Instagram
4303,2026-06-03,Pune,46,Google Ads
4304,2026-07-02,Jaipur,29,Organic
4305,2026-07-15,Chennai,29,Organic
4306,2026-03-30,Delhi,26,Organic
4307,2026-05-06,Jaipur,45,Referral
4308,2026-02-11,Mumbai,37,Google Ads
4309,2026-05-15,Pune,25,Referral
4310,2026-02-20,Gurugram,50,Google Ads
4311,2026-02-03,Hyderabad,43,Organic
4312,2026-02-13,Gurugram,43,Referral
4313,2026-04-13,Mumbai,50,Instagram
4314,2026-01-21,Jaipur,21,Google Ads
4315,2026-02-12,Mumbai,26,Organic
4316,2026-01-01,Chennai,28,Google Ads
4317,2026-04-19,Gurugram,53,Referral
4318,2026-03-23,Bengaluru,50,Instagram
4319,2026-05-27,Hyderabad,45,Google Ads
4320,2026-02-25,Jaipur,25,Referral
4321,2026-05-20,Pune,40,Google Ads
4322,2026-01-13,Bengaluru,41,Google Ads
4323,2026-04-12,Pune,53,Google Ads
4324,2026-07-29,Mumbai,48,Google Ads
4325,2026-01-14,Gurugram,49,Google Ads
4326,2026-03-06,Mumbai,46,Instagram
4327,2026-01-28,Bengaluru,50,Organic
4328,2026-05-08,Bengaluru,32,Google Ads
4329,2026-02-11,Mumbai,52,Referral
4330,2026-05-31,Bengaluru,27,Organic
4331,2026-03-08,Chennai,31,Organic
4332,2026-03-29,Jaipur,49,Google Ads
4333,2026-04-20,Gurugram,55,Google Ads
4334,2026-01-30,Bengaluru,55,Organic
4335,2026-03-23,Chennai,22,Instagram
4336,2026-05-27,Jaipur,22,Instagram
4337,2026-06-29,Chennai,46,Organic
4338,2026-01-31,Jaipur,51,Organic
4339,2026-04-14,Jaipur,36,Referral
4340,2026-05-13,Bengaluru,21,Instagram
4341,2026-01-01,Chennai,55,Google Ads
4342,2026-06-18,Bengaluru,32,Google Ads
4343,2026-03-31,Hyderabad,31,Google Ads
4344,2026-04-11,Hyderabad,21,Organic
4345,2026-05-19,Jaipur,27,Organic
4346,2026-04-14,Bengaluru,25,Instagram
4347,2026-07-17,Bengaluru,25,Referral
4348,2026-02-05,Hyderabad,46,Referral
4349,2026-07-13,Delhi,55,Organic
4350,2026-03-10,Gurugram,48,Organic
4351,2026-05-19,Pune,55,Referral
4352,2026-02-10,Bengaluru,23,Referral
4353,2026-07-24,Delhi,35,Organic
4354,2026-05-19,Chennai,37,Instagram
4355,2026-03-16,Bengaluru,40,Referral
4356,2026-03-28,Mumbai,26,Google Ads
4357,2026-04-26,Jaipur,23,Organic
4358,2026-04-23,Mumbai,43,Referral
4359,2026-03-02,Chennai,49,Instagram
4360,2026-02-20,Bengaluru,22,Referral
4361,2026-04-26,Pune,45,Organic
4362,2026-06-07,Mumbai,50,Instagram
4363,2026-05-17,Jaipur,45,Instagram
4364,2026-06-09,Chennai,53,Instagram
4365,2026-02-09,Bengaluru,41,Instagram
4366,2026-02-20,Jaipur,23,Organic
4367,2026-05-17,Hyderabad,54,Google Ads
4368,2026-06-14,Bengaluru,36,Instagram
4369,2026-06-28,Pune,22,Organic
4370,2026-04-03,Chennai,45,Organic
4371,2026-03-26,Jaipur,23,Google Ads
4372,2026-02-01,Bengaluru,38,Referral
4373,2026-02-15,Hyderabad,44,Google Ads
4374,2026-02-16,Chennai,50,Organic
4375,2026-02-20,Bengaluru,43,Referral
4376,2026-06-06,Pune,32,Organic
4377,2026-06-12,Bengaluru,55,Organic
4378,2026-03-10,Chennai,35,Referral
4379,2026-02-19,Mumbai,42,Instagram
4380,2026-03-08,Mumbai,41,Google Ads
4381,2026-07-14,Hyderabad,51,Google Ads
4382,2026-03-29,Chennai,31,Referral
4383,2026-02-13,Chennai,35,Referral
4384,2026-02-26,Hyderabad,54,Organic
4385,2026-06-25,Hyderabad,27,Google Ads
4386,2026-05-10,Mumbai,46,Instagram
4387,2026-01-07,Jaipur,54,Google Ads
4388,2026-04-09,Hyderabad,22,Organic
4389,2026-07-13,Jaipur,39,Referral
4390,2026-02-27,Delhi,33,Instagram
4391,2026-06-09,Mumbai,53,Referral
4392,2026-01-20,Mumbai,51,Organic
4393,2026-02-12,Delhi,33,Instagram
4394,2026-06-30,Hyderabad,36,Google Ads
4395,2026-01-10,Mumbai,44,Google Ads
4396,2026-03-20,Mumbai,41,Google Ads
4397,2026-01-28,Hyderabad,41,Google Ads
4398,2026-02-25,Bengaluru,44,Organic
4399,2026-02-24,Chennai,51,Organic
4400,2026-05-15,Mumbai,36,Organic
4401,2026-04-25,Hyderabad,23,Google Ads
4402,2026-06-08,Pune,30,Organic
4403,2026-06-14,Mumbai,39,Referral
4404,2026-07-22,Mumbai,23,Organic
4405,2026-02-15,Jaipur,45,Organic
4406,2026-02-01,Jaipur,24,Organic
4407,2026-02-03,Jaipur,21,Google Ads
4408,2026-02-03,Gurugram,53,Instagram
4409,2026-07-16,Hyderabad,46,Google Ads
4410,2026-02-05,Hyderabad,48,Instagram
4411,2026-03-25,Chennai,49,Instagram
4412,2026-03-13,Pune,31,Google Ads
4413,2026-06-30,Hyderabad,53,Instagram
4414,2026-07-09,Pune,55,Organic
4415,2026-07-07,Chennai,44,Organic
4416,2026-03-23,Pune,32,Instagram
4417,2026-03-19,Mumbai,26,Referral
4418,2026-04-20,Hyderabad,22,Google Ads
4419,2026-01-02,Delhi,23,Google Ads
4420,2026-03-20,Hyderabad,35,Organic
4421,2026-03-01,Mumbai,36,Google Ads
4422,2026-07-31,Mumbai,41,Referral
4423,2026-01-18,Gurugram,21,Instagram
4424,2026-05-04,Delhi,54,Google Ads
4425,2026-06-12,Chennai,32,Organic
4426,2026-03-14,Pune,39,Referral
4427,2026-05-15,Chennai,45,Organic
4428,2026-07-03,Jaipur,30,Instagram
4429,2026-06-26,Gurugram,48,Instagram
4430,2026-06-13,Jaipur,39,Organic
4431,2026-02-08,Delhi,29,Instagram
4432,2026-05-12,Bengaluru,44,Google Ads
4433,2026-01-18,Gurugram,32,Organic
4434,2026-07-26,Mumbai,29,Google Ads
4435,2026-01-17,Bengaluru,33,Organic
4436,2026-06-15,Delhi,40,Organic
4437,2026-01-16,Chennai,21,Referral
4438,2026-05-14,Gurugram,47,Google Ads
4439,2026-02-10,Gurugram,50,Instagram
4440,2026-05-17,Bengaluru,51,Instagram
4441,2026-06-30,Mumbai,50,Google Ads
4442,2026-02-16,Hyderabad,51,Instagram
4443,2026-03-08,Hyderabad,38,Instagram
4444,2026-04-08,Bengaluru,23,Instagram
4445,2026-06-08,Mumbai,53,Referral
4446,2026-06-21,Jaipur,45,Referral
4447,2026-05-22,Gurugram,27,Instagram
4448,2026-05-21,Bengaluru,49,Referral
4449,2026-06-15,Jaipur,32,Google Ads
4450,2026-06-25,Gurugram,33,Instagram
4451,2026-07-03,Gurugram,32,Referral
4452,2026-01-08,Hyderabad,32,Google Ads
4453,2026-05-28,Gurugram,47,Referral
4454,2026-01-26,Chennai,41,Organic
4455,2026-05-30,Mumbai,40,Google Ads
4456,2026-05-21,Bengaluru,36,Referral
4457,2026-03-25,Hyderabad,36,Organic
4458,2026-05-19,Gurugram,41,Organic
4459,2026-03-20,Pune,47,Google Ads
4460,2026-07-05,Jaipur,52,Google Ads
4461,2026-07-26,Chennai,39,Google Ads
4462,2026-01-06,Hyderabad,37,Referral
4463,2026-05-28,Jaipur,28,Google Ads
4464,2026-04-25,Jaipur,21,Google Ads
4465,2026-02-14,Jaipur,25,Google Ads
4466,2026-03-26,Gurugram,50,Organic
4467,2026-05-08,Mumbai,34,Instagram
4468,2026-07-29,Hyderabad,29,Organic
4469,2026-05-23,Gurugram,29,Google Ads
4470,2026-07-27,Mumbai,29,Organic
4471,2026-04-12,Delhi,33,Google Ads
4472,2026-01-12,Pune,52,Organic
4473,2026-06-25,Jaipur,54,Instagram
4474,2026-05-26,Jaipur,43,Organic
4475,2026-06-27,Hyderabad,53,Instagram
4476,2026-03-02,Chennai,24,Organic
4477,2026-07-12,Delhi,33,Google Ads
4478,2026-03-19,Gurugram,45,Organic
4479,2026-07-28,Hyderabad,28,Instagram
4480,2026-03-30,Bengaluru,34,Referral
4481,2026-05-27,Mumbai,22,Organic
4482,2026-06-14,Bengaluru,43,Organic
4483,2026-01-24,Pune,33,Instagram
4484,2026-06-17,Gurugram,24,Organic
4485,2026-02-20,Delhi,47,Referral
4486,2026-01-22,Gurugram,52,Google Ads
4487,2026-01-30,Bengaluru,46,Google Ads
4488,2026-02-08,Bengaluru,28,Google Ads
4489,2026-01-31,Jaipur,47,Instagram
4490,2026-06-19,Bengaluru,24,Google Ads
4491,2026-07-17,Mumbai,28,Google Ads
4492,2026-04-14,Mumbai,29,Referral
4493,2026-01-11,Mumbai,23,Instagram
4494,2026-07-05,Hyderabad,54,Organic
4495,2026-03-05,Gurugram,34,Google Ads
4496,2026-05-27,Gurugram,48,Instagram
4497,2026-02-23,Delhi,32,Instagram
4498,2026-06-20,Pune,54,Google Ads
4499,2026-07-15,Pune,32,Google Ads
4500,2026-03-14,Delhi,46,Organic
4501,2026-02-05,Hyderabad,21,Organic
4502,2026-03-25,Bengaluru,30,Organic
4503,2026-04-07,Bengaluru,22,Referral
4504,2026-06-01,Gurugram,44,Referral
4505,2026-03-31,Chennai,25,Referral
4506,2026-07-08,Delhi,34,Organic
4507,2026-05-26,Hyderabad,29,Organic
4508,2026-05-30,Jaipur,22,Organic
4509,2026-02-28,Jaipur,28,Google Ads
4510,2026-02-18,Chennai,43,Instagram
4511,2026-05-19,Hyderabad,45,Instagram
4512,2026-02-03,Gurugram,22,Google Ads
4513,2026-01-20,Bengaluru,22,Google Ads
4514,2026-05-04,Delhi,48,Google Ads
4515,2026-06-07,Bengaluru,51,Google Ads
4516,2026-05-07,Pune,24,Google Ads
4517,2026-06-08,Delhi,49,Organic
4518,2026-01-22,Chennai,48,Referral
4519,2026-01-06,Chennai,35,Google Ads
4520,2026-03-14,Mumbai,42,Instagram
4521,2026-02-10,Delhi,35,Organic
4522,2026-03-15,Delhi,36,Google Ads
4523,2026-01-05,Hyderabad,46,Referral
4524,2026-05-25,Jaipur,44,Instagram
4525,2026-07-21,Pune,25,Instagram
4526,2026-06-01,Hyderabad,44,Google Ads
4527,2026-02-14,Gurugram,37,Instagram
4528,2026-01-28,Bengaluru,37,Instagram
4529,2026-01-01,Mumbai,23,Organic
4530,2026-07-16,Mumbai,53,Google Ads
4531,2026-02-23,Delhi,47,Organic
4532,2026-01-26,Jaipur,46,Google Ads
4533,2026-01-24,Jaipur,31,Instagram
4534,2026-01-11,Delhi,54,Google Ads
4535,2026-07-06,Hyderabad,49,Google Ads
4536,2026-06-01,Delhi,27,Referral
4537,2026-06-30,Delhi,50,Google Ads
4538,2026-05-11,Delhi,47,Instagram
4539,2026-03-05,Delhi,50,Organic
4540,2026-03-27,Mumbai,24,Referral
4541,2026-03-15,Hyderabad,54,Referral
4542,2026-05-06,Pune,33,Referral
4543,2026-02-14,Mumbai,33,Google Ads
4544,2026-05-25,Chennai,32,Instagram
4545,2026-05-16,Hyderabad,49,Instagram
4546,2026-04-20,Pune,52,Google Ads
4547,2026-01-31,Delhi,42,Google Ads
4548,2026-06-21,Gurugram,46,Google Ads
4549,2026-07-27,Jaipur,37,Referral
4550,2026-04-11,Chennai,30,Google Ads
4551,2026-05-30,Mumbai,54,Google Ads
4552,2026-02-05,Jaipur,22,Google Ads
4553,2026-03-10,Chennai,47,Instagram
4554,2026-03-21,Hyderabad,22,Organic
4555,2026-07-23,Mumbai,24,Instagram
4556,2026-05-05,Jaipur,28,Referral
4557,2026-01-10,Delhi,37,Organic
4558,2026-05-20,Mumbai,38,Organic
4559,2026-03-22,Gurugram,25,Instagram
4560,2026-02-14,Delhi,37,Organic
4561,2026-05-09,Delhi,40,Organic
4562,2026-06-03,Jaipur,46,Organic
4563,2026-05-16,Jaipur,35,Organic
4564,2026-02-20,Jaipur,49,Organic
4565,2026-07-28,Chennai,45,Organic
4566,2026-07-11,Pune,27,Instagram
4567,2026-04-08,Mumbai,30,Google Ads
4568,2026-03-15,Delhi,52,Instagram
4569,2026-03-10,Gurugram,35,Referral
4570,2026-07-15,Hyderabad,48,Google Ads
4571,2026-07-08,Pune,28,Referral
4572,2026-04-25,Delhi,25,Organic
4573,2026-03-09,Bengaluru,48,Referral
4574,2026-06-19,Bengaluru,22,Google Ads
4575,2026-01-14,Jaipur,55,Referral
4576,2026-01-28,Mumbai,47,Google Ads
4577,2026-02-10,Delhi,37,Google Ads
4578,2026-05-20,Mumbai,36,Instagram
4579,2026-06-29,Jaipur,30,Referral
4580,2026-01-22,Jaipur,22,Organic
4581,2026-05-18,Pune,53,Google Ads
4582,2026-07-30,Mumbai,55,Referral
4583,2026-03-08,Pune,55,Google Ads
4584,2026-07-14,Mumbai,49,Referral
4585,2026-04-02,Gurugram,49,Referral
4586,2026-04-06,Jaipur,21,Instagram
4587,2026-01-16,Delhi,37,Instagram
4588,2026-04-18,Jaipur,41,Instagram
4589,2026-01-24,Bengaluru,33,Instagram
4590,2026-01-22,Pune,46,Google Ads
4591,2026-06-15,Mumbai,31,Instagram
4592,2026-05-08,Pune,31,Organic
4593,2026-04-19,Bengaluru,50,Organic
4594,2026-04-11,Jaipur,24,Google Ads
4595,2026-05-31,Hyderabad,35,Organic
4596,2026-03-08,Mumbai,48,Google Ads
4597,2026-04-20,Delhi,52,Referral
4598,2026-06-14,Gurugram,32,Instagram
4599,2026-06-22,Gurugram,42,Organic
4600,2026-04-01,Mumbai,50,Organic
4601,2026-07-26,Chennai,32,Google Ads
4602,2026-01-12,Chennai,39,Referral
4603,2026-04-07,Chennai,55,Google Ads
4604,2026-03-09,Chennai,22,Google Ads
4605,2026-05-11,Pune,30,Google Ads
4606,2026-01-03,Bengaluru,42,Google Ads
4607,2026-02-06,Bengaluru,43,Organic
4608,2026-03-04,Chennai,38,Instagram
4609,2026-02-02,Delhi,53,Referral
4610,2026-07-22,Gurugram,38,Instagram
4611,2026-05-17,Gurugram,23,Referral
4612,2026-02-05,Pune,46,Instagram
4613,2026-07-12,Jaipur,25,Instagram
4614,2026-06-09,Mumbai,26,Google Ads
4615,2026-02-24,Mumbai,36,Instagram
4616,2026-07-13,Bengaluru,34,Organic
4617,2026-01-28,Gurugram,34,Instagram
4618,2026-04-15,Delhi,42,Google Ads
4619,2026-03-05,Delhi,37,Instagram
4620,2026-05-11,Mumbai,46,Instagram
4621,2026-06-29,Delhi,31,Instagram
4622,2026-03-13,Pune,52,Google Ads
4623,2026-02-01,Mumbai,48,Instagram
4624,2026-01-09,Gurugram,39,Google Ads
4625,2026-07-21,Chennai,46,Referral
4626,2026-05-01,Jaipur,25,Organic
4627,2026-02-02,Pune,55,Organic
4628,2026-05-20,Delhi,55,Instagram
4629,2026-07-06,Delhi,46,Instagram
4630,2026-05-22,Bengaluru,27,Google Ads
4631,2026-04-24,Pune,47,Instagram
4632,2026-01-27,Gurugram,41,Organic
4633,2026-04-11,Chennai,37,Instagram
4634,2026-06-07,Gurugram,46,Organic
4635,2026-05-21,Jaipur,40,Referral
4636,2026-04-08,Pune,26,Instagram
4637,2026-05-31,Pune,41,Referral
4638,2026-01-13,Mumbai,28,Organic
4639,2026-07-04,Bengaluru,24,Referral
4640,2026-07-19,Jaipur,44,Google Ads
4641,2026-04-08,Delhi,43,Google Ads
4642,2026-05-02,Mumbai,48,Organic
4643,2026-01-16,Gurugram,55,Organic
4644,2026-05-23,Chennai,34,Instagram
4645,2026-03-05,Chennai,29,Google Ads
4646,2026-05-29,Pune,41,Instagram
4647,2026-01-15,Chennai,52,Google Ads
4648,2026-01-07,Pune,29,Google Ads
4649,2026-05-29,Pune,32,Google Ads
4650,2026-04-07,Chennai,38,Organic
4651,2026-07-09,Chennai,48,Instagram
4652,2026-01-13,Hyderabad,48,Google Ads
4653,2026-01-04,Pune,41,Instagram
4654,2026-04-04,Jaipur,49,Instagram
4655,2026-01-08,Jaipur,40,Organic
4656,2026-02-26,Gurugram,53,Referral
4657,2026-01-08,Chennai,29,Google Ads
4658,2026-07-20,Hyderabad,37,Organic
4659,2026-04-08,Bengaluru,32,Organic
4660,2026-03-28,Pune,24,Google Ads
4661,2026-06-11,Hyderabad,43,Google Ads
4662,2026-01-14,Delhi,48,Google Ads
4663,2026-02-17,Mumbai,32,Google Ads
4664,2026-02-16,Jaipur,48,Referral
4665,2026-05-03,Jaipur,40,Instagram
4666,2026-07-15,Hyderabad,25,Instagram
4667,2026-01-27,Mumbai,32,Google Ads
4668,2026-01-26,Mumbai,44,Referral
4669,2026-05-09,Pune,55,Organic
4670,2026-06-13,Chennai,24,Google Ads
4671,2026-05-18,Delhi,27,Instagram
4672,2026-05-13,Chennai,51,Organic
4673,2026-05-24,Bengaluru,33,Referral
4674,2026-02-14,Hyderabad,49,Referral
4675,2026-01-04,Pune,49,Google Ads
4676,2026-07-03,Chennai,37,Referral
4677,2026-06-13,Chennai,25,Google Ads
4678,2026-01-29,Bengaluru,24,Google Ads
4679,2026-03-06,Gurugram,51,Instagram
4680,2026-04-21,Hyderabad,45,Referral
4681,2026-05-17,Delhi,50,Organic
4682,2026-07-29,Bengaluru,44,Referral
4683,2026-05-12,Bengaluru,40,Google Ads
4684,2026-06-21,Gurugram,53,Instagram
4685,2026-03-06,Hyderabad,38,Google Ads
4686,2026-06-23,Chennai,37,Instagram
4687,2026-04-05,Pune,50,Instagram
4688,2026-02-07,Gurugram,25,Google Ads
4689,2026-02-19,Bengaluru,49,Google Ads
4690,2026-05-18,Jaipur,26,Instagram
4691,2026-07-18,Chennai,34,Google Ads
4692,2026-03-17,Bengaluru,52,Google Ads
4693,2026-02-19,Chennai,31,Referral
4694,2026-05-02,Hyderabad,21,Organic
4695,2026-01-16,Mumbai,45,Referral
4696,2026-07-31,Delhi,37,Instagram
4697,2026-06-12,Gurugram,23,Instagram
4698,2026-07-22,Gurugram,41,Organic
4699,2026-05-09,Bengaluru,38,Organic
4700,2026-02-28,Hyderabad,35,Referral
4701,2026-01-04,Delhi,27,Instagram
4702,2026-07-03,Chennai,49,Instagram
4703,2026-03-15,Mumbai,48,Instagram
4704,2026-02-14,Pune,37,Google Ads
4705,2026-06-21,Hyderabad,37,Google Ads
4706,2026-01-14,Gurugram,55,Referral
4707,2026-06-26,Mumbai,51,Organic
4708,2026-02-25,Jaipur,27,Google Ads
4709,2026-06-25,Hyderabad,36,Organic
4710,2026-02-01,Bengaluru,55,Instagram
4711,2026-05-09,Pune,55,Organic
4712,2026-07-25,Chennai,54,Instagram
4713,2026-02-09,Delhi,40,Referral
4714,2026-03-22,Jaipur,29,Referral
4715,2026-01-27,Pune,49,Organic
4716,2026-03-06,Chennai,35,Google Ads
4717,2026-01-23,Chennai,37,Google Ads
4718,2026-02-03,Gurugram,35,Organic
4719,2026-02-11,Gurugram,36,Organic
4720,2026-01-27,Bengaluru,28,Referral
4721,2026-06-18,Jaipur,22,Instagram
4722,2026-07-29,Bengaluru,34,Referral
4723,2026-05-13,Delhi,34,Google Ads
4724,2026-02-01,Delhi,28,Google Ads
4725,2026-02-28,Bengaluru,21,Google Ads
4726,2026-06-27,Chennai,50,Instagram
4727,2026-01-30,Delhi,22,Instagram
4728,2026-06-11,Jaipur,45,Google Ads
4729,2026-05-21,Mumbai,39,Google Ads
4730,2026-04-09,Mumbai,39,Google Ads
4731,2026-07-05,Gurugram,39,Referral
4732,2026-06-16,Gurugram,26,Organic
4733,2026-07-13,Delhi,51,Google Ads
4734,2026-07-20,Bengaluru,33,Instagram
4735,2026-04-15,Hyderabad,27,Google Ads
4736,2026-02-20,Delhi,50,Referral
4737,2026-04-14,Bengaluru,21,Instagram
4738,2026-07-28,Pune,42,Referral
4739,2026-05-31,Chennai,49,Referral
4740,2026-03-26,Delhi,23,Instagram
4741,2026-06-21,Chennai,48,Google Ads
4742,2026-01-19,Delhi,46,Referral
4743,2026-03-18,Mumbai,26,Organic
4744,2026-02-27,Pune,21,Referral
4745,2026-05-19,Hyderabad,27,Instagram
4746,2026-07-29,Pune,51,Google Ads
4747,2026-06-07,Delhi,44,Organic
4748,2026-07-14,Gurugram,48,Instagram
4749,2026-02-21,Pune,30,Instagram
4750,2026-07-05,Chennai,31,Instagram
4751,2026-04-28,Delhi,54,Google Ads
4752,2026-04-21,Mumbai,51,Instagram
4753,2026-06-24,Jaipur,25,Instagram
4754,2026-04-05,Chennai,32,Instagram
4755,2026-01-20,Jaipur,45,Google Ads
4756,2026-06-02,Gurugram,29,Google Ads
4757,2026-01-23,Bengaluru,48,Referral
4758,2026-07-15,Hyderabad,50,Referral
4759,2026-06-11,Bengaluru,45,Google Ads
4760,2026-01-21,Delhi,44,Referral
4761,2026-01-19,Jaipur,44,Instagram
4762,2026-03-22,Mumbai,50,Instagram
4763,2026-03-16,Mumbai,29,Instagram
4764,2026-04-09,Bengaluru,25,Google Ads
4765,2026-06-22,Bengaluru,38,Google Ads
4766,2026-07-02,Chennai,29,Instagram
4767,2026-02-15,Bengaluru,30,Organic
4768,2026-05-03,Hyderabad,53,Organic
4769,2026-04-26,Delhi,37,Organic
4770,2026-04-04,Pune,29,Google Ads
4771,2026-05-22,Hyderabad,39,Instagram
4772,2026-01-12,Hyderabad,48,Organic
4773,2026-02-02,Delhi,30,Google Ads
4774,2026-04-04,Jaipur,21,Organic
4775,2026-01-05,Delhi,25,Organic
4776,2026-02-26,Hyderabad,47,Google Ads
4777,2026-01-14,Jaipur,31,Google Ads
4778,2026-02-04,Pune,51,Referral
4779,2026-05-09,Bengaluru,41,Referral
4780,2026-07-21,Pune,21,Google Ads
4781,2026-05-05,Bengaluru,31,Organic
4782,2026-07-03,Jaipur,36,Google Ads
4783,2026-04-18,Mumbai,45,Referral
4784,2026-05-19,Hyderabad,21,Instagram
4785,2026-01-16,Hyderabad,24,Google Ads
4786,2026-05-28,Hyderabad,21,Organic
4787,2026-04-29,Mumbai,26,Instagram
4788,2026-04-20,Mumbai,23,Organic
4789,2026-02-28,Jaipur,24,Referral
4790,2026-02-04,Gurugram,23,Google Ads
4791,2026-01-19,Chennai,41,Organic
4792,2026-01-02,Jaipur,37,Referral
4793,2026-06-17,Mumbai,53,Organic
4794,2026-03-21,Hyderabad,39,Google Ads
4795,2026-06-15,Bengaluru,54,Instagram
4796,2026-06-01,Gurugram,47,Instagram
4797,2026-06-02,Pune,38,Referral
4798,2026-07-16,Mumbai,47,Referral
4799,2026-01-23,Bengaluru,51,Google Ads
4800,2026-03-21,Mumbai,34,Referral
4801,2026-07-05,Mumbai,23,Google Ads
4802,2026-01-12,Bengaluru,43,Organic
4803,2026-06-19,Chennai,35,Organic
4804,2026-01-18,Jaipur,39,Google Ads
4805,2026-07-20,Hyderabad,49,Google Ads
4806,2026-07-15,Gurugram,42,Referral
4807,2026-02-08,Chennai,54,Google Ads
4808,2026-03-11,Chennai,23,Organic
4809,2026-04-25,Gurugram,35,Referral
4810,2026-03-06,Pune,55,Instagram
4811,2026-05-21,Pune,32,Instagram
4812,2026-02-28,Chennai,40,Instagram
4813,2026-02-05,Delhi,42,Instagram
4814,2026-04-25,Jaipur,38,Organic
4815,2026-04-11,Hyderabad,49,Organic
4816,2026-04-01,Mumbai,44,Referral
4817,2026-02-10,Gurugram,32,Organic
4818,2026-01-03,Delhi,55,Referral
4819,2026-07-16,Hyderabad,27,Google Ads
4820,2026-06-11,Pune,22,Organic
4821,2026-06-03,Mumbai,35,Google Ads
4822,2026-01-22,Mumbai,50,Organic
4823,2026-04-10,Mumbai,22,Google Ads
4824,2026-07-26,Pune,49,Organic
4825,2026-01-14,Bengaluru,31,Organic
4826,2026-04-14,Hyderabad,35,Instagram
4827,2026-03-10,Mumbai,32,Referral
4828,2026-01-22,Bengaluru,32,Instagram
4829,2026-03-22,Hyderabad,24,Google Ads
4830,2026-04-17,Delhi,26,Instagram
4831,2026-03-28,Gurugram,32,Referral
4832,2026-03-30,Pune,49,Organic
4833,2026-06-08,Hyderabad,23,Instagram
4834,2026-01-12,Jaipur,27,Organic
4835,2026-06-30,Gurugram,29,Instagram
4836,2026-05-21,Delhi,43,Organic
4837,2026-06-01,Hyderabad,22,Referral
4838,2026-06-20,Mumbai,24,Google Ads
4839,2026-04-11,Pune,34,Referral
4840,2026-07-17,Delhi,34,Organic
4841,2026-05-29,Mumbai,21,Google Ads
4842,2026-02-02,Delhi,34,Instagram
4843,2026-05-10,Pune,25,Google Ads
4844,2026-03-18,Mumbai,35,Referral
4845,2026-03-28,Bengaluru,55,Instagram
4846,2026-07-14,Gurugram,44,Organic
4847,2026-03-29,Bengaluru,23,Instagram
4848,2026-01-19,Delhi,24,Instagram
4849,2026-05-05,Delhi,22,Instagram
4850,2026-04-20,Delhi,25,Instagram
4851,2026-07-03,Jaipur,51,Google Ads
4852,2026-07-19,Gurugram,51,Instagram
4853,2026-06-27,Bengaluru,34,Organic
4854,2026-05-26,Pune,40,Organic
4855,2026-04-06,Gurugram,22,Google Ads
4856,2026-05-06,Jaipur,45,Organic
4857,2026-02-10,Hyderabad,41,Google Ads
4858,2026-02-11,Hyderabad,21,Google Ads
4859,2026-02-24,Chennai,41,Google Ads
4860,2026-04-11,Bengaluru,39,Google Ads
4861,2026-05-18,Pune,32,Organic
4862,2026-06-10,Bengaluru,30,Google Ads
4863,2026-02-26,Pune,42,Referral
4864,2026-01-18,Delhi,23,Organic
4865,2026-06-14,Chennai,23,Instagram
4866,2026-01-02,Chennai,53,Google Ads
4867,2026-01-04,Bengaluru,28,Google Ads
4868,2026-04-11,Jaipur,35,Organic
4869,2026-06-07,Delhi,39,Referral
4870,2026-03-27,Jaipur,42,Organic
4871,2026-05-25,Jaipur,41,Referral
4872,2026-02-17,Mumbai,31,Organic
4873,2026-06-01,Chennai,40,Google Ads
4874,2026-01-12,Gurugram,36,Instagram
4875,2026-07-25,Bengaluru,21,Referral
4876,2026-02-06,Jaipur,44,Instagram
4877,2026-02-17,Mumbai,37,Instagram
4878,2026-04-29,Delhi,29,Google Ads
4879,2026-04-24,Mumbai,26,Referral
4880,2026-02-11,Gurugram,21,Google Ads
4881,2026-04-21,Bengaluru,27,Organic
4882,2026-06-05,Bengaluru,25,Instagram
4883,2026-05-15,Mumbai,54,Organic
4884,2026-05-06,Delhi,44,Organic
4885,2026-04-22,Mumbai,28,Instagram
4886,2026-02-24,Hyderabad,42,Organic
4887,2026-01-21,Hyderabad,50,Organic
4888,2026-05-01,Bengaluru,27,Instagram
4889,2026-05-13,Delhi,24,Organic
4890,2026-07-17,Hyderabad,36,Instagram
4891,2026-07-15,Gurugram,25,Instagram
4892,2026-04-07,Bengaluru,53,Referral
4893,2026-05-03,Bengaluru,53,Google Ads
4894,2026-03-21,Delhi,27,Referral
4895,2026-02-05,Bengaluru,51,Google Ads
4896,2026-01-14,Bengaluru,34,Organic
4897,2026-05-18,Bengaluru,35,Google Ads
4898,2026-02-09,Delhi,37,Google Ads
4899,2026-03-13,Jaipur,38,Organic
4900,2026-07-07,Bengaluru,54,Organic
4901,2026-01-17,Chennai,44,Organic
4902,2026-07-01,Gurugram,21,Organic
4903,2026-07-08,Delhi,29,Google Ads
4904,2026-02-23,Delhi,38,Referral
4905,2026-06-28,Bengaluru,35,Referral
4906,2026-02-03,Jaipur,52,Instagram
4907,2026-02-02,Mumbai,36,Instagram
4908,2026-02-19,Delhi,29,Instagram
4909,2026-04-17,Hyderabad,24,Instagram
4910,2026-04-12,Gurugram,21,Organic
4911,2026-07-31,Delhi,43,Organic
4912,2026-06-02,Gurugram,49,Instagram
4913,2026-04-02,Chennai,27,Organic
4914,2026-02-27,Bengaluru,25,Organic
4915,2026-06-16,Bengaluru,26,Instagram
4916,2026-07-28,Mumbai,51,Google Ads
4917,2026-06-05,Delhi,31,Organic
4918,2026-05-16,Gurugram,28,Referral
4919,2026-01-08,Pune,36,Referral
4920,2026-07-09,Pune,25,Organic
4921,2026-04-11,Bengaluru,30,Organic
4922,2026-07-25,Gurugram,28,Instagram
4923,2026-01-04,Delhi,44,Instagram
4924,2026-04-05,Chennai,46,Instagram
4925,2026-07-12,Delhi,45,Google Ads
4926,2026-04-11,Bengaluru,26,Organic
4927,2026-07-25,Chennai,44,Instagram
4928,2026-03-19,Pune,37,Instagram
4929,2026-01-10,Jaipur,48,Instagram
4930,2026-02-20,Pune,33,Organic
4931,2026-05-26,Chennai,43,Google Ads
4932,2026-06-15,Chennai,31,Instagram
4933,2026-02-03,Bengaluru,45,Google Ads
4934,2026-01-31,Mumbai,39,Referral
4935,2026-03-07,Gurugram,47,Organic
4936,2026-07-09,Hyderabad,41,Google Ads
4937,2026-02-08,Mumbai,53,Referral
4938,2026-06-12,Delhi,55,Organic
4939,2026-06-02,Mumbai,47,Google Ads
4940,2026-03-03,Pune,26,Organic
4941,2026-05-27,Chennai,37,Google Ads
4942,2026-05-24,Hyderabad,36,Referral
4943,2026-07-04,Pune,50,Referral
4944,2026-02-17,Hyderabad,24,Instagram
4945,2026-03-02,Gurugram,36,Google Ads
4946,2026-02-21,Delhi,36,Google Ads
4947,2026-06-30,Hyderabad,54,Instagram
4948,2026-01-08,Hyderabad,38,Instagram
4949,2026-04-30,Chennai,38,Instagram
4950,2026-07-23,Jaipur,46,Organic
4951,2026-07-04,Pune,42,Referral
4952,2026-04-03,Gurugram,48,Instagram
4953,2026-05-01,Pune,46,Instagram
4954,2026-07-06,Chennai,25,Instagram
4955,2026-03-13,Bengaluru,26,Google Ads
4956,2026-03-15,Hyderabad,22,Instagram
4957,2026-01-03,Hyderabad,40,Instagram
4958,2026-07-28,Hyderabad,32,Organic
4959,2026-06-02,Bengaluru,41,Organic
4960,2026-04-06,Chennai,46,Instagram
4961,2026-04-25,Bengaluru,28,Referral
4962,2026-03-03,Delhi,50,Referral
4963,2026-03-12,Bengaluru,36,Instagram
4964,2026-07-03,Mumbai,38,Google Ads
4965,2026-02-01,Pune,24,Referral
4966,2026-03-09,Gurugram,36,Organic
4967,2026-02-10,Chennai,28,Instagram
4968,2026-03-23,Pune,34,Organic
4969,2026-01-15,Jaipur,47,Google Ads
4970,2026-07-17,Jaipur,35,Google Ads
4971,2026-06-24,Delhi,22,Instagram
4972,2026-06-25,Mumbai,52,Referral
4973,2026-07-30,Hyderabad,31,Google Ads
4974,2026-01-31,Mumbai,44,Organic
4975,2026-04-25,Mumbai,38,Instagram
4976,2026-02-23,Hyderabad,38,Organic
4977,2026-02-15,Chennai,53,Organic
4978,2026-03-08,Pune,52,Google Ads
4979,2026-05-08,Gurugram,31,Referral
4980,2026-07-28,Delhi,54,Instagram
4981,2026-03-29,Bengaluru,35,Referral
4982,2026-04-29,Jaipur,29,Organic
4983,2026-04-13,Hyderabad,47,Google Ads
4984,2026-04-30,Delhi,28,Google Ads
4985,2026-01-16,Delhi,43,Referral
4986,2026-07-28,Jaipur,55,Google Ads
4987,2026-04-05,Hyderabad,54,Organic
4988,2026-01-12,Delhi,22,Referral
4989,2026-05-04,Bengaluru,29,Google Ads
4990,2026-02-17,Hyderabad,50,Organic
4991,2026-02-19,Mumbai,48,Google Ads
4992,2026-03-19,Gurugram,28,Organic
4993,2026-02-25,Chennai,54,Referral
4994,2026-06-27,Mumbai,52,Referral
4995,2026-01-09,Gurugram,28,Google Ads
4996,2026-06-09,Hyderabad,43,Organic
4997,2026-05-13,Chennai,32,Referral
4998,2026-01-07,Bengaluru,52,Organic
4999,2026-03-30,Bengaluru,44,Referral
5000,2026-04-01,Gurugram,36,Google Ads
